order_id,customer_id,order_date,warehouse,origin_city,destination_city,distance_km,product_category,quantity,weight_kg,shipping_mode,delivery_partner,shipping_cost,fuel_cost,warehouse_processing_hours,dispatch_date,expected_delivery_date,actual_delivery_date,delivery_status,customer_rating,damage_flag,return_flag
ORD101253,CUST12780,2025-03-12,Bengaluru,Bengaluru,Chennai,451.7,Home & Kitchen,7,5.51,Road,DTDC,2044.56,381.66,8.36,2025-03-14,2025-03-19,2025-03-24,Delayed,3.0,No,No
ORD102838,CUST11842,2025-12-02,Delhi,Delhi,Surat,592.8,Automotive,1,1.05,Road,Delhivery,2582.7,385.02,10.33,2025-12-05,2025-12-12,2025-12-12,Delivered,4.0,No,No
ORD103457,CUST10940,2025-04-21,Pune,Pune,Nagpur,191.9,Clothing,3,9.09,Rail,Shadowfax,817.23,185.83,8.88,2025-04-23,2025-04-28,2025-04-28,Delivered,5.0,No,No
ORD100061,CUST10263,2025-02-21,Pune,Pune,Coimbatore,376.4,Clothing,7,1.34,Road,Blue Dart,1713.22,386.35,10.18,2025-02-24,2025-03-02,2025-03-04,Delayed,3.0,No,No
ORD103947,CUST12467,2025-08-22,Mumbai,Mumbai,Delhi,895.3,Sports,5,3.95,Road,XpressBees,3980.06,990.42,11.17,2025-08-24,2025-08-30,2025-08-30,Delivered,4.0,No,No
ORD102587,CUST10647,2025-03-12,Chennai,Chennai,Delhi,528.5,Sports,5,3.2,Air,Shadowfax,4732.19,316.96,4.9,2025-03-13,2025-03-16,2025-03-16,Delivered,5.0,No,No
ORD104185,CUST12046,2025-03-05,Pune,Pune,Visakhapatnam,849.0,Books,6,6.83,Road,Ecom Express,3884.61,882.45,6.88,2025-03-06,2025-03-13,2025-03-13,Delivered,4.0,No,No
ORD103311,CUST11770,2025-11-09,Delhi,Delhi,Kolkata,579.9,Beauty,1,5.63,Road,Delhivery,2568.07,492.37,6.7,2025-11-12,2025-11-18,2025-11-18,Delivered,4.0,No,No
ORD100567,CUST10394,2025-02-17,Hyderabad,Hyderabad,Pune,480.1,Clothing,2,2.0,Air,Ecom Express,4515.79,343.26,9.68,2025-02-19,2025-02-22,2025-02-22,Delivered,4.0,No,No
ORD104497,CUST10036,2025-09-19,Pune,Pune,Hyderabad,317.4,Automotive,6,1.99,Rail,Ecom Express,1063.3,270.19,11.8,2025-09-21,2025-09-28,2025-10-03,Delayed,3.0,No,No
ORD100306,CUST12173,2025-05-09,Mumbai,Mumbai,Lucknow,189.2,Books,1,1.96,Road,DTDC,832.94,207.06,6.27,2025-05-11,2025-05-17,2025-05-18,Delayed,5.0,No,No
ORD100023,CUST12214,2025-07-01,Delhi,Delhi,Indore,632.0,Home & Kitchen,5,16.09,Road,Delhivery,2975.35,513.6,8.01,2025-07-03,2025-07-08,2025-07-15,Delayed,4.0,No,No
ORD101665,CUST12064,2025-11-30,Mumbai,Mumbai,Delhi,74.0,Home & Kitchen,6,5.14,Express,Blue Dart,612.19,36.88,8.5,2025-12-02,2025-12-05,2025-12-05,Delivered,4.0,No,No
ORD103486,CUST11324,2025-02-07,Pune,Pune,Lucknow,427.8,Books,3,9.52,Road,Blue Dart,2041.98,231.62,8.13,2025-02-09,2025-02-14,2025-02-18,Delayed,5.0,No,No
ORD101934,CUST10217,2025-02-23,Mumbai,Mumbai,Visakhapatnam,595.4,Beauty,3,1.7,Road,XpressBees,2431.97,636.94,7.56,2025-02-25,2025-03-03,2025-03-06,Delayed,3.0,No,No
ORD103450,CUST11753,2025-06-23,Delhi,Delhi,Indore,326.1,Beauty,3,3.85,Express,Delhivery,2409.22,354.71,7.83,2025-06-26,2025-06-29,2025-06-29,Delivered,4.0,No,No
ORD100304,CUST12769,2025-04-21,Chennai,Chennai,Bengaluru,522.2,Automotive,2,7.07,Road,XpressBees,2271.74,437.19,6.95,2025-04-23,2025-04-29,2025-04-29,Delivered,5.0,No,Yes
ORD102655,CUST11025,2025-04-27,Delhi,Delhi,Nagpur,263.7,Clothing,5,10.49,Road,Delhivery,1381.41,216.47,9.93,2025-04-30,2025-05-05,2025-05-05,Delivered,4.0,No,No
ORD100034,CUST11683,2025-06-30,Pune,Pune,Indore,371.9,Books,1,10.48,Air,XpressBees,3513.98,229.44,11.34,2025-07-03,2025-07-07,2025-07-07,Delivered,4.0,No,No
ORD100996,CUST10563,2025-06-25,Hyderabad,Hyderabad,Jaipur,173.7,Sports,7,0.9,Road,Blue Dart,717.99,227.8,7.47,2025-06-27,2025-07-02,2025-07-02,Delivered,3.0,No,No
ORD100138,CUST10777,2025-06-03,Mumbai,Mumbai,Surat,620.2,Automotive,3,5.96,Express,Delhivery,4432.5,463.64,11.32,2025-06-06,2025-06-09,2025-06-09,Delivered,4.0,No,No
ORD101397,CUST11497,2025-12-28,Hyderabad,Hyderabad,Coimbatore,714.7,Sports,6,3.99,Road,Ecom Express,3132.11,,3.48,2025-12-30,2026-01-05,2026-01-07,Delayed,4.0,No,No
ORD102441,CUST12748,2025-07-09,Bengaluru,Bengaluru,Kochi,458.7,Sports,1,8.28,Road,XpressBees,2044.98,327.66,10.07,2025-07-12,2025-07-19,2025-07-25,Delayed,4.0,No,No
ORD102726,CUST11107,2025-11-24,Pune,Pune,Visakhapatnam,129.8,Beauty,3,7.88,Rail,Ecom Express,727.57,139.93,8.29,2025-11-26,2025-12-01,2025-12-02,Delayed,4.0,No,No
ORD100925,CUST11812,2025-02-08,Pune,Pune,Nagpur,445.6,Clothing,3,5.12,Road,Blue Dart,2006.71,281.06,7.62,2025-02-10,2025-02-16,2025-02-16,Delivered,4.0,No,No
ORD101234,CUST12132,2025-10-25,Hyderabad,Hyderabad,Coimbatore,441.3,Books,7,0.58,Rail,XpressBees,1571.12,322.37,7.44,2025-10-26,2025-11-02,2025-11-04,Delayed,4.0,No,No
ORD103589,CUST11279,2025-02-21,Delhi,Delhi,Visakhapatnam,126.5,Electronics,1,4.98,Road,Blue Dart,599.5,113.4,8.46,2025-02-24,2025-03-01,2025-03-01,Delivered,4.0,No,No
ORD104336,CUST10521,2025-01-28,Chennai,Chennai,Indore,476.7,Electronics,6,1.9,Road,XpressBees,2131.42,451.86,8.53,2025-01-30,2025-02-05,2025-02-05,Delivered,4.0,No,No
ORD103819,CUST10511,2025-05-08,Pune,Pune,Visakhapatnam,512.6,Books,5,2.31,Road,XpressBees,2138.84,341.43,5.28,2025-05-10,2025-05-17,2025-05-17,Delivered,4.0,No,No
ORD102700,CUST12270,2025-08-11,Hyderabad,Hyderabad,Nagpur,609.3,Grocery,3,1.75,Rail,Blue Dart,1945.59,447.44,6.97,2025-08-13,2025-08-20,2025-08-26,Delayed,3.0,No,No
ORD102060,CUST12026,2025-05-24,Delhi,Delhi,Kolkata,413.5,Home & Kitchen,7,7.5,Road,Shadowfax,2030.92,332.09,12.61,2025-05-27,2025-06-02,2025-06-02,Delivered,5.0,No,No
ORD101893,CUST11534,2025-08-16,Hyderabad,Hyderabad,Jaipur,291.1,Automotive,3,1.22,Air,Delhivery,2730.05,317.63,8.84,2025-08-19,2025-08-20,2025-08-20,Delivered,5.0,No,No
ORD103207,CUST11235,2025-02-01,Chennai,Chennai,Bhopal,154.6,Beauty,3,4.46,Express,Ecom Express,1224.66,81.71,9.18,2025-02-04,2025-02-07,2025-02-07,Delivered,5.0,No,No
ORD104371,CUST12728,2025-03-08,Delhi,Delhi,Lucknow,319.7,Clothing,6,2.97,Road,Blue Dart,1615.58,236.8,8.96,2025-03-10,2025-03-15,2025-03-15,Delivered,5.0,No,No
ORD102198,CUST12728,2025-02-06,Chennai,Chennai,Surat,90.1,Grocery,4,4.43,Air,XpressBees,928.7,118.23,7.59,2025-02-08,2025-02-10,2025-02-10,Delivered,4.0,No,No
ORD103449,CUST12128,2025-02-23,Bengaluru,Bengaluru,Nagpur,1278.2,Home & Kitchen,2,4.24,Express,Delhivery,8969.31,1420.68,10.85,2025-02-26,2025-03-05,2025-03-05,Delivered,4.0,No,No
ORD100221,CUST11412,2025-04-06,Pune,Pune,Vijayawada,610.0,Sports,3,8.12,Air,XpressBees,5583.72,408.28,8.06,2025-04-08,2025-04-11,2025-04-12,Delayed,3.0,No,Yes
ORD104461,CUST11511,2025-12-25,Delhi,Delhi,Hyderabad,97.0,Clothing,6,12.66,Road,DTDC,745.99,104.23,4.36,2025-12-26,2025-12-31,2025-12-31,Delivered,5.0,No,No
ORD101641,CUST12056,2025-02-02,Mumbai,Mumbai,Visakhapatnam,766.1,Automotive,4,2.19,Air,Shadowfax,6933.83,658.55,11.53,2025-02-05,2025-02-08,2025-02-08,Delivered,4.0,No,No
ORD103155,CUST11306,2025-11-03,Delhi,Delhi,Chennai,132.1,Clothing,1,4.03,Air,Delhivery,1385.97,107.57,14.48,2025-11-06,2025-11-09,2025-11-09,Delivered,5.0,No,No
ORD102035,CUST10735,2025-10-10,Bengaluru,Bengaluru,Ahmedabad,53.2,Books,5,5.28,Road,Delhivery,351.47,49.95,6.17,2025-10-12,2025-10-18,2025-10-18,Delivered,5.0,No,No
ORD102113,CUST12605,2025-07-24,Mumbai,Mumbai,Bhopal,209.7,Sports,2,3.89,Road,Ecom Express,845.99,226.41,7.88,2025-07-26,2025-07-31,2025-07-31,Delivered,4.0,No,No
ORD101204,CUST10914,2025-02-20,Hyderabad,Hyderabad,Visakhapatnam,63.4,Clothing,3,6.82,Air,Shadowfax,690.19,39.01,7.78,2025-02-22,2025-02-24,2025-02-24,Delivered,5.0,No,No
ORD103198,CUST10245,2025-07-10,Chennai,Chennai,Pune,235.4,Grocery,2,6.39,Road,Blue Dart,1085.38,221.5,8.42,2025-07-13,2025-07-18,2025-07-25,Delayed,4.0,No,No
ORD102898,CUST11762,2025-02-10,Bengaluru,Bengaluru,Pune,443.9,Home & Kitchen,7,9.7,Road,Ecom Express,1976.97,485.39,2.95,2025-02-13,2025-02-19,2025-02-19,Delivered,5.0,No,No
ORD100228,CUST10174,2025-09-21,Bengaluru,Bengaluru,Lucknow,175.1,Home & Kitchen,6,5.29,road,Ecom Express,938.91,229.78,9.54,2025-09-24,2025-09-29,2025-09-29,Delivered,5.0,No,No
ORD103331,CUST12683,2025-10-28,Delhi,Delhi,Pune,526.1,Home & Kitchen,6,1.02,Road,DTDC,2177.93,593.37,8.94,2025-10-30,2025-11-03,2025-11-03,Delivered,4.0,No,No
ORD102303,CUST11852,2025-09-06,Chennai,Chennai,Kochi,604.1,Electronics,2,1.11,Rail,XpressBees,,563.76,6.9,2025-09-07,2025-09-14,2025-09-21,Delayed,3.0,No,No
ORD101272,CUST11376,2025-05-23,Pune,Pune,Lucknow,189.2,Grocery,1,0.62,Air,Blue Dart,1627.36,165.03,9.43,2025-05-26,2025-05-30,2025-05-30,Delivered,4.0,No,No
ORD103342,CUST11343,2025-08-13,Bengaluru,Bengaluru,Hyderabad,280.3,Electronics,2,2.69,Air,ecom express,2751.47,277.83,10.96,2025-08-16,2025-08-20,2025-08-20,Delivered,4.0,No,No
ORD100072,CUST10648,2025-08-13,Bengaluru,Bengaluru,Pune,402.2,Clothing,3,4.82,Road,Blue Dart,1829.29,325.58,6.81,2025-08-15,2025-08-19,2025-08-19,Delivered,3.0,No,No
ORD102203,CUST12685,2025-11-30,Delhi,Delhi,Mumbai,502.4,Books,4,3.41,Air,Shadowfax,4566.21,528.35,9.65,2025-12-03,2025-12-07,2025-12-08,Delayed,3.0,No,No
ORD102814,CUST12362,2025-12-29,Hyderabad,Hyderabad,Bhopal,856.2,Home & Kitchen,2,1.97,Road,Blue Dart,3595.31,991.72,7.8,2025-12-31,2026-01-05,2026-01-05,Delivered,5.0,No,No
ORD103630,CUST12347,2025-05-02,Delhi,Delhi,Nagpur,534.5,Sports,1,2.66,Express,Ecom Express,3704.23,513.96,11.56,2025-05-05,2025-05-07,2025-05-07,Delivered,4.0,No,No
ORD103518,CUST11166,2025-01-24,Chennai,Chennai,Lucknow,331.4,Sports,7,18.03,Rail,DTDC,1416.62,296.5,8.07,2025-01-27,2025-02-02,2025-02-02,Delivered,4.0,No,No
ORD101448,CUST12735,2025-10-14,Hyderabad,Hyderabad,Bhopal,837.0,Grocery,5,6.47,Rail,Shadowfax,2916.22,855.35,6.35,2025-10-16,2025-10-24,2025-10-24,Delivered,4.0,No,No
ORD103165,CUST12315,2025-06-11,Chennai,Chennai,Lucknow,458.3,Electronics,1,1.19,Road,Ecom Express,2059.05,429.67,6.9,2025-06-13,2025-06-18,2025-06-25,Delayed,,No,No
ORD101864,CUST12519,2025-06-20,Pune,Pune,Kochi,895.7,Electronics,7,5.64,Road,DTDC,3915.89,927.71,13.75,2025-06-23,2025-06-30,2025-06-30,Delivered,4.0,No,No
ORD104628,CUST10754,2025-05-02,Hyderabad,Hyderabad,Ahmedabad,626.5,Grocery,2,4.38,Road,XpressBees,2794.61,432.92,6.81,2025-05-05,2025-05-11,2025-05-16,Delayed,4.0,No,No
ORD103975,CUST12049,2025-04-27,Chennai,Chennai,Lucknow,402.0,Electronics,7,2.86,Air,DTDC,3783.79,399.96,8.49,2025-04-28,2025-05-01,2025-05-01,Delivered,5.0,No,No
ORD103799,CUST10655,2025-05-26,Bengaluru,Bengaluru,Surat,129.1,Books,1,13.32,Air,Blue Dart,1403.21,147.02,10.27,2025-05-28,2025-05-31,2025-05-31,Delivered,5.0,No,No
ORD104862,CUST12406,2025-09-01,Bengaluru,Bengaluru,Chennai,701.3,Books,1,7.51,Road,Delhivery,2949.81,438.27,6.82,2025-09-03,2025-09-11,2025-09-11,Delivered,4.0,No,Yes
ORD100235,CUST10197,2025-03-02,Pune,Pune,Ahmedabad,328.3,Home & Kitchen,5,8.78,Air,XpressBees,3224.05,288.75,12.74,2025-03-05,2025-03-08,2025-03-08,Delivered,5.0,No,No
ORD104980,CUST10793,2025-12-09,Bengaluru,Bengaluru,Chennai,516.2,Electronics,2,5.88,Road,Blue Dart,2332.99,497.5,8.5,2025-12-12,2025-12-17,2025-12-17,Delivered,5.0,No,No
ORD104173,CUST12679,2025-11-30,Mumbai,Mumbai,Nagpur,329.3,Books,3,4.67,Rail,Delhivery,1128.47,347.18,7.77,2025-12-02,2025-12-09,2025-12-09,Delivered,5.0,No,No
ORD101260,CUST11482,2025-08-26,Delhi,Delhi,Pune,380.6,Grocery,7,16.42,Road,Delhivery,2092.56,192.88,9.38,2025-08-28,2025-09-01,2025-09-01,Delivered,5.0,No,No
ORD104595,CUST12427,2025-05-27,Pune,Pune,Delhi,616.3,Electronics,4,1.97,Express,XpressBees,4309.54,490.48,6.28,2025-05-29,2025-05-31,2025-06-02,Delayed,3.0,No,No
ORD100299,CUST11366,2025-08-30,Hyderabad,Hyderabad,Pune,429.5,Books,4,3.46,Air,Delhivery,4002.51,605.9,10.69,2025-09-01,2025-09-04,2025-09-04,Delivered,4.0,No,No
ORD100376,CUST11527,2025-08-31,Chennai,Chennai,Kolkata,212.8,Home & Kitchen,6,10.14,Road,Ecom Express,1109.82,,7.74,2025-09-03,2025-09-08,2025-09-12,Delayed,4.0,No,No
ORD102328,CUST12629,2025-01-08,Hyderabad,Hyderabad,Coimbatore,115.7,Sports,6,4.86,Road,DTDC,813.71,93.92,9.5,2025-01-11,2025-01-16,2025-01-16,Delivered,4.0,No,No
ORD104133,CUST10462,2025-11-17,Pune,Pune,Bengaluru,389.5,Sports,7,2.14,Air,Ecom Express,3566.55,351.25,8.85,2025-11-19,2025-11-23,2025-11-23,Delivered,5.0,No,No
ORD100526,CUST12723,2025-06-19,Pune,Pune,Mumbai,136.4,Beauty,6,9.93,Road,XpressBees,834.15,66.56,6.3,2025-06-21,2025-06-25,2025-06-28,Delayed,4.0,No,No
ORD100191,CUST10382,2025-07-12,Hyderabad,Hyderabad,Pune,305.4,Sports,2,6.39,Road,Shadowfax,1442.0,235.73,3.79,2025-07-14,2025-07-20,2025-07-20,Delivered,4.0,No,No
ORD102161,CUST10009,2025-06-01,Bengaluru,Bengaluru,Chennai,472.1,Automotive,5,4.6,Air,Shadowfax,4399.75,327.61,10.28,2025-06-04,2025-06-06,2025-06-06,Delivered,4.0,No,No
ORD102319,CUST10723,2025-03-30,Mumbai,Mumbai,Chennai,98.7,Home & Kitchen,2,10.37,Rail,XpressBees,347.63,63.07,12.64,2025-04-01,2025-04-06,2025-04-06,Delivered,4.0,No,No
ORD102507,CUST12205,2025-09-29,Bengaluru,Bengaluru,Surat,299.1,Sports,3,4.91,Road,DTDC,1404.53,187.28,9.36,2025-10-02,2025-10-07,2025-10-07,Delivered,3.0,No,No
ORD100894,CUST10493,2025-11-18,Bengaluru,Bengaluru,Lucknow,87.6,Clothing,6,1.25,Road,DTDC,535.32,132.19,6.51,2025-11-19,2025-11-21,2025-11-21,Delivered,5.0,No,No
ORD102033,CUST11304,2025-04-08,Bengaluru,Bengaluru,Lucknow,1029.4,Books,7,13.64,Rail,Shadowfax,3714.12,728.46,7.42,2025-04-09,2025-04-16,2025-04-16,Delivered,5.0,No,No
ORD101668,CUST10511,2025-04-21,Hyderabad,Hyderabad,Bhopal,416.8,Clothing,3,4.49,Road,XpressBees,1789.77,448.08,8.83,2025-04-23,2025-04-28,2025-04-28,Delivered,4.0,No,No
ORD104849,CUST11038,2025-03-20,Delhi,Delhi,Hyderabad,153.9,Electronics,1,2.74,Air,DTDC,1369.66,86.78,8.3,2025-03-23,2025-03-25,2025-03-25,Delivered,5.0,No,No
ORD104854,CUST10912,2025-12-25,Mumbai,Mumbai,Visakhapatnam,252.1,Grocery,3,0.58,Rail,Shadowfax,852.15,233.67,8.22,2025-12-28,2026-01-02,2026-01-03,Delayed,5.0,No,No
ORD101114,CUST12474,2025-12-10,Mumbai,Mumbai,Pune,597.2,Home & Kitchen,1,1.58,Road,Blue Dart,2533.59,639.01,8.05,2025-12-12,2025-12-18,2025-12-18,Delivered,4.0,No,No
ORD100244,CUST12085,2025-10-14,Bengaluru,Bengaluru,Jaipur,474.4,Sports,1,4.87,Road,Shadowfax,2065.74,404.59,9.63,2025-10-16,2025-10-21,2025-10-21,Delivered,4.0,No,No
ORD100971,CUST11863,2025-05-05,Pune,Pune,Vijayawada,152.0,Sports,1,6.6,Air,Delhivery,1508.48,83.77,10.68,2025-05-08,2025-05-11,2025-05-11,Delivered,4.0,No,No
ORD101944,CUST11350,2025-03-11,Hyderabad,Hyderabad,Bhopal,931.8,Automotive,4,5.55,Road,Delhivery,4000.83,662.44,8.45,2025-03-13,2025-03-18,2025-03-21,Delayed,3.0,No,No
ORD104151,CUST10515,2025-05-17,Delhi,Delhi,Ahmedabad,158.1,Beauty,3,2.52,Road,DTDC,754.3,126.26,7.03,2025-05-19,2025-05-25,2025-05-25,Delivered,4.0,No,No
ORD103608,CUST10775,2025-01-07,Bengaluru,Bengaluru,Mumbai,364.3,Beauty,7,5.73,Rail,Blue Dart,1284.22,422.4,10.56,2025-01-10,2025-01-16,2025-01-16,Delivered,4.0,No,No
ORD101856,CUST10320,2025-08-22,Chennai,Chennai,Visakhapatnam,787.1,Books,5,2.89,Road,Blue Dart,3524.97,,9.79,2025-08-24,2025-08-31,2025-08-31,Delivered,4.0,No,Yes
ORD100368,CUST11112,2025-08-01,Chennai,Chennai,Kolkata,143.0,Clothing,1,2.56,Air,DTDC,1347.07,168.19,8.18,2025-08-03,2025-08-06,2025-08-06,Delivered,4.0,No,No
ORD102299,CUST12754,2025-05-06,Chennai,Chennai,Bhopal,128.1,Beauty,2,15.78,Rail,XpressBees,696.31,149.94,7.41,2025-05-08,2025-05-14,2025-05-14,Delivered,5.0,Yes,No
ORD101271,CUST12593,2025-07-27,Hyderabad,Hyderabad,Bhopal,175.7,Home & Kitchen,5,1.63,Road,XpressBees,795.21,175.74,7.61,2025-07-29,2025-08-04,2025-08-04,Delivered,,No,No
ORD100879,CUST12533,2025-11-17,Bengaluru,Bengaluru,Indore,171.1,Automotive,4,5.82,Road,Delhivery,893.48,102.03,8.54,2025-11-19,2025-11-24,2025-11-26,Delayed,3.0,No,No
ORD103122,CUST11951,2025-06-15,Mumbai,Mumbai,Pune,270.4,Electronics,6,5.23,Rail,DTDC,916.32,259.18,10.42,2025-06-18,2025-06-23,2025-06-26,Delayed,4.0,No,No
ORD100974,CUST12106,2025-08-11,Mumbai,Mumbai,Indore,515.3,Grocery,6,2.01,Road,Ecom Express,2310.48,581.42,10.61,2025-08-14,2025-08-19,2025-08-19,Delivered,4.0,No,No
ORD100269,CUST12145,2025-04-30,Delhi,Delhi,Indore,480.3,Automotive,2,4.79,Rail,XpressBees,1596.06,357.19,7.42,2025-05-02,2025-05-09,2025-05-09,Delivered,4.0,No,No
ORD103743,CUST12375,2025-03-02,Pune,Pune,Surat,203.6,Books,7,2.87,Road,Ecom Express,1104.2,132.24,10.94,2025-03-05,2025-03-10,2025-03-10,Delivered,5.0,No,No
ORD103725,CUST12450,2025-01-30,Mumbai,Mumbai,Visakhapatnam,206.4,Beauty,4,4.22,Rail,Ecom Express,823.89,221.48,11.63,2025-02-02,2025-02-07,2025-02-07,Delivered,4.0,No,No
ORD101152,CUST10321,2025-08-03,Delhi,Delhi,Delhi,184.4,Beauty,2,0.74,Rail,Ecom Express,772.56,163.45,8.82,2025-08-06,2025-08-12,2025-08-14,Delayed,3.0,No,No
ORD104479,CUST10351,2025-07-15,Mumbai,Mumbai,Coimbatore,256.4,Electronics,5,7.91,Road,Ecom Express,1290.54,297.55,12.79,2025-07-18,2025-07-24,2025-07-24,Delivered,4.0,No,No
ORD102119,CUST10832,2025-03-08,Chennai,Chennai,Lucknow,341.1,Books,2,2.99,Road,DTDC,1568.04,333.75,10.66,2025-03-11,2025-03-17,2025-03-17,Delivered,4.0,No,No
ORD104868,CUST10722,2025-02-28,Hyderabad,Hyderabad,Vijayawada,299.4,Books,6,7.76,Express,Delhivery,2324.06,289.99,5.06,2025-03-01,2025-03-04,2025-03-04,Delivered,3.0,No,No
ORD100553,CUST11520,2025-09-12,Pune,Pune,Coimbatore,1169.8,Books,7,4.25,Air,Shadowfax,10763.92,824.14,10.48,2025-09-14,2025-09-20,2025-09-25,Delayed,4.0,No,No
ORD102656,CUST10115,2025-06-26,Delhi,Delhi,Indore,87.0,Beauty,6,5.19,Road,XpressBees,610.53,90.97,9.28,2025-06-29,2025-07-03,2025-07-03,Delivered,5.0,No,No
ORD101655,CUST12207,2025-09-23,Delhi,Delhi,Bhopal,199.9,Beauty,7,7.69,Road,Delhivery,1032.98,200.58,10.67,2025-09-27,2025-10-02,2025-10-02,Delivered,4.0,No,No
ORD103386,CUST10381,2025-03-22,Hyderabad,Hyderabad,Kolkata,150.8,Clothing,5,5.04,Road,XpressBees,692.55,160.54,6.75,2025-03-24,2025-03-29,2025-03-29,Delivered,5.0,No,No
ORD104263,CUST12732,2025-03-21,Mumbai,Mumbai,Vijayawada,534.8,Home & Kitchen,7,12.41,Express,Shadowfax,4038.3,625.7,5.5,2025-03-23,2025-03-27,2025-03-27,Delivered,4.0,No,No
ORD102922,CUST10433,2025-05-09,Hyderabad,Hyderabad,Chennai,88.8,Automotive,6,5.52,Road,Blue Dart,504.53,20.0,10.42,2025-05-12,2025-05-17,2025-05-17,Delivered,4.0,No,No
ORD101449,CUST10237,2025-05-28,Pune,Pune,Lucknow,235.7,Electronics,6,5.92,Road,Shadowfax,1112.76,272.4,10.54,2025-05-30,2025-06-04,2025-06-04,Delivered,4.0,No,No
ORD100680,CUST11216,2025-08-31,Pune,Pune,Vijayawada,485.2,Home & Kitchen,1,4.9,Road,DTDC,2223.72,396.75,6.5,2025-09-02,2025-09-07,2025-09-07,Delivered,4.0,No,No
ORD102834,CUST12577,2025-05-26,Delhi,Delhi,Ahmedabad,596.6,Grocery,1,1.59,Air,DTDC,5449.43,551.23,12.28,2025-05-29,2025-06-01,2025-06-01,Delivered,4.0,No,No
ORD104906,CUST12611,2025-06-14,Pune,Pune,Kolkata,98.8,Electronics,1,18.75,Air,Ecom Express,1259.69,107.4,11.07,2025-06-16,2025-06-17,2025-06-17,Delivered,5.0,No,No
ORD103430,CUST11211,2025-03-23,Delhi,Delhi,Chennai,136.9,Automotive,4,14.03,Road,Blue Dart,717.57,73.31,11.86,2025-03-26,2025-03-31,2025-03-31,Delivered,5.0,Yes,Yes
ORD102871,CUST11865,2025-03-30,Pune,Pune,Ahmedabad,331.0,Sports,3,4.58,Rail,Delhivery,1130.24,258.55,7.05,2025-04-01,2025-04-07,2025-04-07,Delivered,4.0,No,No
ORD102830,CUST10993,2025-06-03,Bengaluru,Bengaluru,Mumbai,498.8,Beauty,0,3.41,Road,Ecom Express,2167.43,418.32,8.18,2025-06-05,2025-06-12,2025-06-12,Delivered,3.0,No,No
ORD103557,CUST10566,2025-07-12,Mumbai,Mumbai,Delhi,185.5,Books,5,6.77,Express,XpressBees,1493.18,168.87,10.1,2025-07-14,2025-07-18,2025-07-18,Delivered,4.0,No,No
ORD102823,CUST12065,2025-02-16,Mumbai,Mumbai,Indore,406.0,Electronics,1,2.86,Air,Ecom Express,3618.77,333.58,11.26,2025-02-18,2025-02-21,2025-02-21,Delivered,3.0,No,No
ORD102682,CUST10289,2025-11-09,Chennai,Chennai,Kolkata,776.4,Electronics,3,2.01,Road,XpressBees,3487.64,804.94,7.23,2025-11-11,2025-11-18,2025-11-19,Delayed,3.0,No,No
ORD104380,CUST12715,2025-02-02,Hyderabad,Hyderabad,Coimbatore,393.5,Clothing,3,5.43,Road,XpressBees,1786.93,447.68,5.38,2025-02-04,2025-02-10,2025-02-10,Delivered,4.0,No,No
ORD100607,CUST10561,2025-05-16,Mumbai,Mumbai,Delhi,609.6,Clothing,3,2.21,Road,XpressBees,2746.46,569.28,10.0,2025-05-19,2025-05-24,2025-05-24,Delivered,5.0,No,No
ORD104852,CUST10034,2025-12-05,Mumbai,Mumbai,Lucknow,126.9,Beauty,5,17.85,Express,Delhivery,1336.92,86.66,8.76,2025-12-07,2025-12-10,2025-12-10,Delivered,5.0,No,No
ORD101307,CUST10350,2025-02-21,Hyderabad,Hyderabad,Nagpur,614.0,Sports,4,1.63,Road,XpressBees,2603.54,543.37,9.39,2025-02-24,2025-03-02,2025-03-02,Delivered,4.0,No,No
ORD103654,CUST12512,2025-08-18,Bengaluru,Bengaluru,Mumbai,251.2,Clothing,4,3.92,Air,Delhivery,2341.51,336.87,9.04,2025-08-20,2025-08-23,2025-08-23,Delivered,4.0,No,Yes
ORD102908,CUST10106,2025-01-18,Pune,Pune,Delhi,188.8,Books,1,13.13,Rail,XpressBees,808.97,243.03,12.74,2025-01-21,2025-01-27,2025-01-27,Delivered,3.0,No,No
ORD100833,CUST10997,2025-02-23,Delhi,Delhi,Bengaluru,331.7,Sports,6,10.62,Road,XpressBees,1610.04,347.0,11.07,2025-02-26,2025-03-05,2025-03-05,Delivered,4.0,No,No
ORD100677,CUST10463,2025-03-29,Hyderabad,Hyderabad,Pune,828.9,Books,6,4.26,Road,XpressBees,3482.81,534.22,5.08,2025-03-31,2025-04-05,2025-04-05,Delivered,4.0,No,No
ORD104800,CUST11019,2025-04-21,Delhi,Delhi,Pune,549.9,Electronics,3,5.26,Express,DTDC,4117.57,532.04,10.61,2025-04-24,2025-04-28,2025-04-28,Delivered,5.0,No,No
ORD100494,CUST10823,2025-09-20,Pune,Pune,Visakhapatnam,239.1,Electronics,5,2.12,Rail,Ecom Express,906.5,273.72,6.62,2025-09-22,2025-09-28,2025-09-28,Delivered,4.0,No,Yes
ORD101174,CUST10756,2025-11-15,Bengaluru,Bengaluru,Kochi,746.1,Clothing,4,2.24,Air,XpressBees,6782.18,623.57,10.2,2025-11-18,2025-11-21,2025-11-23,Delayed,3.0,No,No
ORD104443,CUST11570,2025-05-12,Hyderabad,Hyderabad,Chennai,267.0,Automotive,7,2.89,Road,Blue Dart,1213.83,349.22,,2025-05-14,2025-05-18,2025-05-18,Delivered,4.0,No,No
ORD102781,CUST10835,2025-05-08,Chennai,Chennai,Mumbai,390.5,Sports,3,6.44,Air,Blue Dart,3566.57,418.33,2.26,2025-05-10,2025-05-14,2025-05-14,Delivered,4.0,No,No
ORD104933,CUST11032,2025-10-07,Bengaluru,Bengaluru,Vijayawada,336.9,Grocery,3,4.13,Road,XpressBees,1569.68,370.21,6.4,2025-10-09,2025-10-15,2025-10-15,Delivered,4.0,Yes,No
ORD101338,CUST10445,2025-02-06,Pune,Pune,Visakhapatnam,484.3,Beauty,1,5.64,Rail,DTDC,1694.8,390.35,9.34,2025-02-09,2025-02-15,2025-02-15,Delivered,4.0,No,No
ORD101886,CUST10550,2025-01-28,Pune,Pune,Indore,441.4,Automotive,4,9.03,Express,Shadowfax,3277.71,516.41,9.74,2025-01-31,2025-02-03,2025-02-03,Delivered,3.0,No,No
ORD104994,CUST10666,2025-11-27,Bengaluru,Bengaluru,Jaipur,762.2,Home & Kitchen,6,3.61,Road,Shadowfax,3399.62,653.91,8.45,2025-11-29,2025-12-05,2025-12-05,Delivered,4.0,No,No
ORD104797,CUST10767,2025-04-08,Mumbai,Mumbai,Bhopal,220.2,Beauty,4,1.97,Air,XpressBees,-100.0,265.02,9.88,2025-04-11,2025-04-13,2025-04-13,Delivered,4.0,No,No
ORD100276,CUST11567,2025-03-05,Delhi,Delhi,Kolkata,211.9,Books,2,7.58,Rail,Shadowfax,699.74,148.68,5.89,2025-03-06,2025-03-12,2025-03-13,Delayed,3.0,No,No
ORD103351,CUST11193,2025-04-02,Delhi,Delhi,Indore,1010.0,Automotive,4,6.27,Air,Shadowfax,9256.81,1121.44,9.03,2025-04-05,2025-04-08,2025-04-08,Delivered,3.0,No,No
ORD104005,CUST10741,2025-03-04,Delhi,Delhi,Lucknow,1124.1,Sports,4,1.1,Road,Delhivery,4780.54,1160.34,5.83,2025-03-07,2025-03-15,2025-03-18,Delayed,3.0,No,No
ORD101685,CUST12438,2025-03-23,Mumbai,Mumbai,Indore,411.0,Grocery,7,4.71,Express,Blue Dart,3012.08,410.87,10.15,2025-03-26,2025-03-29,2025-03-29,Delivered,4.0,No,No
ORD104810,CUST10937,2025-04-30,Bengaluru,Bengaluru,Bhopal,33.1,Automotive,1,16.01,Road,XpressBees,410.14,69.13,8.92,2025-05-02,2025-05-07,2025-05-07,Delivered,4.0,No,No
ORD104530,CUST10880,2025-10-13,Mumbai,Mumbai,Kochi,431.0,Clothing,4,5.19,Road,Shadowfax,2051.98,510.74,7.29,2025-10-15,2025-10-20,2025-10-20,Delivered,4.0,Yes,No
ORD100719,CUST10191,2025-10-23,Mumbai,Mumbai,Vijayawada,399.0,Grocery,3,5.74,Air,Shadowfax,3716.43,389.24,11.65,2025-10-26,2025-10-29,2025-10-31,Delayed,4.0,No,Yes
ORD100797,CUST10218,2025-06-21,Delhi,Delhi,Hyderabad,234.8,Sports,3,3.89,Air,XpressBees,2218.33,226.39,8.09,2025-06-24,2025-06-26,2025-06-26,Delivered,4.0,No,No
ORD101277,CUST11778,2025-10-06,Delhi,Delhi,Hyderabad,279.2,Automotive,5,2.25,Rail,Blue Dart,1009.5,263.71,6.3,2025-10-08,2025-10-14,2025-10-14,Delivered,4.0,No,No
ORD103509,CUST10354,2025-07-01,Pune,Pune,Vijayawada,316.8,Automotive,4,1.17,Air,Blue Dart,2898.88,247.46,6.38,2025-07-03,2025-07-06,2025-07-06,Delivered,4.0,No,No
ORD101611,CUST11686,2025-03-29,Hyderabad,Hyderabad,Delhi,480.0,Electronics,2,1.37,Road,Blue Dart,2079.6,487.16,6.86,2025-03-31,2025-04-06,2025-04-06,Delivered,5.0,No,Yes
ORD100801,CUST11815,2025-04-06,Bengaluru,Bengaluru,Chennai,303.7,Home & Kitchen,2,9.52,Road,DTDC,1357.45,365.59,11.21,2025-04-08,2025-04-13,2025-04-13,Delivered,5.0,No,Yes
ORD103018,CUST12190,2025-07-29,Hyderabad,Hyderabad,Kolkata,195.1,Sports,3,1.39,Rail,Delhivery,787.96,140.45,5.8,2025-07-30,2025-08-04,2025-08-04,Delivered,4.0,No,No
ORD102345,CUST12517,2025-09-15,Hyderabad,Hyderabad,,173.0,Grocery,4,2.72,Road,Delhivery,930.82,228.6,7.06,2025-09-17,2025-09-22,2025-09-22,Delivered,5.0,No,No
ORD103639,CUST10399,2025-07-08,Bengaluru,Bengaluru,Indore,814.3,Sports,5,1.19,Rail,Shadowfax,2648.0,551.94,6.8,2025-07-10,2025-07-17,2025-07-17,Delivered,4.0,No,No
ORD102411,CUST10334,2025-01-17,Pune,Pune,Jaipur,276.2,Grocery,4,4.99,Road,XpressBees,1341.65,225.98,11.51,2025-01-20,2025-01-25,2025-01-25,Delivered,5.0,No,No
ORD102538,CUST12682,2025-02-22,Chennai,Chennai,Indore,757.2,Books,2,2.17,Road,DTDC,3204.13,645.75,5.09,2025-02-24,2025-03-03,2025-03-08,Delayed,3.0,No,No
ORD101639,CUST12616,2025-12-23,Mumbai,Mumbai,Hyderabad,407.7,Automotive,4,1.47,Air,Ecom Express,3702.84,375.75,9.27,2025-12-25,2025-12-28,2025-12-28,Delivered,4.0,No,No
ORD102623,CUST12255,2025-01-06,Delhi,Delhi,Kochi,510.0,Beauty,4,2.57,Road,Delhivery,2214.31,515.4,10.02,2025-01-08,2025-01-14,2025-01-14,Delivered,4.0,No,No
ORD103729,CUST10903,2025-06-16,Chennai,Chennai,Kochi,205.2,Electronics,2,9.14,Road,DTDC,1121.95,120.33,11.7,2025-06-19,2025-06-23,2025-06-23,Delivered,4.0,No,No
ORD102256,CUST10323,2025-06-28,Hyderabad,Hyderabad,Ahmedabad,65.8,Home & Kitchen,6,7.15,Road,Delhivery,584.45,69.2,6.83,2025-06-29,2025-07-04,2025-07-04,Delivered,4.0,No,No
ORD104859,CUST11711,2025-02-01,pune,Pune,Nagpur,372.7,Books,7,4.3,Rail,Delhivery,1449.17,377.71,10.31,2025-02-04,2025-02-10,2025-02-10,Delivered,4.0,No,No
ORD102456,CUST10654,2025-08-04,Hyderabad,Hyderabad,Indore,434.7,Beauty,4,5.58,Road,Blue Dart,1930.62,345.09,6.22,2025-08-05,2025-08-11,2025-08-11,Delivered,4.0,No,No
ORD102313,CUST11150,2025-03-27,Hyderabad,Hyderabad,Surat,262.3,Sports,7,2.23,Road,Shadowfax,1272.9,298.14,5.12,2025-03-30,2025-04-05,2025-04-05,Delivered,5.0,No,No
ORD100390,CUST11607,2025-12-09,Pune,Pune,Delhi,703.2,Beauty,6,8.56,air,Shadowfax,6604.4,733.18,10.92,2025-12-11,2025-12-14,2025-12-19,Delayed,4.0,No,No
ORD104536,CUST11467,2025-01-21,Mumbai,Mumbai,Delhi,348.8,Beauty,3,3.74,Express,Ecom Express,2477.15,242.01,9.06,2025-01-23,2025-01-27,2025-01-27,Delivered,5.0,No,No
ORD104562,CUST10417,2025-05-27,Hyderabad,Hyderabad,Bengaluru,240.2,Grocery,3,2.96,Road,Delhivery,1259.57,180.2,7.15,2025-05-29,2025-06-04,2025-06-04,Delivered,4.0,No,No
ORD101221,CUST11008,2025-11-25,Mumbai,Mumbai,Ahmedabad,645.9,Books,4,5.62,Road,Delhivery,2938.14,753.77,12.47,2025-11-27,2025-12-03,2025-12-04,Delayed,3.0,No,No
ORD100013,CUST10143,2025-02-02,Delhi,Delhi,Visakhapatnam,308.0,Home & Kitchen,7,3.21,Express,Shadowfax,2267.79,212.91,8.97,2025-02-04,2025-02-06,2025-02-06,Delivered,4.0,No,No
ORD103427,CUST12030,2025-10-11,Chennai,Chennai,Nagpur,199.6,Home & Kitchen,1,2.18,Air,Delhivery,1818.82,298.15,7.48,2025-10-14,2025-10-15,2025-10-15,Delivered,4.0,No,No
ORD104291,CUST10280,2025-10-02,Delhi,Delhi,Ahmedabad,263.0,Beauty,5,2.94,Rail,Delhivery,883.1,284.68,10.42,2025-10-04,2025-10-10,2025-10-10,Delivered,5.0,No,No
ORD104674,CUST11656,2025-02-02,Mumbai,Mumbai,Visakhapatnam,262.5,Grocery,7,4.5,Express,Delhivery,2062.27,193.36,12.56,2025-02-06,2025-02-10,2025-02-10,Delivered,5.0,No,No
ORD104968,CUST11497,2025-06-23,Pune,Pune,Indore,79.2,Clothing,4,13.88,Road,Shadowfax,524.96,84.29,9.62,2025-06-25,2025-07-01,2025-07-01,Delivered,5.0,No,No
ORD102421,CUST12689,2025-03-16,Chennai,Chennai,Indore,416.8,Home & Kitchen,1,8.56,Air,XpressBees,3868.49,342.83,8.43,2025-03-19,2025-03-23,2025-03-23,Delivered,4.0,No,No
ORD104315,CUST11591,2025-11-04,Hyderabad,Hyderabad,Vijayawada,173.6,Electronics,1,5.79,Air,Delhivery,1730.06,188.79,9.5,2025-11-05,2025-11-08,2025-11-08,Delivered,5.0,No,No
ORD104903,CUST10036,2025-03-23,Pune,Pune,Kochi,412.4,Automotive,3,16.23,Road,DTDC,2083.5,377.59,5.89,2025-03-24,2025-03-29,2025-03-29,Delivered,5.0,No,No
ORD102878,CUST11426,2025-01-11,Pune,Pune,Lucknow,476.0,Automotive,4,6.09,Air,Ecom Express,4419.42,337.9,11.47,2025-01-14,2025-01-18,2025-01-18,Delivered,5.0,No,No
ORD103079,CUST10518,2025-01-10,Bengaluru,Bengaluru,Vijayawada,142.4,Home & Kitchen,3,7.31,Rail,XpressBees,699.91,159.9,11.44,2025-01-13,2025-01-20,2025-01-23,Delayed,2.0,No,Yes
ORD104260,CUST12453,2025-01-05,Mumbai,Mumbai,Kolkata,72.6,Automotive,6,22.19,Rail,XpressBees,650.44,61.39,10.26,2025-01-08,2025-01-13,2025-01-13,Delivered,4.0,No,No
ORD102717,CUST12533,2025-04-17,Chennai,Chennai,Kolkata,645.2,sports,4,4.0,Road,Shadowfax,2744.85,661.53,7.81,2025-04-19,2025-04-24,2025-04-24,Delivered,5.0,No,No
ORD102997,CUST11058,2025-05-17,Bengaluru,Bengaluru,Lucknow,329.3,Grocery,5,4.08,Rail,Blue Dart,1243.07,202.41,5.26,2025-05-19,2025-05-26,2025-05-29,Delayed,3.0,No,No
ORD101421,CUST11965,2025-07-28,Pune,Pune,Visakhapatnam,872.8,Books,7,14.97,Express,XpressBees,6394.51,1030.9,13.51,2025-07-30,2025-08-04,2025-08-04,Delivered,5.0,No,No
ORD101399,CUST11276,2025-08-24,Mumbai,Mumbai,Coimbatore,277.1,Electronics,1,2.84,Road,Blue Dart,1186.52,279.21,7.92,2025-08-27,2025-08-31,2025-09-01,Delayed,4.0,No,No
ORD104345,CUST10100,2025-01-04,Bengaluru,Bengaluru,Kochi,467.0,Beauty,2,3.49,Road,Blue Dart,1961.95,560.03,8.9,2025-01-06,2025-01-11,2025-01-11,Delivered,4.0,No,No
ORD103568,CUST10038,2025-08-01,Bengaluru,Bengaluru,Bhopal,256.9,Automotive,7,2.47,Air,Shadowfax,2520.89,265.23,5.05,2025-08-03,2025-08-07,2025-08-07,Delivered,5.0,No,No
ORD102343,CUST10126,2025-06-21,Mumbai,Mumbai,Bhopal,562.0,Electronics,3,0.86,Rail,Delhivery,1882.94,430.04,10.56,2025-06-24,2025-07-02,2025-07-02,Delivered,4.0,Yes,Yes
ORD100266,CUST10819,2025-11-20,Bengaluru,Bengaluru,Kolkata,1027.5,Grocery,7,5.6,Rail,XpressBees,3570.48,1184.76,9.78,2025-11-22,2025-11-30,2025-12-04,Delayed,3.0,No,No
ORD104604,CUST12387,2025-12-07,Bengaluru,Bengaluru,Jaipur,314.8,Clothing,4,6.51,Road,Blue Dart,1368.53,361.27,6.38,2025-12-10,2025-12-15,2025-12-15,Delivered,5.0,No,No
ORD104624,CUST11120,2025-04-29,Hyderabad,Hyderabad,Indore,691.2,Clothing,1,8.39,Express,Delhivery,5144.43,560.07,11.13,2025-05-02,2025-05-04,2025-05-04,Delivered,4.0,No,No
ORD104705,CUST10595,2025-02-10,Pune,Pune,Vijayawada,338.9,Electronics,7,6.1,Road,DTDC,1586.02,338.25,13.29,2025-02-12,2025-02-17,2025-02-18,Delayed,4.0,No,No
ORD102537,CUST10335,2025-05-28,Delhi,Delhi,Hyderabad,282.0,Automotive,6,19.83,Road,Shadowfax,1595.18,314.19,8.23,2025-05-30,2025-06-05,2025-06-05,Delivered,5.0,No,No
ORD104021,CUST10198,2025-11-16,Delhi,Delhi,Kolkata,159.5,Automotive,7,7.4,Rail,XpressBees,744.41,205.89,8.5,2025-11-19,2025-11-26,2025-11-29,Delayed,4.0,No,No
ORD101694,CUST12258,2025-05-28,Bengaluru,Bengaluru,Jaipur,809.0,Clothing,2,12.97,Road,Shadowfax,3587.58,539.76,6.11,2025-05-30,2025-06-06,2025-06-06,Delivered,4.0,No,No
ORD104213,CUST12216,2025-08-08,Hyderabad,Hyderabad,Nagpur,95.6,Automotive,1,3.64,Road,Ecom Express,461.54,74.55,5.95,2025-08-10,2025-08-15,2025-08-15,Delivered,,No,No
ORD104917,CUST11261,2025-09-05,Bengaluru,Bengaluru,Kolkata,425.0,Sports,6,2.02,Rail,DTDC,1414.94,310.0,4.47,2025-09-07,2025-09-13,2025-09-13,Delivered,5.0,No,No
ORD100568,CUST10024,2025-01-21,Pune,Pune,Indore,370.5,Home & Kitchen,1,1.76,Rail,DTDC,1317.52,244.31,9.21,2025-01-24,2025-01-31,2025-02-02,Delayed,4.0,No,No
ORD102521,CUST11149,2025-01-12,Mumbai,Mumbai,Ahmedabad,208.4,Sports,3,11.05,Road,Delhivery,1243.31,171.13,9.62,2025-01-15,2025-01-21,2025-01-21,Delivered,5.0,No,No
ORD100755,CUST10156,2025-04-10,Pune,Pune,Bhopal,670.0,Home & Kitchen,7,6.17,Road,XpressBees,2903.98,622.31,11.49,2025-04-13,2025-04-18,2025-04-18,Delivered,4.0,No,No
ORD102835,CUST12264,2025-09-09,Chennai,Chennai,Kolkata,482.7,Grocery,5,3.14,Road,Blue Dart,2261.21,405.75,4.88,2025-09-11,2025-09-16,2025-09-16,Delivered,3.0,No,No
ORD100416,CUST11091,2025-02-17,Pune,Pune,Jaipur,453.5,Clothing,4,5.33,Express,Delhivery,3202.18,357.18,11.88,2025-02-20,2025-02-23,2025-02-23,Delivered,4.0,No,No
ORD103997,CUST11031,2025-03-20,Bengaluru,Bengaluru,Visakhapatnam,356.4,Beauty,5,6.8,Road,Delhivery,1693.78,312.84,6.69,2025-03-22,2025-03-27,2025-03-27,Delivered,5.0,No,No
ORD102999,CUST10236,2025-05-01,Bengaluru,Bengaluru,,987.1,Electronics,4,6.6,Road,XpressBees,4176.11,892.5,9.34,2025-05-03,2025-05-12,2025-05-17,Delayed,3.0,No,No
ORD104501,CUST12072,2025-07-12,Chennai,Chennai,Jaipur,291.0,Clothing,5,4.06,Rail,Ecom Express,1081.75,144.38,10.54,2025-07-14,2025-07-21,2025-07-21,Delivered,5.0,No,No
ORD101177,CUST11265,2025-09-05,Hyderabad,Hyderabad,Delhi,231.8,Clothing,4,5.71,Express,XpressBees,1707.93,302.68,6.37,2025-09-08,2025-09-11,2025-09-12,Delayed,4.0,No,No
ORD100030,CUST12227,2025-05-22,Bengaluru,Bengaluru,Pune,470.8,Automotive,7,4.18,Express,Blue Dart,3422.99,412.11,10.68,2025-05-25,2025-05-28,2025-05-29,Delayed,3.0,No,No
ORD101661,CUST10765,2025-05-31,Hyderabad,Hyderabad,Delhi,187.7,Automotive,1,0.43,Air,DTDC,1714.31,254.03,8.36,2025-06-02,2025-06-04,2025-06-04,Delivered,4.0,No,No
ORD100939,CUST11341,2025-09-20,Bengaluru,Bengaluru,Surat,326.0,Clothing,3,7.21,Road,Delhivery,1516.94,158.14,6.91,2025-09-23,2025-09-28,2025-09-28,Delivered,5.0,No,No
ORD103274,CUST12420,2025-06-05,Hyderabad,Hyderabad,Chennai,328.7,Electronics,1,3.58,Road,Ecom Express,1351.91,317.9,11.23,2025-06-08,2025-06-12,2025-06-12,Delivered,4.0,No,No
ORD102704,CUST12360,2025-01-19,Chennai,Chennai,Lucknow,716.7,Sports,5,5.73,Road,Ecom Express,3080.45,780.43,9.9,2025-01-22,2025-01-26,2025-01-27,Delayed,4.0,No,No
ORD102833,CUST11682,2025-12-03,Hyderabad,Hyderabad,Visakhapatnam,466.5,Sports,7,6.97,Air,XpressBees,4354.67,419.45,9.28,2025-12-05,2025-12-08,2025-12-08,Delivered,4.0,No,No
ORD104016,CUST11746,2025-04-25,Pune,Pune,Kochi,99.0,Electronics,1,6.27,Road,XpressBees,380.49,67.69,11.4,2025-04-27,2025-05-01,2025-05-01,Delivered,5.0,No,No
ORD102621,CUST10253,2025-09-12,Mumbai,Mumbai,Jaipur,192.9,Home & Kitchen,3,8.38,Road,XpressBees,935.41,232.9,9.81,2025-09-14,2025-09-19,2025-09-19,Delivered,4.0,No,No
ORD104328,CUST11828,2025-11-25,Delhi,Delhi,Visakhapatnam,567.9,Books,3,1.14,Express,Ecom Express,4075.07,494.34,9.05,2025-11-28,2025-12-02,2025-12-02,Delivered,4.0,No,No
ORD104990,CUST10715,2025-11-18,Delhi,Delhi,Pune,212.5,Books,4,7.04,Road,XpressBees,1086.49,173.54,7.91,2025-11-20,2025-11-24,2025-11-24,Delivered,4.0,No,No
ORD104301,CUST11519,2025-10-27,Chennai,Chennai,Hyderabad,427.6,Sports,1,16.36,Rail,Ecom Express,1724.56,332.15,5.41,2025-10-29,2025-11-04,2025-11-06,Delayed,4.0,No,No
ORD103890,CUST11168,2025-03-27,Chennai,Chennai,Kolkata,401.6,Automotive,2,3.29,Road,Ecom Express,1725.71,350.74,8.44,2025-03-29,2025-04-04,2025-04-04,Delivered,4.0,No,No
ORD100912,CUST11817,2025-09-07,Pune,Pune,Kochi,223.4,Books,3,10.2,Road,Shadowfax,1080.02,195.61,8.16,2025-09-10,2025-09-15,2025-09-16,Delayed,3.0,No,No
ORD104296,CUST12480,2025-02-17,Chennai,Chennai,Surat,304.4,Automotive,4,4.67,Road,DTDC,1398.37,253.77,3.89,2025-02-19,2025-02-24,2025-02-24,Delivered,4.0,No,No
ORD102416,CUST12158,2025-04-23,Chennai,Chennai,Coimbatore,298.0,Clothing,1,2.88,Road,Blue Dart,1320.53,246.3,5.29,2025-04-24,2025-04-30,2025-04-30,Delivered,5.0,No,No
ORD100241,CUST10900,2025-01-14,Bengaluru,Bengaluru,Indore,576.1,Beauty,3,14.84,Air,XpressBees,5535.79,684.99,7.66,2025-01-17,2025-01-20,2025-01-20,Delivered,5.0,No,No
ORD103077,CUST11180,2025-12-27,Chennai,Chennai,Hyderabad,336.9,Electronics,4,1.91,Rail,Ecom Express,1152.29,288.95,9.93,2025-12-29,2026-01-04,2026-01-04,Delivered,5.0,No,No
ORD103829,CUST11291,2025-07-17,Hyderabad,Hyderabad,Chennai,190.7,Beauty,5,7.39,Road,XpressBees,969.52,144.32,5.37,2025-07-20,2025-07-24,2025-07-27,Delayed,3.0,No,No
ORD102803,CUST12551,2025-06-02,Hyderabad,Hyderabad,Bhopal,916.4,Beauty,1,2.76,Road,Delhivery,3913.9,893.14,8.23,2025-06-05,2025-06-10,2025-06-10,Delivered,5.0,No,No
ORD101580,CUST10561,2025-10-02,Pune,Pune,Indore,887.1,Clothing,1,2.11,Road,XpressBees,3702.45,634.86,8.99,2025-10-05,2025-10-12,2025-10-12,Delivered,3.0,No,No
ORD100389,CUST11695,2025-03-27,Pune,Pune,Coimbatore,151.3,Clothing,7,10.04,Road,Delhivery,1000.8,124.7,10.36,2025-03-30,2025-04-04,2025-04-04,Delivered,4.0,No,No
ORD103960,CUST10027,2025-10-15,Pune,Pune,Chennai,951.1,Electronics,7,2.11,Road,Ecom Express,4045.68,635.64,11.56,2025-10-17,2025-10-24,2025-10-27,Delayed,4.0,No,No
ORD101063,CUST12530,2025-05-22,Bengaluru,Bengaluru,Surat,349.6,Home & Kitchen,5,6.32,Road,XpressBees,1560.5,252.75,8.31,2025-05-24,2025-05-29,2025-05-29,Delivered,3.0,No,No
ORD100582,CUST10627,2025-11-26,Bengaluru,Bengaluru,Chennai,634.1,Automotive,2,11.45,Road,DTDC,2929.68,441.49,7.73,2025-11-29,2025-12-04,2025-12-04,Delivered,5.0,No,No
ORD100361,CUST10700,2025-12-08,Delhi,Delhi,Nagpur,656.4,Beauty,6,3.73,Air,Ecom Express,6161.99,716.04,10.23,2025-12-11,2025-12-14,2025-12-18,Delayed,,No,No
ORD104458,CUST10213,2025-02-13,Delhi,Delhi,Bhopal,559.1,Home & Kitchen,1,0.31,Road,Shadowfax,2357.2,450.92,9.19,2025-02-16,2025-02-21,2025-02-21,Delivered,5.0,No,No
ORD103736,CUST11659,2025-06-26,Delhi,Delhi,Indore,808.8,Automotive,3,1.09,Rail,DTDC,2526.5,542.51,10.13,2025-06-29,2025-07-08,2025-07-08,Delivered,5.0,No,No
ORD101351,CUST10452,2025-06-05,Bengaluru,Bengaluru,Delhi,290.7,Sports,1,1.83,Express,Blue Dart,2018.14,208.89,11.97,2025-06-08,2025-06-12,2025-06-18,Delayed,4.0,No,No
ORD100530,CUST11919,2025-05-25,Bengaluru,Bengaluru,Surat,134.5,Automotive,5,8.97,Air,XpressBees,1408.9,126.4,14.1,2025-05-28,2025-05-30,2025-05-30,Delivered,4.0,No,No
ORD100797,CUST10218,2025-06-21,Delhi,Delhi,Hyderabad,234.8,Sports,3,3.89,Air,XpressBees,2218.33,226.39,8.09,2025-06-24,2025-06-26,2025-06-26,Delivered,4.0,No,No
ORD102495,CUST10714,2025-01-29,Pune,Pune,Nagpur,305.7,Books,3,10.44,Express,Shadowfax,2299.25,284.59,7.13,2025-01-31,2025-02-03,2025-02-03,Delivered,4.0,No,No
ORD102248,CUST11468,2025-09-16,Mumbai,Mumbai,Indore,318.7,Clothing,1,11.16,Road,Shadowfax,1455.9,389.63,9.72,2025-09-19,2025-09-24,2025-09-24,Delivered,4.0,No,No
ORD101344,CUST11238,2025-08-06,Mumbai,Mumbai,Nagpur,1372.5,Books,4,7.8,Road,Ecom Express,5822.41,1001.14,9.73,2025-08-08,2025-08-15,2025-08-15,Delivered,5.0,No,No
ORD100324,CUST11104,2025-02-28,Bengaluru,Bengaluru,Bhopal,123.4,Home & Kitchen,4,1.51,Road,Shadowfax,528.29,133.89,9.78,2025-03-03,2025-03-08,2025-03-08,Delivered,4.0,No,No
ORD102505,CUST11776,2025-01-04,Hyderabad,Hyderabad,Kolkata,245.4,Beauty,3,5.63,Rail,Blue Dart,904.51,182.18,7.97,2025-01-07,2025-01-12,2025-01-12,Delivered,4.0,No,No
ORD104669,CUST11556,2025-03-07,Mumbai,Mumbai,Coimbatore,157.4,Electronics,3,2.09,Road,Ecom Express,681.8,111.71,12.45,2025-03-09,2025-03-15,2025-03-18,Delayed,3.0,No,No
ORD100002,CUST10671,2025-11-02,Chennai,Chennai,Ahmedabad,702.8,Automotive,7,4.51,Road,XpressBees,3098.29,797.16,8.32,2025-11-04,2025-11-10,2025-11-12,Delayed,4.0,No,No
ORD100347,CUST10146,2025-05-05,Bengaluru,Bengaluru,Nagpur,98.3,Electronics,3,6.97,Express,DTDC,,108.36,9.19,2025-05-08,2025-05-12,2025-05-12,Delivered,5.0,No,No
ORD100843,CUST11793,2025-02-14,Delhi,Delhi,Jaipur,381.4,Home & Kitchen,1,4.47,Air,Shadowfax,3486.65,347.91,9.45,2025-02-16,2025-02-18,2025-02-18,Delivered,5.0,No,No
ORD103281,CUST10581,2025-08-09,Bengaluru,Bengaluru,Coimbatore,885.8,Sports,6,1.35,Express,DTDC,6246.6,647.6,4.5,2025-08-11,2025-08-16,2025-08-23,Delayed,3.0,No,No
ORD101331,CUST12635,2025-04-13,Hyderabad,Hyderabad,Jaipur,227.1,Electronics,5,2.61,Rail,Blue Dart,903.3,200.48,6.09,2025-04-15,2025-04-19,2025-04-19,Delivered,4.0,No,No
ORD103350,CUST11039,2025-06-28,Hyderabad,Hyderabad,Nagpur,329.5,Books,2,2.88,Express,XpressBees,2401.53,278.29,7.14,2025-06-29,2025-07-02,2025-07-02,Delivered,4.0,No,No
ORD103585,CUST12664,2025-10-08,Mumbai,Mumbai,Vijayawada,691.2,Beauty,1,1.0,Road,Blue Dart,2912.99,492.0,15.41,2025-10-11,2025-10-16,2025-10-16,Delivered,5.0,No,No
ORD100850,CUST10614,2025-07-14,Chennai,Chennai,Jaipur,507.6,Home & Kitchen,2,5.23,Rail,Ecom Express,1802.1,476.27,10.49,2025-07-16,2025-07-22,2025-07-26,Delayed,4.0,No,No
ORD104916,CUST10672,2025-09-12,Pune,Pune,Bengaluru,381.6,Books,5,4.65,Air,XpressBees,3651.13,378.48,10.02,2025-09-15,2025-09-18,2025-09-18,Delivered,5.0,No,No
ORD103591,CUST10919,2025-01-12,Chennai,Chennai,Vijayawada,49.7,Sports,1,2.83,Road,Delhivery,200.24,56.24,7.29,2025-01-14,2025-01-19,2025-01-19,Delivered,5.0,No,No
ORD101192,CUST10931,2025-02-04,Delhi,Delhi,,436.8,Home & Kitchen,2,3.88,Rail,Delhivery,1476.72,485.7,11.61,2025-02-06,2025-02-13,2025-02-17,Delayed,4.0,No,No
ORD103990,CUST11195,2025-10-20,Mumbai,Mumbai,Hyderabad,184.6,Sports,6,2.41,Road,Shadowfax,745.66,192.43,,2025-10-22,2025-10-27,2025-10-27,Delivered,5.0,No,No
ORD100422,CUST11872,2025-06-12,Hyderabad,Hyderabad,Kolkata,111.3,Electronics,2,7.02,Express,Ecom Express,920.7,110.78,9.24,2025-06-14,2025-06-17,2025-06-17,Delivered,4.0,No,No
ORD102506,CUST10883,2025-06-19,Hyderabad,Hyderabad,Surat,294.5,Automotive,5,3.48,Rail,DTDC,1079.93,241.79,8.57,2025-06-22,2025-06-28,2025-07-02,Delayed,3.0,No,No
ORD100401,CUST12685,2025-09-23,Bengaluru,Bengaluru,Pune,258.3,Beauty,1,4.64,Road,Delhivery,1223.07,190.74,4.84,2025-09-25,2025-09-30,2025-10-02,Delayed,4.0,Yes,No
ORD103112,CUST11519,2025-04-10,Bengaluru,Bengaluru,Kochi,164.1,Grocery,5,1.24,Rail,Blue Dart,557.03,68.89,10.85,2025-04-13,2025-04-18,2025-04-18,Delivered,3.0,No,No
ORD100015,CUST10622,2025-07-29,Pune,Pune,Nagpur,150.1,Grocery,2,0.71,Road,blue dart,563.63,196.86,11.21,2025-07-31,2025-08-07,2025-08-08,Delayed,4.0,No,No
ORD101734,CUST11308,2025-08-04,Bengaluru,Bengaluru,Surat,1285.0,Sports,4,1.91,Road,XpressBees,5499.74,975.23,10.14,2025-08-06,2025-08-12,2025-08-13,Delayed,4.0,No,No
ORD101021,CUST12677,2025-12-02,Delhi,Delhi,Bhopal,311.7,Electronics,7,6.23,Air,XpressBees,3018.7,299.53,12.48,2025-12-05,2025-12-07,2025-12-07,Delivered,5.0,No,No
ORD100293,CUST11566,2025-10-31,Delhi,Delhi,Vijayawada,265.8,Electronics,4,3.19,Rail,XpressBees,950.75,190.1,14.3,2025-11-03,2025-11-09,2025-11-09,Delivered,5.0,No,No
ORD102738,CUST11517,2025-07-07,bengaluru,Bengaluru,Pune,453.9,Home & Kitchen,7,8.58,Road,DTDC,,310.13,6.99,2025-07-09,2025-07-15,2025-07-15,Delivered,4.0,No,No
ORD103900,CUST10550,2025-03-23,Chennai,Chennai,Vijayawada,73.7,Clothing,6,2.79,Rail,DTDC,322.19,29.66,4.69,2025-03-24,2025-03-30,2025-04-01,Delayed,3.0,No,No
ORD103746,CUST10910,2025-07-11,Bengaluru,Bengaluru,Lucknow,366.6,Clothing,3,3.91,Road,Blue Dart,1675.63,411.6,7.55,2025-07-13,2025-07-19,2025-07-19,Delivered,,No,No
ORD100427,CUST10925,2025-04-30,Bengaluru,Bengaluru,Indore,528.7,Home & Kitchen,3,4.69,Rail,DTDC,1751.22,488.26,7.01,2025-05-02,2025-05-09,2025-05-09,Delivered,4.0,No,No
ORD103599,CUST11491,2025-02-16,Pune,Pune,Mumbai,278.7,Books,4,10.68,Road,Shadowfax,1322.51,235.47,8.87,2025-02-18,2025-02-25,2025-02-26,Delayed,3.0,No,No
ORD101211,CUST11451,2025-03-09,Bengaluru,Bengaluru,Nagpur,543.4,Automotive,4,6.52,Express,Delhivery,3895.09,587.37,10.41,2025-03-12,2025-03-14,2025-03-14,Delivered,4.0,No,No
ORD104044,CUST12760,2025-06-10,Hyderabad,Hyderabad,Chennai,316.8,Home & Kitchen,2,2.39,Road,Shadowfax,1444.44,243.04,7.08,2025-06-13,2025-06-19,2025-06-22,Delayed,4.0,No,No
ORD103935,CUST11028,2025-11-12,Mumbai,Mumbai,Delhi,597.6,Automotive,6,4.23,Road,DTDC,2608.39,455.37,12.34,2025-11-16,2025-11-21,2025-11-22,Delayed,,No,No
ORD104834,CUST11521,2025-03-07,Mumbai,Mumbai,Jaipur,347.7,Electronics,4,3.58,Road,Ecom Express,1590.94,244.52,11.92,2025-03-10,2025-03-16,2025-03-16,Delivered,4.0,No,No
ORD103051,CUST11953,2025-11-14,Pune,Pune,Delhi,578.5,Beauty,2,4.09,Rail,Blue Dart,1996.56,381.31,9.08,2025-11-16,2025-11-22,2025-11-22,Delivered,4.0,No,No
ORD104235,CUST10734,2025-12-21,Mumbai,Mumbai,Chennai,947.4,Automotive,1,12.1,Road,DTDC,4142.38,655.96,9.11,2025-12-23,2025-12-28,2025-12-28,Delivered,4.0,No,No
ORD103594,CUST12008,2025-05-26,Bengaluru,Bengaluru,Surat,504.5,books,1,8.01,Road,DTDC,2283.09,441.37,9.81,2025-05-28,2025-06-02,2025-06-02,Delivered,4.0,No,No
ORD100878,CUST11640,2025-05-15,Hyderabad,Hyderabad,Jaipur,558.3,Clothing,5,10.61,Rail,Blue Dart,2032.77,465.91,6.49,2025-05-16,2025-05-22,2025-05-22,Delivered,4.0,No,No
ORD100290,CUST11467,2025-02-27,Bengaluru,Bengaluru,Hyderabad,151.7,Sports,4,7.31,Express,DTDC,1342.98,117.3,8.56,2025-03-01,2025-03-04,2025-03-04,Delivered,4.0,No,No
ORD102562,CUST10432,2025-01-03,Bengaluru,Bengaluru,Vijayawada,260.1,Automotive,3,6.08,Air,Ecom Express,2397.76,282.48,9.98,2025-01-05,2025-01-07,2025-01-07,Delivered,4.0,No,No
ORD103951,CUST10388,2025-06-16,Hyderabad,Hyderabad,Pune,89.9,Automotive,1,2.72,Road,Shadowfax,480.41,69.82,11.54,2025-06-19,2025-06-23,2025-06-25,Delayed,4.0,No,No
ORD101042,CUST12754,2025-12-28,Bengaluru,Bengaluru,Mumbai,120.1,Grocery,4,5.29,Rail,XpressBees,520.52,,7.0,2025-12-30,2026-01-04,2026-01-07,Delayed,2.0,Yes,No
ORD102679,CUST12204,2025-04-22,Hyderabad,Hyderabad,Delhi,219.9,Books,6,2.85,Road,Shadowfax,1020.69,274.12,7.94,2025-04-24,2025-04-29,2025-04-29,Delivered,5.0,No,No
ORD102379,CUST12675,2025-12-31,Delhi,Delhi,Chennai,281.9,Automotive,5,4.96,Road,DTDC,1354.31,244.87,6.8,2026-01-02,2026-01-07,2026-01-07,Delivered,4.0,No,No
ORD102875,CUST10268,2025-03-09,pune,Pune,Bhopal,187.4,Home & Kitchen,5,8.54,Express,Delhivery,1564.83,196.89,7.77,2025-03-12,2025-03-15,2025-03-15,Delivered,5.0,No,Yes
ORD103633,CUST12756,2025-08-23,Hyderabad,Hyderabad,Nagpur,199.4,Beauty,7,7.6,Air,Shadowfax,2026.26,207.54,7.34,2025-08-25,2025-08-27,2025-08-28,Delayed,3.0,No,No
ORD102496,CUST12642,2025-10-10,Mumbai,Mumbai,Bhopal,760.4,Automotive,6,2.53,Road,Delhivery,3183.59,611.29,9.77,2025-10-12,2025-10-19,2025-10-19,Delivered,4.0,No,No
ORD103453,CUST10242,2025-09-04,Pune,Pune,Mumbai,985.3,Beauty,1,1.96,Rail,Shadowfax,3212.35,1037.63,9.81,2025-09-07,2025-09-16,2025-09-16,Delivered,5.0,No,No
ORD100739,CUST10540,2025-09-30,Hyderabad,Hyderabad,Visakhapatnam,1245.8,Books,1,6.91,Rail,Ecom Express,4066.99,1352.79,5.54,2025-10-02,2025-10-09,2025-10-09,Delivered,5.0,No,No
ORD104841,CUST12176,2025-06-23,Bengaluru,Bengaluru,Vijayawada,146.4,Electronics,3,6.11,Road,Blue Dart,980.43,141.82,7.48,2025-06-25,2025-06-29,2025-06-29,Delivered,5.0,No,No
ORD104930,CUST11139,2025-03-24,Bengaluru,Bengaluru,Mumbai,700.0,Electronics,2,5.59,Road,Shadowfax,3112.19,685.32,7.13,2025-03-26,2025-04-01,2025-04-01,Delivered,4.0,No,Yes
ORD102859,CUST11362,2025-08-17,Bengaluru,Bengaluru,Coimbatore,201.7,Sports,2,6.52,Air,Shadowfax,1797.03,213.87,10.32,2025-08-19,2025-08-20,2025-08-20,Delivered,4.0,No,No
ORD100821,CUST12640,2025-09-07,Mumbai,Mumbai,Coimbatore,154.7,Electronics,5,3.53,Road,Delhivery,779.63,130.29,11.66,2025-09-10,2025-09-15,2025-09-15,Delivered,5.0,No,Yes
ORD103404,CUST12381,2025-10-30,Hyderabad,Hyderabad,Pune,679.8,Automotive,2,2.99,Air,XpressBees,6124.36,637.19,7.68,2025-11-01,2025-11-04,2025-11-04,Delivered,4.0,No,No
ORD100604,CUST12176,2025-02-22,Mumbai,Mumbai,Delhi,212.0,Clothing,5,7.72,Road,Blue Dart,1167.49,213.04,8.92,2025-02-24,2025-02-27,2025-03-02,Delayed,3.0,No,No
ORD101210,CUST10194,2025-10-31,Bengaluru,Bengaluru,Indore,61.1,Home & Kitchen,1,7.24,Express,Shadowfax,657.56,73.6,9.96,2025-11-02,2025-11-06,2025-11-06,Delivered,4.0,No,No
ORD104758,CUST11141,2025-11-18,Pune,Pune,Delhi,364.4,Books,7,4.46,Road,DTDC,1686.11,385.5,10.51,2025-11-20,2025-11-24,2025-11-24,Delivered,5.0,No,No
ORD100705,CUST11827,2025-03-02,Bengaluru,Bengaluru,Vijayawada,473.8,Clothing,1,4.02,Road,Delhivery,2115.46,530.3,8.7,2025-03-03,2025-03-09,2025-03-09,Delivered,4.0,No,No
ORD101367,CUST10794,2025-03-14,Bengaluru,Bengaluru,Bhopal,269.5,beauty,5,1.18,Road,Ecom Express,1286.8,317.99,11.01,2025-03-16,2025-03-20,2025-03-20,Delivered,3.0,No,No
ORD100270,CUST10848,2025-06-14,Chennai,Chennai,Delhi,310.6,Clothing,1,11.44,Road,DTDC,1547.57,326.24,6.76,2025-06-17,2025-06-21,2025-06-21,Delivered,5.0,No,No
ORD104763,CUST11872,2025-08-27,Hyderabad,Hyderabad,Mumbai,386.0,Automotive,4,3.87,Air,XpressBees,3709.53,222.32,4.84,2025-08-29,2025-08-31,2025-08-31,Delivered,4.0,No,No
ORD100559,CUST12678,2025-07-31,Pune,Pune,Visakhapatnam,465.7,Books,7,4.71,Road,Shadowfax,2095.45,389.97,8.91,2025-08-02,2025-08-06,2025-08-06,Delivered,4.0,No,No
ORD104924,CUST11687,2025-12-20,Delhi,Delhi,Bhopal,1199.4,Automotive,7,9.44,Rail,Blue Dart,4167.26,837.43,7.0,2025-12-22,2025-12-31,2025-12-31,Delivered,5.0,No,No
ORD101547,CUST12254,2025-07-27,Chennai,Chennai,Lucknow,866.6,Automotive,5,10.09,Road,Delhivery,3844.39,886.53,8.1,2025-07-29,2025-08-05,2025-08-08,Delayed,4.0,No,No
ORD103945,CUST12361,2025-06-14,Hyderabad,Hyderabad,Visakhapatnam,652.9,Grocery,7,7.96,Road,XpressBees,3005.12,663.08,4.17,2025-06-15,2025-06-21,2025-06-21,Delivered,4.0,No,No
ORD100610,CUST10101,2025-02-09,Bengaluru,Bengaluru,Chennai,171.7,Books,2,4.02,Rail,DTDC,714.85,216.15,,2025-02-12,2025-02-19,2025-02-19,Delivered,4.0,No,Yes
ORD104287,CUST12198,2025-05-29,Delhi,Delhi,Bhopal,129.0,Beauty,5,3.13,Rail,XpressBees,592.32,112.36,8.52,2025-05-31,2025-06-07,2025-06-07,Delivered,4.0,No,No
ORD101193,CUST10693,2025-03-17,Chennai,Chennai,Pune,770.0,Electronics,5,8.55,Air,XpressBees,7215.59,798.9,8.71,2025-03-19,2025-03-24,2025-03-24,Delivered,4.0,No,No
ORD103640,CUST11962,2025-11-21,Delhi,Delhi,Hyderabad,280.6,Books,3,8.61,Air,XpressBees,2664.79,151.72,9.68,2025-11-23,2025-11-25,2025-11-25,Delivered,5.0,No,No
ORD101702,CUST12716,2025-03-08,Pune,Pune,Hyderabad,561.0,Clothing,5,4.73,Rail,Delhivery,1887.66,675.01,6.45,2025-03-10,2025-03-17,2025-03-22,Delayed,4.0,No,No
ORD102282,CUST10190,2025-07-26,Hyderabad,Hyderabad,Nagpur,584.3,Automotive,4,1.36,Road,Ecom Express,2539.25,526.33,5.05,2025-07-28,2025-08-03,2025-08-04,Delayed,,No,No
ORD101827,CUST11812,2025-10-28,Mumbai,Mumbai,Kolkata,537.6,Grocery,5,5.96,Rail,Delhivery,2052.48,369.74,5.43,2025-10-30,2025-11-05,2025-11-05,Delivered,5.0,No,No
ORD101345,CUST10831,2025-04-02,Hyderabad,Hyderabad,Chennai,211.9,Grocery,6,4.08,Air,Blue Dart,2011.84,152.77,7.01,2025-04-05,2025-04-07,2025-04-13,Delayed,2.0,No,No
ORD100095,CUST10851,2025-09-15,Hyderabad,Hyderabad,Surat,226.7,Books,7,0.97,Rail,Delhivery,679.92,252.5,7.98,2025-09-18,2025-09-24,2025-09-24,Delivered,4.0,No,No
ORD100254,CUST10355,2025-04-20,Chennai,Chennai,Lucknow,540.6,Electronics,3,3.73,Road,Delhivery,2237.38,411.15,10.5,2025-04-23,2025-04-30,2025-05-03,Delayed,3.0,No,No
ORD104626,CUST12430,2025-12-31,Bengaluru,Bengaluru,Kochi,122.9,Grocery,1,7.09,Road,XpressBees,646.66,135.18,7.67,2026-01-03,2026-01-08,2026-01-08,Delivered,4.0,No,No
ORD101987,CUST10577,2025-04-16,Hyderabad,Hyderabad,Vijayawada,634.0,Home & Kitchen,4,7.86,Road,Ecom Express,2966.95,541.4,11.14,2025-04-18,2025-04-24,2025-04-24,Delivered,5.0,No,No
ORD100447,CUST10021,2025-06-24,Mumbai,Mumbai,Hyderabad,931.5,Grocery,7,8.9,Air,Ecom Express,8664.5,792.97,8.2,2025-06-27,2025-07-02,2025-07-02,Delivered,4.0,No,No
ORD104322,CUST11162,2025-07-12,Bengaluru,Bengaluru,Vijayawada,549.9,Beauty,6,7.15,Road,DTDC,2454.59,416.75,4.01,2025-07-14,2025-07-20,2025-07-20,Delivered,4.0,No,No
ORD101424,CUST12670,2025-02-20,Pune,Pune,Visakhapatnam,709.2,Automotive,1,9.29,Road,Ecom Express,3100.42,556.01,9.3,2025-02-23,2025-03-02,2025-03-02,Delivered,4.0,No,No
ORD102053,CUST11973,2025-03-01,Bengaluru,Bengaluru,Ahmedabad,59.0,Electronics,5,1.82,Rail,DTDC,307.63,21.81,6.88,2025-03-02,2025-03-09,2025-03-09,Delivered,5.0,Yes,Yes
ORD102480,CUST11406,2025-02-15,Delhi,Delhi,Surat,230.0,Beauty,7,11.77,Road,Shadowfax,1181.62,213.15,10.69,2025-02-17,2025-02-22,2025-02-22,Delivered,5.0,No,No
ORD100650,CUST12608,2025-02-13,Hyderabad,Hyderabad,Chennai,151.2,Clothing,2,2.6,Express,Shadowfax,1097.81,94.87,5.35,2025-02-16,2025-02-18,2025-02-18,Delivered,5.0,No,No
ORD103101,CUST12460,2025-01-09,Chennai,Chennai,Delhi,556.6,Electronics,7,4.59,Road,Shadowfax,2416.35,638.03,7.94,2025-01-11,2025-01-17,2025-01-17,Delivered,5.0,No,No
ORD102183,CUST12197,2025-08-26,Mumbai,Mumbai,Nagpur,1078.1,Grocery,7,6.14,Rail,Ecom Express,3490.81,1095.19,11.46,2025-08-28,2025-09-05,2025-09-08,Delayed,4.0,No,No
ORD104040,CUST10368,2025-04-15,Chennai,Chennai,Kochi,352.8,Grocery,1,3.54,Air,Blue Dart,3372.94,294.69,6.38,2025-04-17,2025-04-21,2025-04-21,Delivered,4.0,No,No
ORD104422,CUST10708,2025-05-27,Chennai,Chennai,Jaipur,112.5,Electronics,5,6.83,Road,Shadowfax,654.87,104.35,6.69,2025-05-29,2025-06-02,2025-06-02,Delivered,4.0,No,No
ORD101278,CUST10638,2025-11-05,Chennai,Chennai,Indore,244.8,Home & Kitchen,7,4.97,Rail,Ecom Express,908.64,292.63,5.22,2025-11-06,2025-11-12,2025-11-12,Delivered,5.0,No,Yes
ORD100090,CUST10752,2025-11-14,Chennai,Chennai,Coimbatore,206.5,Electronics,3,1.91,Road,DTDC,881.11,186.05,10.37,2025-11-16,2025-11-21,2025-11-21,Delivered,4.0,No,No
ORD104080,CUST10123,2025-07-17,Hyderabad,Hyderabad,Chennai,287.9,Automotive,4,4.84,Express,XpressBees,2080.81,352.81,6.58,2025-07-19,2025-07-22,2025-07-22,Delivered,5.0,No,No
ORD100860,CUST11084,2025-01-30,Hyderabad,Hyderabad,Indore,406.0,Books,5,1.13,Road,XpressBees,1999.29,409.13,8.0,2025-02-01,2025-02-07,2025-02-07,Delivered,4.0,No,No
ORD101739,CUST12653,2025-11-24,Bengaluru,Bengaluru,Delhi,557.3,Sports,3,3.44,Air,Delhivery,5199.21,531.34,5.46,2025-11-26,2025-11-30,2025-12-04,Delayed,3.0,No,No
ORD102385,CUST11921,2025-04-27,Delhi,Delhi,Surat,971.9,Automotive,6,3.23,Rail,Ecom Express,3100.84,884.28,10.55,2025-04-29,2025-05-07,2025-05-11,Delayed,3.0,No,No
ORD101217,CUST10656,2025-01-09,Bengaluru,Bengaluru,Nagpur,238.7,Grocery,3,6.21,Road,XpressBees,1091.18,235.27,9.36,2025-01-11,2025-01-16,2025-01-18,Delayed,3.0,No,No
ORD104258,CUST11517,2025-08-18,Chennai,Chennai,Nagpur,318.2,Home & Kitchen,3,1.95,Road,XpressBees,1316.2,259.37,6.73,2025-08-20,2025-08-26,2025-08-26,Delivered,4.0,No,No
ORD102664,CUST11741,2025-04-11,Chennai,Chennai,Surat,332.8,Grocery,2,4.18,Road,Blue Dart,1449.51,347.42,7.92,2025-04-13,2025-04-18,2025-04-18,Delivered,4.0,No,No
ORD101472,CUST10544,2025-04-14,Pune,Pune,Indore,332.2,Home & Kitchen,7,1.22,Rail,Shadowfax,1190.23,252.4,10.88,2025-04-17,2025-04-24,2025-04-24,Delivered,4.0,No,Yes
ORD102745,CUST10178,2025-08-10,Hyderabad,Hyderabad,Pune,311.6,Sports,1,3.91,Road,Shadowfax,1351.94,230.64,5.71,2025-08-13,2025-08-19,2025-08-19,Delivered,5.0,No,No
ORD103929,CUST10458,2025-11-24,Mumbai,Mumbai,Ahmedabad,233.5,Clothing,7,1.85,Rail,Delhivery,779.52,203.42,10.36,2025-11-26,2025-12-03,2025-12-03,Delivered,4.0,No,No
ORD104750,CUST10525,2025-11-06,Delhi,Delhi,Ahmedabad,286.2,Sports,5,6.57,Express,Blue Dart,2282.06,330.56,8.67,2025-11-08,2025-11-11,2025-11-11,Delivered,4.0,No,No
ORD104395,CUST11646,2025-02-03,Mumbai,Mumbai,Coimbatore,138.4,Clothing,5,3.88,Rail,Delhivery,590.84,140.68,11.06,2025-02-06,2025-02-12,2025-02-12,Delivered,4.0,No,Yes
ORD100173,CUST12692,2025-04-21,Mumbai,Mumbai,Chennai,433.8,automotive,4,9.84,Express,Shadowfax,3245.46,459.54,6.48,2025-04-23,2025-04-26,2025-04-26,Delivered,4.0,No,No
ORD104722,CUST12650,2025-01-29,Hyderabad,Hyderabad,Surat,639.6,Grocery,3,9.91,Rail,DTDC,2205.2,489.32,10.18,2025-01-31,2025-02-06,2025-02-06,Delivered,4.0,No,Yes
ORD103983,CUST12233,2025-03-30,Delhi,Delhi,Vijayawada,498.0,Beauty,3,3.3,Rail,DTDC,1602.74,570.76,9.22,2025-04-02,2025-04-08,2025-04-08,Delivered,4.0,No,No
ORD102740,CUST11224,2025-12-05,Delhi,Delhi,Ahmedabad,50.3,Books,1,2.69,Air,Blue Dart,473.92,20.0,7.93,2025-12-07,2025-12-09,2025-12-09,Delivered,4.0,No,No
ORD100865,CUST10834,2025-07-27,Hyderabad,Hyderabad,Pune,589.3,Sports,7,4.74,Air,Shadowfax,5482.62,595.8,4.87,2025-07-29,2025-07-31,2025-07-31,Delivered,5.0,No,No
ORD103687,CUST11329,2025-10-15,Bengaluru,Bengaluru,Vijayawada,430.9,Sports,7,5.72,Road,Delhivery,1953.25,350.68,12.49,2025-10-18,2025-10-25,2025-10-25,Delivered,5.0,No,No
ORD100920,CUST10595,2025-10-29,Delhi,Delhi,Indore,794.1,Books,3,4.92,Express,DTDC,5723.79,,9.55,2025-10-31,2025-11-06,2025-11-07,Delayed,3.0,No,No
ORD103504,CUST10346,2025-02-27,Delhi,Delhi,Lucknow,487.2,Sports,6,6.94,Road,XpressBees,2116.72,511.96,6.18,2025-03-01,2025-03-06,2025-03-06,Delivered,4.0,No,No
ORD102804,CUST10102,2025-03-11,Pune,Pune,Bhopal,163.4,Home & Kitchen,7,4.47,Express,Blue Dart,1199.27,173.68,9.06,2025-03-13,2025-03-17,2025-03-17,Delivered,3.0,No,No
ORD102722,CUST11271,2025-10-14,Mumbai,Mumbai,Pune,176.8,Electronics,1,4.48,Road,Delhivery,836.68,86.38,10.79,2025-10-17,2025-10-22,2025-10-22,Delivered,4.0,No,Yes
ORD104620,CUST12516,2025-08-22,Chennai,Chennai,Surat,602.6,Books,1,9.05,Rail,Blue Dart,2306.44,731.99,8.06,2025-08-24,2025-08-30,2025-08-30,Delivered,4.0,No,No
ORD100124,CUST12499,2025-10-18,Delhi,Delhi,Surat,173.8,Grocery,4,1.68,Express,Shadowfax,1215.41,121.46,9.38,2025-10-21,2025-10-25,2025-10-25,Delivered,4.0,No,No
ORD102206,CUST12335,2025-03-26,Bengaluru,Bengaluru,Indore,382.8,Automotive,2,7.57,Air,Blue Dart,3604.5,295.8,6.58,2025-03-28,2025-03-31,2025-03-31,Delivered,5.0,No,No
ORD103107,CUST11448,2025-11-28,Mumbai,Mumbai,Kochi,400.8,Books,1,4.74,Air,DTDC,3697.83,435.06,11.33,2025-11-30,2025-12-03,2025-12-05,Delayed,3.0,No,No
ORD104676,CUST10687,2025-12-10,Bengaluru,Bengaluru,Hyderabad,129.1,Home & Kitchen,1,11.75,Road,Blue Dart,730.09,85.61,6.67,2025-12-13,2025-12-18,2025-12-18,Delivered,4.0,No,No
ORD103478,CUST10281,2025-05-31,Chennai,Chennai,Jaipur,392.2,Sports,4,7.91,Road,Delhivery,1917.57,367.31,10.53,2025-06-02,2025-06-08,2025-06-10,Delayed,3.0,Yes,No
ORD101771,CUST11700,2025-05-24,Mumbai,Mumbai,Indore,399.1,Sports,7,4.18,Road,XpressBees,1730.16,373.6,10.02,2025-05-27,2025-06-02,2025-06-04,Delayed,4.0,No,No
ORD102240,CUST10617,2025-02-11,Hyderabad,Hyderabad,Vijayawada,756.8,Electronics,6,26.59,Express,XpressBees,5675.16,838.38,,2025-02-14,2025-02-18,2025-02-18,Delivered,5.0,No,No
ORD104300,CUST12612,2025-05-19,Pune,Pune,Delhi,196.0,Home & Kitchen,2,11.22,Road,Delhivery,996.61,160.52,8.34,2025-05-20,2025-05-24,2025-05-24,Delivered,4.0,No,No
ORD103835,CUST10968,2025-03-08,Delhi,Delhi,Bhopal,133.5,Clothing,6,3.91,Road,Delhivery,662.08,140.75,11.33,2025-03-11,2025-03-17,2025-03-18,Delayed,3.0,No,No
ORD101937,CUST10238,2025-10-15,Delhi,Delhi,Ahmedabad,79.9,Beauty,2,8.75,Air,XpressBees,897.4,91.71,15.1,2025-10-18,2025-10-20,2025-10-23,Delayed,3.0,No,No
ORD102363,CUST10264,2025-09-24,Chennai,Chennai,Lucknow,417.2,Electronics,4,4.12,Road,Delhivery,1880.33,267.89,12.04,2025-09-27,2025-10-02,2025-10-05,Delayed,4.0,No,No
ORD102633,CUST10552,2025-03-29,Pune,Pune,Hyderabad,150.9,Automotive,7,1.4,Road,XpressBees,515.85,69.05,8.59,2025-04-01,2025-04-06,2025-04-06,Delivered,4.0,No,No
ORD100682,CUST10623,2025-06-24,Delhi,Delhi,Surat,177.8,Beauty,4,6.12,Road,Delhivery,935.68,170.62,10.69,2025-06-27,2025-07-02,2025-07-03,Delayed,2.0,No,No
ORD103454,CUST10416,2025-09-16,Chennai,Chennai,Visakhapatnam,938.5,Beauty,6,6.57,Road,Shadowfax,4090.78,1007.07,4.58,2025-09-18,2025-09-23,2025-09-27,Delayed,3.0,No,No
ORD102096,CUST10872,2025-04-10,Hyderabad,Hyderabad,Mumbai,378.6,Electronics,2,15.31,Rail,Delhivery,1443.17,282.37,7.36,2025-04-11,2025-04-17,2025-04-17,Delivered,4.0,No,No
ORD102774,CUST11487,2025-10-28,Delhi,Delhi,Vijayawada,335.0,Clothing,2,6.5,Air,DTDC,3340.3,294.98,5.9,2025-10-30,2025-11-01,2025-11-01,Delivered,4.0,No,No
ORD104369,CUST10879,2025-07-28,Chennai,Chennai,Mumbai,370.2,Books,5,8.37,Road,XpressBees,1794.18,269.56,9.37,2025-07-30,2025-08-05,2025-08-05,Delivered,5.0,No,No
ORD102690,CUST11413,2025-03-29,Pune,Pune,Chennai,189.4,Electronics,3,1.0,Road,Ecom Express,865.71,131.81,10.94,2025-04-01,2025-04-07,2025-04-07,Delivered,4.0,No,No
ORD102052,CUST10770,2025-01-02,Mumbai,Mumbai,Visakhapatnam,202.2,Sports,7,5.13,Rail,Blue Dart,744.16,90.9,9.15,2025-01-04,2025-01-09,2025-01-09,Delivered,5.0,No,No
ORD100693,CUST11362,2025-03-31,Pune,Pune,Jaipur,579.6,Electronics,7,4.2,Road,Blue Dart,2551.2,550.31,5.76,2025-04-03,2025-04-09,2025-04-09,Delivered,5.0,No,No
ORD103721,CUST11975,2025-12-15,Chennai,Chennai,Coimbatore,455.0,Home & Kitchen,4,4.03,Air,DTDC,4098.22,543.16,3.85,2025-12-17,2025-12-21,2025-12-21,Delivered,4.0,No,No
ORD101017,CUST10203,2025-05-10,Hyderabad,Hyderabad,Ahmedabad,171.0,Clothing,1,13.69,Air,Blue Dart,1726.96,159.15,3.82,2025-05-11,2025-05-15,2025-05-15,Delivered,4.0,No,No
ORD104365,CUST12598,2025-07-06,Hyderabad,Hyderabad,Lucknow,491.6,Automotive,4,9.29,Rail,Delhivery,1649.01,574.14,7.57,2025-07-08,2025-07-15,2025-07-15,Delivered,4.0,No,No
ORD103781,CUST10803,2025-04-13,Mumbai,Mumbai,Surat,505.2,Grocery,5,5.43,Road,blue dart,2295.19,391.12,12.57,2025-04-16,2025-04-21,2025-04-21,Delivered,4.0,No,No
ORD101257,CUST10971,2025-05-01,Bengaluru,Bengaluru,Bhopal,363.9,Beauty,3,5.01,Road,Shadowfax,1703.21,272.81,6.93,2025-05-03,2025-05-08,2025-05-10,Delayed,3.0,No,No
ORD102842,CUST11830,2025-09-16,Chennai,Chennai,Nagpur,376.8,Clothing,7,4.93,Rail,DTDC,1436.78,429.85,6.89,2025-09-18,2025-09-24,2025-09-27,Delayed,3.0,No,No
ORD102869,CUST10488,2025-01-28,Hyderabad,Hyderabad,Nagpur,835.4,Automotive,3,3.26,Road,Shadowfax,3623.65,917.1,9.07,2025-01-31,2025-02-06,2025-02-06,Delivered,3.0,No,No
ORD103032,CUST11462,2025-02-19,Bengaluru,Bengaluru,Kolkata,472.1,Sports,4,10.45,Rail,XpressBees,1601.81,378.72,7.43,2025-02-21,2025-02-27,2025-02-27,Delivered,3.0,No,No
ORD103762,CUST10015,2025-01-30,Mumbai,Mumbai,Bengaluru,883.7,Clothing,6,10.75,Road,Blue Dart,3996.82,814.9,12.34,2025-02-02,2025-02-08,2025-02-08,Delivered,4.0,No,No
ORD100937,CUST10963,2025-07-23,Delhi,Delhi,Mumbai,147.5,Automotive,7,4.52,Air,XpressBees,1536.58,130.27,10.3,2025-07-26,2025-07-27,2025-07-27,Delivered,,No,No
ORD100819,CUST11490,2025-01-25,Mumbai,Mumbai,Kolkata,649.8,Clothing,4,0.55,Road,Ecom Express,2859.17,645.63,9.75,2025-01-28,2025-02-03,2025-02-03,Delivered,5.0,No,No
ORD104549,CUST11853,2025-01-31,Hyderabad,Hyderabad,Surat,543.8,Home & Kitchen,6,0.99,Road,Ecom Express,2461.23,507.1,5.28,2025-02-02,2025-02-09,2025-02-09,Delivered,5.0,No,No
ORD102794,CUST10531,2025-08-20,Chennai,Chennai,Coimbatore,448.5,Electronics,3,2.86,Road,Ecom Express,2063.52,408.58,7.81,2025-08-21,2025-08-27,2025-08-27,Delivered,5.0,No,No
ORD104029,CUST10244,2025-11-25,Pune,Pune,Delhi,590.6,Clothing,2,9.65,Air,DTDC,5480.4,497.97,9.09,2025-11-27,2025-11-30,2025-11-30,Delivered,4.0,No,No
ORD100481,CUST12731,2025-10-27,Bengaluru,Bengaluru,Ahmedabad,142.6,Beauty,4,8.03,Rail,Blue Dart,594.38,57.95,4.38,2025-10-29,2025-11-03,2025-11-03,Delivered,4.0,No,No
ORD100571,CUST12570,2025-09-02,Delhi,Delhi,Pune,559.0,Automotive,2,3.99,Rail,Shadowfax,1938.87,564.96,10.34,2025-09-05,2025-09-13,2025-09-13,Delivered,5.0,No,No
ORD100294,CUST10394,2025-03-04,Bengaluru,Bengaluru,Bhopal,353.2,Electronics,5,13.27,Rail,XpressBees,1392.01,264.34,5.83,2025-03-06,2025-03-12,2025-03-12,Delivered,5.0,No,No
ORD102996,CUST10016,2025-07-17,Hyderabad,Hyderabad,Surat,308.7,Automotive,2,3.75,Rail,Delhivery,1096.12,364.59,9.2,2025-07-20,2025-07-26,2025-07-26,Delivered,5.0,No,No
ORD101774,CUST10108,2025-08-11,Bengaluru,Bengaluru,Chennai,1213.4,Beauty,5,2.29,Air,DTDC,11177.94,1363.07,6.9,2025-08-13,2025-08-18,2025-08-18,Delivered,5.0,No,No
ORD102585,CUST11018,2025-04-06,Chennai,Chennai,Coimbatore,711.5,Clothing,4,11.19,Air,XpressBees,6699.01,634.71,10.66,2025-04-08,2025-04-11,2025-04-11,Delivered,5.0,No,No
ORD102892,CUST10701,2025-04-03,Hyderabad,Hyderabad,Kochi,573.1,Electronics,1,4.55,Air,Blue Dart,5178.44,424.7,6.07,2025-04-05,2025-04-07,2025-04-07,Delivered,5.0,No,Yes
ORD101213,CUST10482,2025-07-28,Pune,Pune,Lucknow,708.5,Sports,6,0.29,Road,Delhivery,3158.07,524.65,11.77,2025-07-30,2025-08-06,2025-08-06,Delivered,5.0,No,No
ORD100888,CUST11633,2025-09-24,Pune,Pune,Indore,121.0,Beauty,5,12.23,Road,Shadowfax,855.64,33.35,9.64,2025-09-27,2025-10-01,2025-10-01,Delivered,4.0,No,No
ORD102902,CUST12754,2025-10-23,Chennai,Chennai,Hyderabad,647.0,Beauty,7,2.63,Air,DTDC,5875.59,461.36,11.09,2025-10-26,2025-10-29,2025-11-01,Delayed,4.0,No,No
ORD101815,CUST10950,2025-06-22,Mumbai,Mumbai,Indore,244.3,Automotive,7,1.45,Road,Blue Dart,1152.32,185.38,7.16,2025-06-24,2025-06-28,2025-06-28,Delivered,4.0,No,No
ORD102574,CUST10678,2025-06-03,Chennai,Chennai,Indore,638.3,Beauty,5,8.53,Express,Delhivery,4657.75,687.49,8.8,2025-06-05,2025-06-10,2025-06-12,Delayed,4.0,No,No
ORD104677,CUST10387,2025-06-13,Pune,Pune,Ahmedabad,29.9,Electronics,6,7.86,Air,Delhivery,396.85,25.57,11.08,2025-06-15,2025-06-18,2025-06-20,Delayed,5.0,No,No
ORD103533,CUST12071,2025-08-06,Pune,Pune,Nagpur,215.6,Grocery,2,1.07,Road,XpressBees,1056.57,229.87,4.9,2025-08-08,2025-08-12,2025-08-13,Delayed,3.0,No,No
ORD101603,CUST10514,2025-12-31,Mumbai,Mumbai,Kochi,318.5,Beauty,1,3.74,Road,XpressBees,1319.28,303.11,6.74,2026-01-03,2026-01-09,2026-01-09,Delivered,5.0,No,No
ORD101649,CUST12580,2025-06-29,Bengaluru,Bengaluru,Nagpur,1373.5,Grocery,5,8.49,Road,Delhivery,5990.78,1488.02,6.43,2025-07-01,2025-07-09,2025-07-12,Delayed,3.0,No,Yes
ORD104544,CUST11312,2025-10-24,Mumbai,Mumbai,Bhopal,376.6,Grocery,4,1.27,Rail,blue dart,1134.89,394.88,12.13,2025-10-27,2025-11-04,2025-11-06,Delayed,3.0,No,No
ORD102484,CUST12582,2025-05-19,Bengaluru,Bengaluru,Lucknow,145.5,Electronics,4,4.79,Road,Shadowfax,793.07,133.77,5.48,2025-05-21,2025-05-25,2025-05-25,Delivered,,No,No
ORD100158,CUST10755,2025-01-16,Hyderabad,Hyderabad,Pune,105.4,Beauty,3,1.03,Road,DTDC,620.76,41.85,6.28,2025-01-18,2025-01-22,2025-01-26,Delayed,4.0,No,No
ORD100883,CUST11465,2025-09-08,Hyderabad,Hyderabad,Jaipur,65.9,Automotive,4,2.47,Road,Delhivery,375.02,65.88,8.78,2025-09-10,2025-09-15,2025-09-20,Delayed,4.0,No,No
ORD101261,CUST12570,2025-03-27,Chennai,Chennai,Jaipur,673.9,Home & Kitchen,6,13.83,Road,Blue Dart,3159.62,646.9,8.27,2025-03-30,2025-04-05,2025-04-05,Delivered,4.0,No,No
ORD103962,CUST10752,2025-01-13,Chennai,Chennai,Kochi,294.1,Beauty,7,1.55,Road,Shadowfax,1262.33,323.88,7.1,2025-01-15,2025-01-20,2025-01-20,Delivered,4.0,No,No
ORD103528,CUST11793,2025-04-04,Hyderabad,Hyderabad,Indore,166.5,Books,7,2.11,Road,Shadowfax,888.73,165.31,8.64,2025-04-07,2025-04-11,2025-04-11,Delivered,4.0,No,No
ORD100673,CUST10791,2025-05-02,Hyderabad,Hyderabad,Nagpur,179.6,Home & Kitchen,5,2.49,Rail,Shadowfax,596.72,103.84,7.78,2025-05-04,2025-05-11,2025-05-11,Delivered,4.0,No,No
ORD100675,CUST11946,2025-12-23,Pune,Pune,Surat,232.6,Beauty,2,1.68,Air,Blue Dart,2080.8,231.95,7.37,2025-12-25,2025-12-28,2025-12-28,Delivered,4.0,No,No
ORD100236,CUST10188,2025-03-25,Delhi,Delhi,Mumbai,546.7,Sports,6,3.8,Road,DTDC,2519.52,663.37,,2025-03-27,2025-04-02,2025-04-04,Delayed,4.0,No,No
ORD102446,CUST12333,2025-11-19,Hyderabad,Hyderabad,Pune,787.5,Sports,3,2.7,Road,DTDC,3418.48,747.84,8.29,2025-11-22,2025-11-28,2025-11-28,Delivered,5.0,No,No
ORD103710,CUST11104,2025-10-31,Bengaluru,Bengaluru,Hyderabad,551.6,Beauty,6,2.24,Road,Delhivery,2446.09,552.41,10.7,2025-11-02,2025-11-09,2025-11-15,Delayed,4.0,No,No
ORD100877,CUST12309,2025-07-11,Chennai,Chennai,,222.2,Electronics,4,5.16,Express,DTDC,1747.9,162.76,9.77,2025-07-13,2025-07-16,2025-07-17,Delayed,5.0,No,No
ORD103881,CUST12233,2025-10-12,Bengaluru,Bengaluru,Nagpur,359.1,Home & Kitchen,2,0.45,Air,DTDC,3349.71,209.25,10.6,2025-10-14,2025-10-18,2025-10-18,Delivered,4.0,No,No
ORD103175,CUST11659,2025-12-16,Pune,Pune,Ahmedabad,462.6,Sports,1,7.48,Road,Ecom Express,1948.78,479.07,13.32,2025-12-19,2025-12-24,2025-12-25,Delayed,3.0,Yes,No
ORD103735,CUST11258,2025-02-23,Pune,Pune,Surat,214.6,Sports,7,12.45,Express,Delhivery,1764.25,208.14,6.44,2025-02-24,2025-02-27,2025-02-27,Delivered,5.0,No,No
ORD103586,CUST11004,2025-05-15,Bengaluru,Bengaluru,Jaipur,839.7,Automotive,1,4.5,Road,Delhivery,3575.47,761.18,7.45,2025-05-18,2025-05-24,2025-05-24,Delivered,5.0,No,No
ORD104157,CUST10791,2025-01-01,Pune,Pune,Indore,297.1,Electronics,2,9.05,Rail,Ecom Express,972.13,327.8,10.34,2025-01-04,2025-01-09,2025-01-10,Delayed,3.0,No,No
ORD102105,CUST12005,2025-09-01,Hyderabad,Hyderabad,Vijayawada,927.5,Electronics,5,2.77,Air,XpressBees,8461.38,1029.86,8.09,2025-09-04,2025-09-08,2025-09-08,Delivered,4.0,Yes,No
ORD103847,CUST11448,2025-06-17,Hyderabad,Hyderabad,Bhopal,515.7,Automotive,2,3.15,Road,DTDC,2310.04,465.95,,2025-06-18,2025-06-25,2025-06-25,Delivered,4.0,No,Yes
ORD103066,CUST11815,2025-03-22,Chennai,Chennai,Ahmedabad,466.6,Sports,6,11.51,Rail,Shadowfax,1747.75,488.52,7.02,2025-03-24,2025-03-31,2025-03-31,Delivered,5.0,No,No
ORD103434,CUST11028,2025-06-29,Pune,Pune,Visakhapatnam,260.9,Sports,4,2.25,Road,DTDC,1140.37,324.41,6.07,2025-07-01,2025-07-07,2025-07-09,Delayed,3.0,No,No
ORD101002,CUST10167,2025-10-19,Mumbai,Mumbai,Bhopal,150.5,Home & Kitchen,6,2.76,Rail,Delhivery,595.91,166.75,9.42,2025-10-22,2025-10-28,2025-10-28,Delivered,4.0,Yes,No
ORD103769,CUST11723,2025-05-08,Hyderabad,Hyderabad,Vijayawada,512.6,Sports,6,6.17,Air,Blue Dart,4813.03,521.8,5.46,2025-05-10,2025-05-13,2025-05-13,Delivered,4.0,No,No
ORD100561,CUST10420,2025-05-30,Hyderabad,Hyderabad,Indore,266.4,Automotive,5,9.2,Road,DTDC,1326.01,168.95,5.81,2025-06-01,2025-06-06,2025-06-08,Delayed,3.0,No,No
ORD101548,CUST10535,2025-08-30,Pune,Pune,Indore,1229.3,Grocery,7,1.29,Express,DTDC,8669.59,968.47,8.96,2025-09-02,2025-09-07,2025-09-07,Delivered,4.0,No,No
ORD103337,CUST11882,2025-05-13,Pune,Pune,Visakhapatnam,709.6,Grocery,6,5.2,Road,Blue Dart,3267.26,507.42,9.11,2025-05-14,2025-05-20,2025-05-20,Delivered,4.0,No,No
ORD103385,CUST11419,2025-02-18,Chennai,Chennai,Lucknow,411.3,Sports,5,4.71,Rail,Ecom Express,1566.36,351.54,9.11,2025-02-21,2025-02-26,2025-02-26,Delivered,4.0,No,No
ORD100452,CUST12644,2025-07-17,Chennai,Chennai,Coimbatore,949.3,Clothing,5,6.75,Express,Shadowfax,6768.0,1079.94,3.77,2025-07-19,2025-07-24,2025-07-24,Delivered,4.0,No,No
ORD100188,CUST11351,2025-05-18,Delhi,Delhi,Bengaluru,825.1,Books,5,18.13,Rail,Shadowfax,2885.81,766.03,9.77,2025-05-21,2025-05-29,2025-05-29,Delivered,3.0,No,No
ORD103694,CUST11684,2025-08-17,Hyderabad,Hyderabad,Mumbai,371.8,Sports,5,15.18,Air,Ecom Express,3672.83,324.53,5.92,2025-08-19,2025-08-22,2025-08-22,Delivered,5.0,No,No
ORD104028,CUST12739,2025-10-05,Pune,Pune,Nagpur,432.6,Sports,4,8.09,Road,Ecom Express,1917.28,310.1,11.16,2025-10-08,2025-10-14,2025-10-14,Delivered,4.0,No,No
ORD102760,CUST12460,2025-04-04,Mumbai,Mumbai,Chennai,311.7,Automotive,4,3.02,Road,XpressBees,1524.7,261.7,11.99,2025-04-07,2025-04-12,2025-04-12,Delivered,3.0,No,No
ORD102046,CUST11576,2025-05-13,Chennai,Chennai,Kochi,819.8,Automotive,6,3.02,Road,Delhivery,3488.93,557.01,8.92,2025-05-16,2025-05-22,2025-05-22,Delivered,4.0,No,No
ORD100929,CUST11826,2025-11-22,bengaluru,Bengaluru,Nagpur,642.7,Sports,7,4.71,Road,XpressBees,2905.74,474.93,4.39,2025-11-25,2025-12-01,2025-12-01,Delivered,5.0,No,No
ORD102310,CUST10157,2025-08-09,Bengaluru,Bengaluru,Vijayawada,221.6,Sports,2,3.06,Express,DTDC,1655.28,157.82,10.31,2025-08-12,2025-08-14,2025-08-14,Delivered,5.0,No,No
ORD102382,CUST10247,2025-10-16,Bengaluru,Bengaluru,Vijayawada,600.6,Beauty,4,4.02,Road,Shadowfax,2572.16,509.74,9.35,2025-10-17,2025-10-23,2025-10-23,Delivered,4.0,No,No
ORD101121,CUST12662,2025-12-15,Hyderabad,Hyderabad,Jaipur,800.9,Automotive,5,11.43,Road,Shadowfax,3617.39,891.27,11.87,2025-12-17,2025-12-23,2025-12-23,Delivered,5.0,No,No
ORD104003,CUST12777,2025-03-08,Mumbai,Mumbai,Ahmedabad,533.6,Electronics,7,5.2,Rail,Ecom Express,1962.48,392.04,11.17,2025-03-10,2025-03-19,2025-03-20,Delayed,3.0,No,No
ORD100602,CUST10381,2025-10-25,Mumbai,Mumbai,Bhopal,141.1,Sports,5,4.91,Road,Delhivery,630.81,108.54,10.62,2025-10-28,2025-11-01,2025-11-01,Delivered,4.0,No,No
ORD102841,CUST12118,2025-06-01,Hyderabad,Hyderabad,Surat,133.3,Beauty,5,4.99,Express,Delhivery,1143.28,178.38,8.78,2025-06-03,2025-06-07,2025-06-07,Delivered,4.0,No,No
ORD103455,CUST12381,2025-05-06,Hyderabad,Hyderabad,Surat,838.6,Clothing,7,3.58,Road,XpressBees,3583.98,679.66,5.45,2025-05-08,2025-05-14,2025-05-15,Delayed,3.0,No,No
ORD104045,CUST11587,2025-03-01,Hyderabad,Hyderabad,Pune,547.0,Grocery,6,1.61,Rail,XpressBees,1834.69,602.13,5.46,2025-03-04,2025-03-10,2025-03-10,Delivered,5.0,No,No
ORD102050,CUST10791,2025-08-04,Pune,Pune,Jaipur,95.4,Grocery,1,11.5,Air,Delhivery,1036.73,118.12,6.89,2025-08-06,2025-08-09,2025-08-11,Delayed,3.0,No,No
ORD104203,CUST10541,2025-11-15,Mumbai,Mumbai,Kolkata,616.9,Automotive,6,4.65,Rail,DTDC,2158.86,594.56,7.82,2025-11-16,2025-11-23,2025-11-23,Delivered,5.0,No,No
ORD101506,CUST10587,2025-04-01,Hyderabad,Hyderabad,Jaipur,263.6,Sports,4,6.44,Road,Delhivery,1287.21,204.8,7.75,2025-04-03,2025-04-08,2025-04-08,Delivered,3.0,No,No
ORD104502,CUST11819,2025-07-09,Bengaluru,Bengaluru,Pune,264.5,Clothing,4,6.08,Express,Delhivery,1880.39,252.86,8.35,2025-07-11,2025-07-13,2025-07-13,Delivered,5.0,No,No
ORD100218,CUST12672,2025-06-10,Pune,Pune,Jaipur,419.5,Grocery,1,9.69,Road,DTDC,1897.67,438.56,8.52,2025-06-12,2025-06-17,2025-06-17,Delivered,5.0,No,No
ORD102644,CUST10964,2025-02-15,Hyderabad,Hyderabad,Kolkata,142.4,Home & Kitchen,3,5.17,Rail,XpressBees,613.97,166.97,7.98,2025-02-17,2025-02-25,2025-02-25,Delivered,4.0,No,No
ORD104891,CUST11792,2025-01-16,Mumbai,Mumbai,Kochi,747.0,Grocery,4,3.04,Road,Ecom Express,3308.65,587.57,11.86,2025-01-18,2025-01-24,2025-01-24,Delivered,5.0,No,No
ORD102937,CUST10051,2025-03-02,Pune,Pune,Vijayawada,329.3,Beauty,7,4.45,Air,Shadowfax,3170.91,309.06,,2025-03-05,2025-03-07,2025-03-07,Delivered,5.0,No,No
ORD104150,CUST11799,2025-06-22,Hyderabad,Hyderabad,Ahmedabad,468.3,Clothing,5,4.56,Rail,Ecom Express,1623.66,501.44,7.26,2025-06-23,2025-06-29,2025-06-29,Delivered,4.0,No,No
ORD103336,CUST10374,2025-12-27,Delhi,Delhi,Hyderabad,1217.5,Electronics,6,4.26,Road,Delhivery,5362.16,1170.18,9.42,2025-12-30,2026-01-06,2026-01-06,Delivered,4.0,No,No
ORD102558,CUST11639,2025-04-27,Pune,Pune,Ahmedabad,234.1,Grocery,5,4.6,Road,Shadowfax,1186.43,268.62,7.71,2025-04-29,2025-05-05,2025-05-08,Delayed,2.0,No,No
ORD101700,CUST12030,2025-07-09,Mumbai,Mumbai,Pune,157.0,Clothing,4,0.39,Road,Delhivery,698.42,121.98,10.92,2025-07-12,2025-07-17,2025-07-17,Delivered,5.0,No,No
ORD101529,CUST10491,2025-07-27,Hyderabad,Hyderabad,Vijayawada,584.8,Clothing,7,3.41,Road,Ecom Express,2522.28,595.15,6.68,2025-07-30,2025-08-05,2025-08-05,Delivered,5.0,No,No
ORD103334,CUST11434,2025-02-06,Bengaluru,Bengaluru,Lucknow,734.1,Home & Kitchen,7,2.71,Express,Shadowfax,5338.77,644.77,5.66,2025-02-08,2025-02-12,2025-02-13,Delayed,4.0,No,No
ORD101328,CUST10294,2025-06-25,Pune,Pune,Indore,282.3,Clothing,7,2.79,Road,Blue Dart,1310.52,339.15,8.46,2025-06-27,2025-07-03,2025-07-03,Delivered,4.0,No,No
ORD101832,CUST10541,2025-02-14,Hyderabad,Hyderabad,Mumbai,541.1,Automotive,5,3.45,Rail,DTDC,1808.82,338.27,7.21,2025-02-15,2025-02-23,2025-02-24,Delayed,4.0,No,No
ORD101662,CUST10611,2025-11-08,Chennai,Chennai,Bengaluru,338.8,Electronics,3,2.87,Road,DTDC,1553.97,294.49,7.56,2025-11-11,2025-11-18,2025-11-18,Delivered,3.0,No,No
ORD100752,CUST11598,2025-06-30,Pune,Pune,Coimbatore,170.4,Automotive,1,10.99,Road,XpressBees,923.07,114.82,11.18,2025-07-03,2025-07-08,2025-07-08,Delivered,5.0,No,No
ORD104688,CUST10496,2025-02-23,Bengaluru,Bengaluru,Jaipur,250.8,Books,4,5.46,Rail,Blue Dart,926.56,275.94,9.53,2025-02-25,2025-03-03,2025-03-03,Delivered,,No,No
ORD103284,CUST12553,2025-06-14,Hyderabad,Hyderabad,,304.5,Electronics,3,3.68,Road,Ecom Express,1403.12,317.69,5.73,2025-06-16,2025-06-23,2025-06-23,Delivered,4.0,No,No
ORD102910,CUST10913,2025-06-07,Chennai,Chennai,Visakhapatnam,281.4,Electronics,5,4.9,Air,Delhivery,2507.78,278.36,8.02,2025-06-09,2025-06-11,2025-06-11,Delivered,4.0,No,No
ORD101166,CUST12590,2025-09-15,Hyderabad,Hyderabad,Mumbai,139.1,Beauty,1,3.18,Rail,Blue Dart,365.27,149.52,7.18,2025-09-17,2025-09-23,2025-09-23,Delivered,5.0,No,No
ORD101688,CUST10399,2025-10-14,Bengaluru,Bengaluru,Lucknow,69.5,Home & Kitchen,2,7.96,Rail,XpressBees,533.01,68.25,7.49,2025-10-16,2025-10-23,2025-10-23,Delivered,4.0,No,No
ORD104362,CUST11434,2025-09-25,Mumbai,Mumbai,Hyderabad,590.6,Clothing,2,6.51,Express,Shadowfax,4234.36,400.79,10.37,2025-09-28,2025-10-02,2025-10-02,Delivered,4.0,No,No
ORD102032,CUST11369,2025-03-24,Bengaluru,Bengaluru,Lucknow,511.8,Home & Kitchen,3,3.25,Road,Blue Dart,2201.3,625.87,10.29,2025-03-26,2025-03-30,2025-04-06,Delayed,3.0,No,No
ORD100394,CUST12325,2025-12-16,Delhi,Delhi,Kochi,214.3,Grocery,6,1.23,Road,Delhivery,998.5,159.55,9.13,2025-12-20,2025-12-25,2025-12-25,Delivered,4.0,No,No
ORD100832,CUST10952,2025-02-04,Bengaluru,Bengaluru,Coimbatore,225.7,Beauty,2,15.38,Road,Blue Dart,1374.51,140.07,10.75,2025-02-06,2025-02-12,2025-02-12,Delivered,4.0,No,No
ORD102874,CUST12277,2025-09-22,Chennai,Chennai,Coimbatore,548.5,Electronics,4,4.23,Road,Delhivery,2431.4,573.36,5.52,2025-09-24,2025-10-01,2025-10-01,Delivered,4.0,No,No
ORD104165,CUST11865,2025-10-01,Chennai,Chennai,Coimbatore,322.8,Sports,5,1.66,Air,DTDC,2892.33,313.48,6.6,2025-10-03,2025-10-06,2025-10-06,Delivered,4.0,No,No
ORD102123,CUST10871,2025-05-29,Delhi,Delhi,Nagpur,822.7,Grocery,5,1.07,Express,Shadowfax,5806.67,825.77,11.07,2025-05-31,2025-06-04,2025-06-04,Delivered,3.0,No,No
ORD103027,CUST11207,2025-10-01,Mumbai,Mumbai,Bengaluru,457.3,Home & Kitchen,4,1.6,Road,Delhivery,1927.65,332.81,9.79,2025-10-04,2025-10-08,2025-10-08,Delivered,4.0,No,No
ORD101759,CUST12492,2025-09-16,Hyderabad,Hyderabad,Coimbatore,262.2,Grocery,7,6.58,Rail,Delhivery,1126.52,229.17,9.22,2025-09-19,2025-09-26,2025-09-26,Delivered,4.0,No,No
ORD102038,CUST12678,2025-01-18,Delhi,Delhi,Ahmedabad,590.1,Electronics,7,0.27,Air,XpressBees,5403.39,531.99,9.41,2025-01-21,2025-01-24,2025-01-24,Delivered,4.0,No,No
ORD103784,CUST12690,2025-08-25,Delhi,Delhi,Kochi,177.7,Grocery,1,19.83,Road,Delhivery,959.19,205.63,13.81,2025-08-28,2025-09-02,2025-09-02,Delivered,4.0,No,No
ORD104716,CUST12340,2025-08-23,Delhi,Delhi,Coimbatore,183.5,Sports,6,4.34,Express,Delhivery,1386.11,194.75,11.8,2025-08-25,2025-08-27,2025-08-27,Delivered,5.0,No,No
ORD103091,CUST11090,2025-06-02,Mumbai,Mumbai,Bhopal,110.5,Electronics,7,3.57,Air,DTDC,1061.77,20.0,5.41,2025-06-03,2025-06-05,2025-06-08,Delayed,3.0,No,No
ORD103832,CUST12690,2025-02-06,Chennai,Chennai,Indore,399.5,Automotive,2,6.1,Road,XpressBees,1925.62,326.49,7.91,2025-02-08,2025-02-12,2025-02-13,Delayed,3.0,No,No
ORD100078,CUST12152,2025-04-06,Mumbai,Mumbai,Delhi,322.9,Automotive,4,2.77,Rail,XpressBees,1206.44,254.22,8.81,2025-04-08,2025-04-15,2025-04-21,Delayed,4.0,No,No
ORD103820,CUST11902,2025-10-06,Bengaluru,Bengaluru,Vijayawada,939.6,Home & Kitchen,3,3.12,Road,Shadowfax,4039.98,949.09,8.22,2025-10-07,2025-10-15,2025-10-15,Delivered,3.0,No,No
ORD100636,CUST10530,2025-04-30,Chennai,Chennai,Kochi,335.9,Sports,7,5.43,express,Shadowfax,2399.31,166.78,6.97,2025-05-02,2025-05-05,2025-05-09,Delayed,4.0,No,No
ORD101568,CUST11300,2025-08-11,Pune,Pune,Ahmedabad,322.3,Electronics,3,7.36,Rail,Delhivery,1133.22,353.37,13.13,2025-08-14,2025-08-21,2025-08-21,Delivered,4.0,No,No
ORD103230,CUST12659,2025-10-18,Chennai,Chennai,Ahmedabad,407.6,Beauty,1,9.4,Road,XpressBees,1822.21,328.89,5.51,2025-10-20,2025-10-26,2025-10-26,Delivered,4.0,No,Yes
ORD101981,CUST12527,2025-01-23,Bengaluru,Bengaluru,Kolkata,438.2,Clothing,5,9.18,Express,DTDC,3324.56,505.78,10.72,2025-01-26,2025-01-30,2025-01-30,Delivered,5.0,No,No
ORD103657,CUST10939,2025-04-29,Pune,Pune,Hyderabad,182.6,Sports,7,8.79,Road,Ecom Express,1033.83,148.19,6.99,2025-05-01,2025-05-06,2025-05-10,Delayed,4.0,No,No
ORD102620,CUST12446,2025-04-23,Chennai,Chennai,Mumbai,481.3,Home & Kitchen,3,23.01,Road,Delhivery,2467.43,465.63,12.26,2025-04-26,2025-05-01,2025-05-01,Delivered,5.0,No,No
ORD104631,CUST10984,2025-10-21,Delhi,Delhi,Indore,205.2,Electronics,7,3.47,Road,DTDC,978.12,246.7,11.04,2025-10-24,2025-10-28,2025-10-28,Delivered,4.0,Yes,No
ORD100756,CUST12474,2025-05-27,Hyderabad,Hyderabad,Surat,719.0,Home & Kitchen,4,2.71,Rail,DTDC,2445.97,595.06,7.69,2025-05-29,2025-06-05,2025-06-05,Delivered,5.0,Yes,No
ORD100106,CUST11082,2025-07-13,Pune,Pune,Coimbatore,596.4,Beauty,7,6.17,Air,DTDC,5613.22,441.95,7.35,2025-07-16,2025-07-19,2025-07-20,Delayed,4.0,No,No
ORD100459,CUST11997,2025-03-14,Pune,Pune,Vijayawada,364.8,Beauty,4,2.84,Road,DTDC,1740.01,,6.61,2025-03-16,2025-03-21,2025-03-21,Delivered,5.0,No,No
ORD103836,CUST12143,2025-12-28,Hyderabad,Hyderabad,Chennai,244.0,Home & Kitchen,7,7.32,Road,Shadowfax,1216.4,196.23,7.17,2025-12-31,2026-01-06,2026-01-06,Delivered,5.0,No,No
ORD100631,CUST10041,2025-09-08,Pune,Pune,Surat,253.4,Home & Kitchen,7,1.97,Road,DTDC,1153.81,271.96,8.25,2025-09-10,2025-09-15,2025-09-15,Delivered,4.0,No,No
ORD100358,CUST12136,2025-02-13,Hyderabad,Hyderabad,Coimbatore,333.4,Sports,4,9.01,Road,Delhivery,1663.58,164.68,8.29,2025-02-15,2025-02-21,2025-02-24,Delayed,3.0,No,No
ORD100915,CUST10045,2025-08-26,Bengaluru,Bengaluru,Visakhapatnam,390.8,Grocery,2,2.71,Air,Shadowfax,3583.45,292.96,11.35,2025-08-29,2025-09-02,2025-09-02,Delivered,,No,No
ORD103696,CUST10355,2025-09-11,Hyderabad,Hyderabad,Jaipur,334.2,Electronics,4,6.85,Rail,Blue Dart,1309.85,294.38,5.6,2025-09-13,2025-09-20,2025-09-22,Delayed,3.0,No,No
ORD104138,CUST10322,2025-03-25,Bengaluru,Bengaluru,Kolkata,227.5,Home & Kitchen,1,6.13,Road,DTDC,1014.16,276.64,10.16,2025-03-28,2025-04-03,2025-04-04,Delayed,3.0,No,No
ORD104403,CUST11345,2025-07-18,Chennai,Chennai,Pune,213.7,Automotive,2,7.84,Express,Delhivery,1553.45,182.57,6.27,2025-07-20,2025-07-24,2025-07-24,Delivered,5.0,No,No
ORD103254,CUST11320,2025-07-14,Hyderabad,Hyderabad,Chennai,427.2,Sports,6,1.54,Rail,Delhivery,1369.39,377.42,6.98,2025-07-16,2025-07-22,2025-07-25,Delayed,3.0,No,No
ORD100632,CUST11866,2025-10-02,Mumbai,Mumbai,Indore,1010.1,Electronics,4,7.47,Road,Shadowfax,4405.05,825.28,11.05,2025-10-04,2025-10-10,2025-10-14,Delayed,3.0,No,No
ORD103660,CUST10989,2025-01-31,Delhi,Delhi,Lucknow,350.0,Sports,5,8.87,Road,Blue Dart,1769.55,379.74,13.38,2025-02-03,2025-02-08,2025-02-08,Delivered,3.0,No,No
ORD100042,CUST11804,2025-08-25,Bengaluru,Bengaluru,Indore,239.8,Sports,6,13.83,Road,Ecom Express,1186.28,230.35,6.8,2025-08-26,2025-08-31,2025-08-31,Delivered,5.0,No,No
ORD102568,CUST10371,2025-04-26,Delhi,Delhi,Jaipur,534.2,Electronics,2,2.29,Air,XpressBees,4791.12,480.54,11.3,2025-04-29,2025-05-03,2025-05-03,Delivered,5.0,No,No
ORD102151,CUST10397,2025-05-06,Mumbai,Mumbai,Vijayawada,296.1,Automotive,4,2.83,Rail,Ecom Express,978.55,332.19,8.59,2025-05-09,2025-05-17,2025-05-17,Delivered,4.0,No,No
ORD100753,CUST10191,2025-11-05,Bengaluru,Bengaluru,Indore,344.6,Grocery,6,11.38,Road,Shadowfax,1685.07,341.17,10.31,2025-11-08,2025-11-13,2025-11-15,Delayed,3.0,No,No
ORD101574,CUST12276,2025-09-30,Delhi,Delhi,Nagpur,234.7,books,6,2.26,Road,Ecom Express,1052.27,178.06,10.04,2025-10-02,2025-10-05,2025-10-06,Delayed,4.0,No,No
ORD103401,CUST12177,2025-03-18,Pune,Pune,Bengaluru,209.0,Beauty,3,3.99,Express,XpressBees,1561.84,267.86,10.51,2025-03-21,2025-03-23,2025-03-23,Delivered,4.0,No,No
ORD104973,CUST11509,2025-05-16,Delhi,Delhi,Mumbai,763.8,Electronics,3,1.17,Air,Delhivery,7082.8,578.04,9.22,2025-05-18,2025-05-22,2025-05-22,Delivered,4.0,No,No
ORD104615,CUST11003,2025-07-12,Bengaluru,Bengaluru,Hyderabad,336.3,Books,7,11.83,Express,Blue Dart,2666.01,367.52,7.26,2025-07-14,2025-07-17,2025-07-17,Delivered,4.0,No,No
ORD100591,CUST10312,2025-01-17,Delhi,Delhi,Surat,93.2,Electronics,2,6.71,Road,Ecom Express,521.5,99.9,12.49,2025-01-20,2025-01-26,2025-01-31,Delayed,5.0,No,No
ORD100927,CUST10974,2025-03-02,Hyderabad,Hyderabad,Bengaluru,284.1,Grocery,6,10.01,Road,Ecom Express,1465.42,237.57,6.19,2025-03-04,2025-03-09,2025-03-09,Delivered,4.0,No,No
ORD104591,CUST10950,2025-09-01,Bengaluru,Bengaluru,Pune,235.2,Sports,4,4.22,Rail,Blue Dart,1017.08,279.54,5.54,2025-09-04,2025-09-11,2025-09-13,Delayed,4.0,No,No
ORD102133,CUST10710,2025-03-29,Hyderabad,Hyderabad,Visakhapatnam,1364.5,Books,3,3.56,Express,Blue Dart,9822.24,1079.21,10.12,2025-03-31,2025-04-06,2025-04-11,Delayed,4.0,No,No
ORD104083,CUST12225,2025-04-26,Mumbai,Mumbai,Indore,174.5,Sports,3,3.76,Road,DTDC,885.91,159.66,14.56,2025-04-30,2025-05-03,2025-05-03,Delivered,3.0,No,No
ORD104860,CUST11875,2025-12-08,Bengaluru,Bengaluru,Hyderabad,363.4,Automotive,3,3.61,Rail,Blue Dart,1370.36,273.07,7.35,2025-12-10,2025-12-17,2025-12-17,Delivered,4.0,No,No
ORD102010,CUST12304,2025-01-17,Delhi,Delhi,Lucknow,598.0,Sports,7,5.94,Rail,DTDC,2154.01,414.14,7.78,2025-01-19,2025-01-24,2025-01-24,Delivered,4.0,No,No
ORD102594,CUST12018,2025-07-07,Hyderabad,Hyderabad,Mumbai,202.9,Automotive,4,9.98,Road,Ecom Express,1101.5,132.6,5.66,2025-07-09,2025-07-14,2025-07-19,Delayed,4.0,No,No
ORD104678,CUST12760,2025-01-11,Mumbai,Mumbai,Bengaluru,635.4,Grocery,3,6.13,Rail,Blue Dart,2238.78,617.63,6.87,2025-01-14,2025-01-21,2025-01-21,Delivered,4.0,No,No
ORD103252,CUST10167,2025-02-04,Pune,Pune,Delhi,141.9,Clothing,0,8.04,Road,Blue Dart,781.03,134.4,7.45,2025-02-06,2025-02-11,2025-02-11,Delivered,4.0,No,No
ORD103695,CUST11333,2025-03-24,Pune,Pune,Lucknow,587.1,Automotive,1,1.0,Express,Delhivery,4148.44,456.69,5.74,2025-03-26,2025-03-31,2025-03-31,Delivered,4.0,No,No
ORD101615,CUST10481,2025-02-21,Chennai,Chennai,Vijayawada,404.8,Books,2,6.32,Express,DTDC,3082.75,335.02,8.99,2025-02-25,2025-03-02,2025-03-02,Delivered,5.0,No,No
ORD102143,CUST10579,2025-03-05,Hyderabad,Hyderabad,Indore,486.8,Books,7,1.63,Road,Ecom Express,2162.02,472.98,6.46,2025-03-07,2025-03-12,2025-03-12,Delivered,3.0,No,No
ORD101458,CUST10300,2025-05-18,Delhi,Delhi,Bengaluru,214.5,Books,1,7.88,Road,XpressBees,949.16,159.66,7.68,2025-05-20,2025-05-25,2025-05-25,Delivered,,No,No
ORD101372,CUST11323,2025-12-16,Mumbai,Mumbai,Pune,269.3,Automotive,2,3.09,Road,XpressBees,1274.28,272.57,10.35,2025-12-18,2025-12-24,2025-12-24,Delivered,4.0,No,No
ORD104775,CUST11198,2025-12-08,Mumbai,Mumbai,Nagpur,152.1,Beauty,1,4.35,Rail,XpressBees,414.59,129.37,9.92,2025-12-11,2025-12-17,2025-12-19,Delayed,3.0,Yes,No
ORD100461,CUST11367,2025-05-20,Delhi,Delhi,Visakhapatnam,103.9,Beauty,4,5.2,Air,Shadowfax,,74.87,8.65,2025-05-23,2025-05-26,2025-05-26,Delivered,4.0,No,No
ORD104269,CUST12218,2025-10-05,Chennai,Chennai,Indore,159.5,Beauty,3,0.87,Road,DTDC,759.41,125.45,9.84,2025-10-07,2025-10-11,2025-10-11,Delivered,4.0,No,No
ORD102981,CUST11144,2025-12-05,Pune,Pune,Kolkata,417.1,Electronics,1,6.28,Rail,Ecom Express,1547.77,385.32,10.37,2025-12-08,2025-12-15,2025-12-15,Delivered,4.0,No,No
ORD103154,CUST11024,2025-07-04,Chennai,Chennai,Hyderabad,171.5,Automotive,4,8.69,Road,Ecom Express,820.5,225.05,,2025-07-05,2025-07-10,2025-07-10,Delivered,4.0,No,No
ORD104981,CUST10105,2025-09-26,Chennai,Chennai,Coimbatore,612.3,Electronics,6,3.14,Road,Delhivery,2687.62,631.15,3.71,2025-09-27,2025-10-03,2025-10-03,Delivered,4.0,No,No
ORD103626,CUST10830,2025-12-03,Pune,Pune,Indore,537.5,Sports,5,1.04,Express,Shadowfax,3828.35,372.11,11.41,2025-12-06,2025-12-09,2025-12-09,Delivered,5.0,No,Yes
ORD102906,CUST12252,2025-07-04,Pune,Pune,Vijayawada,1106.7,Beauty,3,7.12,Express,Shadowfax,7891.56,714.72,5.94,2025-07-06,2025-07-11,2025-07-11,Delivered,4.0,No,No
ORD103075,CUST11345,2025-10-29,Pune,Pune,Vijayawada,177.2,Books,5,11.34,Air,XpressBees,1869.38,117.32,8.92,2025-10-31,2025-11-03,2025-11-03,Delivered,5.0,No,No
ORD101197,CUST10886,2025-02-10,Hyderabad,Hyderabad,Surat,224.7,Automotive,4,6.69,Rail,DTDC,868.98,225.12,3.63,2025-02-12,2025-02-19,2025-02-19,Delivered,4.0,No,No
ORD101053,CUST10033,2025-06-20,Delhi,Delhi,Surat,170.6,Electronics,2,7.9,Road,Delhivery,920.62,176.58,9.62,2025-06-21,2025-06-26,2025-06-26,Delivered,4.0,No,Yes
ORD103684,CUST11652,2025-07-29,Chennai,Chennai,Vijayawada,398.6,Books,1,23.7,Rail,Delhivery,1808.19,453.35,5.29,2025-07-31,2025-08-07,2025-08-07,Delivered,4.0,Yes,No
ORD101879,CUST11892,2025-06-08,Mumbai,Mumbai,Chennai,211.4,Beauty,6,5.94,Road,Blue Dart,1110.58,178.41,8.56,2025-06-10,2025-06-15,2025-06-15,Delivered,5.0,No,No
ORD104160,CUST10751,2025-07-17,Bengaluru,Bengaluru,Vijayawada,74.6,Automotive,2,0.77,Rail,Shadowfax,209.8,65.94,11.09,2025-07-19,2025-07-25,2025-07-25,Delivered,4.0,No,No
ORD100882,CUST11667,2025-05-01,Delhi,Delhi,Jaipur,465.7,Clothing,7,3.06,Air,Shadowfax,4224.8,548.55,11.84,2025-05-04,2025-05-07,2025-05-07,Delivered,4.0,No,Yes
ORD101373,CUST10840,2025-04-22,Chennai,Chennai,Hyderabad,332.0,grocery,1,6.07,Road,XpressBees,1566.12,319.63,8.92,2025-04-24,2025-04-28,2025-04-28,Delivered,5.0,No,No
ORD101978,CUST10129,2025-03-04,Mumbai,Mumbai,Visakhapatnam,448.4,Automotive,2,7.88,Road,XpressBees,2047.45,338.23,13.55,2025-03-07,2025-03-13,2025-03-13,Delivered,5.0,No,No
ORD100859,CUST11268,2025-10-10,Bengaluru,Bengaluru,Coimbatore,393.7,Home & Kitchen,1,3.04,Rail,Ecom Express,1438.22,361.31,11.19,2025-10-12,2025-10-18,2025-10-18,Delivered,5.0,No,No
ORD104598,CUST12786,2025-11-10,Hyderabad,Hyderabad,Kolkata,265.9,Home & Kitchen,6,1.5,Road,Delhivery,1335.25,256.66,7.98,2025-11-12,2025-11-17,2025-11-17,Delivered,5.0,No,No
ORD100666,CUST11124,2025-11-25,Delhi,Delhi,Nagpur,422.9,Beauty,3,0.82,Road,Delhivery,1808.21,399.04,4.17,2025-11-26,2025-12-01,2025-12-01,Delivered,5.0,No,No
ORD101150,CUST11567,2025-02-24,Hyderabad,Hyderabad,Visakhapatnam,399.0,Sports,5,5.74,Rail,Shadowfax,1408.91,322.39,3.1,2025-02-26,2025-03-05,2025-03-10,Delayed,4.0,No,No
ORD104168,CUST12380,2025-07-29,Delhi,Delhi,Bhopal,492.6,Books,1,2.77,Express,DTDC,3461.8,465.98,8.27,2025-07-31,2025-08-04,2025-08-04,Delivered,4.0,No,No
ORD101080,CUST11786,2025-01-02,Mumbai,Mumbai,Nagpur,516.0,Clothing,6,3.43,Express,DTDC,3757.7,439.33,11.88,2025-01-05,2025-01-09,2025-01-09,Delivered,5.0,No,No
ORD102930,CUST11998,2025-02-28,Pune,Pune,Lucknow,1126.4,Sports,3,0.49,Express,Ecom Express,7926.36,984.26,9.24,2025-03-01,2025-03-06,2025-03-06,Delivered,5.0,No,No
ORD101041,CUST10171,2025-06-06,Bengaluru,Bengaluru,Jaipur,456.4,Books,2,7.52,Air,DTDC,4254.47,289.31,8.16,2025-06-09,2025-06-13,2025-06-13,Delivered,4.0,No,No
ORD104741,CUST11600,2025-09-28,Chennai,Chennai,Bengaluru,751.0,Beauty,7,5.06,Road,DTDC,3361.95,822.12,11.47,2025-09-30,2025-10-05,2025-10-05,Delivered,5.0,No,No
ORD103513,CUST11027,2025-08-22,Pune,Pune,,249.2,Grocery,5,5.53,Road,XpressBees,1215.24,138.5,7.04,2025-08-25,2025-08-29,2025-09-02,Delayed,4.0,No,No
ORD102674,CUST10760,2025-09-29,Hyderabad,Hyderabad,Kochi,685.4,Sports,4,12.66,Air,Delhivery,6347.78,491.17,6.3,2025-09-30,2025-10-03,2025-10-03,Delivered,4.0,No,Yes
ORD104439,CUST10112,2025-05-17,Mumbai,Mumbai,Nagpur,322.0,Books,4,4.39,Road,Blue Dart,1449.67,230.88,13.98,2025-05-20,2025-05-26,2025-05-26,Delivered,3.0,No,No
ORD103483,CUST12428,2025-03-24,Chennai,Chennai,Delhi,174.5,Books,2,5.65,Road,XpressBees,825.15,197.89,5.55,2025-03-26,2025-03-31,2025-03-31,Delivered,5.0,No,No
ORD102354,CUST11991,2025-02-15,Hyderabad,Hyderabad,Kochi,649.0,Electronics,3,8.28,Express,XpressBees,4662.73,686.97,6.01,2025-02-17,2025-02-21,2025-02-21,Delivered,4.0,No,No
ORD102212,CUST11843,2025-06-30,Bengaluru,Bengaluru,Nagpur,1393.8,Electronics,2,3.24,Express,Ecom Express,9940.71,1055.12,6.91,2025-07-02,2025-07-08,2025-07-10,Delayed,3.0,No,No
ORD101168,CUST11053,2025-07-07,Hyderabad,Hyderabad,Surat,293.5,Books,4,10.13,Road,Delhivery,1480.61,314.39,3.32,2025-07-08,2025-07-12,2025-07-12,Delivered,5.0,No,No
ORD104057,CUST11671,2025-10-23,Hyderabad,Hyderabad,Kolkata,1074.3,Clothing,6,8.14,Road,Shadowfax,4614.21,1154.07,7.25,2025-10-26,2025-11-03,2025-11-09,Delayed,4.0,No,No
ORD104231,CUST11137,2025-05-14,Pune,Pune,Mumbai,571.8,Books,5,3.42,Road,Shadowfax,2588.05,591.35,11.05,2025-05-16,2025-05-21,2025-05-21,Delivered,,No,No
ORD103060,CUST12599,2025-04-02,Pune,Pune,Jaipur,242.0,Clothing,4,1.93,Rail,Ecom Express,812.95,177.35,8.38,2025-04-04,2025-04-09,2025-04-09,Delivered,5.0,No,No
ORD104629,CUST11119,2025-09-13,Chennai,Chennai,Surat,532.6,Sports,2,1.99,Road,Delhivery,2328.49,489.63,7.96,2025-09-15,2025-09-22,2025-09-24,Delayed,3.0,No,No
ORD102557,CUST12057,2025-08-28,Pune,Pune,Mumbai,773.3,Sports,7,3.84,Road,DTDC,3438.94,640.32,7.56,2025-08-30,2025-09-04,2025-09-09,Delayed,4.0,No,No
ORD102629,CUST11834,2025-04-21,Bengaluru,Bengaluru,Delhi,400.3,Home & Kitchen,1,7.13,Road,XpressBees,1754.33,322.92,9.19,2025-04-23,2025-04-29,2025-04-29,Delivered,4.0,No,No
ORD104942,CUST10759,2025-06-09,Delhi,Delhi,Chennai,465.4,Grocery,4,4.09,Rail,Delhivery,1542.31,437.33,12.0,2025-06-12,2025-06-19,2025-06-19,Delivered,4.0,No,No
ORD104249,CUST11645,2025-12-30,Bengaluru,Bengaluru,Coimbatore,167.0,Books,5,5.57,Road,XpressBees,790.11,164.03,10.37,2026-01-01,2026-01-07,2026-01-07,Delivered,3.0,No,Yes
ORD103658,CUST10602,2025-05-24,Delhi,Delhi,Kolkata,329.0,Automotive,1,5.43,Road,XpressBees,1443.6,298.49,5.04,2025-05-26,2025-05-31,2025-05-31,Delivered,4.0,No,No
ORD103292,CUST10755,2025-08-20,Hyderabad,Hyderabad,Bhopal,419.5,Electronics,1,7.64,Rail,Delhivery,1689.43,442.03,4.67,2025-08-23,2025-08-29,2025-09-01,Delayed,4.0,No,No
ORD103676,CUST11345,2025-04-05,Pune,Pune,Jaipur,736.6,Grocery,2,0.78,Rail,Shadowfax,2292.33,702.02,7.05,2025-04-08,2025-04-16,2025-04-19,Delayed,3.0,Yes,No
ORD102156,CUST11424,2025-05-06,Bengaluru,Bengaluru,Indore,515.1,Clothing,6,16.89,Express,Ecom Express,4048.4,454.3,6.35,2025-05-07,2025-05-11,2025-05-11,Delivered,5.0,No,No
ORD101749,CUST10034,2025-04-28,Mumbai,Mumbai,Coimbatore,296.5,Clothing,2,3.29,Road,XpressBees,1269.27,330.51,8.52,2025-05-01,2025-05-06,2025-05-06,Delivered,4.0,No,No
ORD102193,CUST11169,2025-05-05,Bengaluru,Bengaluru,Pune,740.7,Clothing,5,0.91,Road,Blue Dart,3114.44,776.21,8.39,2025-05-07,2025-05-13,2025-05-13,Delivered,4.0,No,No
ORD100031,CUST10480,2025-10-21,Chennai,Chennai,Kolkata,860.1,Automotive,1,11.94,Air,Ecom Express,7979.89,674.74,10.66,2025-10-23,2025-10-28,2025-10-28,Delivered,5.0,No,No
ORD101483,CUST12497,2025-02-20,Delhi,Delhi,Kolkata,253.2,Beauty,6,7.83,Air,XpressBees,2448.95,165.9,9.16,2025-02-23,2025-02-27,2025-02-27,Delivered,4.0,No,No
ORD103043,CUST10431,2025-11-27,Mumbai,Mumbai,Chennai,379.0,Electronics,1,4.93,Express,Ecom Express,2781.07,366.74,11.14,2025-11-29,2025-12-03,2025-12-03,Delivered,5.0,No,No
ORD100554,CUST12477,2025-01-17,Chennai,Chennai,Kolkata,160.8,Home & Kitchen,3,1.28,Rail,Blue Dart,576.31,116.32,8.44,2025-01-19,2025-01-25,2025-01-25,Delivered,5.0,No,No
ORD103515,CUST10100,2025-03-02,pune,Pune,Chennai,505.9,Clothing,6,4.94,Road,Ecom Express,2415.8,354.93,10.43,2025-03-04,2025-03-09,2025-03-09,Delivered,4.0,No,No
ORD100405,CUST10195,2025-05-24,Bengaluru,Bengaluru,Indore,299.1,Clothing,1,8.5,Air,Ecom Express,2825.1,311.54,5.26,2025-05-25,2025-05-27,2025-06-01,Delayed,3.0,No,No
ORD100490,CUST11804,2025-05-09,Mumbai,Mumbai,Nagpur,737.4,Sports,4,7.19,Road,DTDC,3119.17,701.66,11.66,2025-05-12,2025-05-17,2025-05-19,Delayed,3.0,Yes,No
ORD102045,CUST11337,2025-02-11,Pune,Pune,Bengaluru,91.0,Books,5,5.28,Air,Shadowfax,922.23,68.66,8.34,2025-02-14,2025-02-16,2025-02-22,Delayed,4.0,No,No
ORD104209,CUST11176,2025-04-02,Delhi,Delhi,Vijayawada,204.3,Beauty,7,1.98,Air,Delhivery,1959.84,239.87,8.34,2025-04-04,2025-04-08,2025-04-08,Delivered,4.0,No,No
ORD103955,CUST12559,2025-12-26,Hyderabad,Hyderabad,Mumbai,392.2,Beauty,4,16.31,Road,Ecom Express,2037.63,360.68,6.34,2025-12-27,2026-01-01,2026-01-01,Delivered,5.0,No,No
ORD101805,CUST11818,2025-11-01,Hyderabad,Hyderabad,Kochi,686.1,Clothing,3,3.22,Road,Shadowfax,2984.1,636.14,9.71,2025-11-03,2025-11-09,2025-11-09,Delivered,5.0,No,No
ORD104359,CUST10747,2025-08-31,Hyderabad,Hyderabad,Visakhapatnam,222.2,Electronics,2,6.72,Road,Shadowfax,876.13,225.23,8.11,2025-09-02,2025-09-07,2025-09-07,Delivered,3.0,No,No
ORD103673,CUST12366,2025-03-22,Delhi,Delhi,Mumbai,329.0,Automotive,1,7.36,Road,Shadowfax,1446.14,339.58,10.47,2025-03-24,2025-03-29,2025-03-29,Delivered,4.0,No,No
ORD100332,CUST12055,2025-10-22,Delhi,Delhi,Nagpur,263.8,Sports,4,0.55,Road,Delhivery,1237.14,241.11,9.4,2025-10-24,2025-10-29,2025-10-29,Delivered,,No,No
ORD100965,CUST10465,2025-12-06,Mumbai,Mumbai,Coimbatore,566.0,Home & Kitchen,6,0.95,Road,Blue Dart,2454.04,355.1,7.79,2025-12-08,2025-12-13,2025-12-15,Delayed,4.0,No,No
ORD102553,CUST10522,2025-04-12,Mumbai,Mumbai,Lucknow,785.9,Home & Kitchen,5,3.41,Road,DTDC,3481.74,878.92,9.58,2025-04-15,2025-04-21,2025-04-23,Delayed,3.0,No,No
ORD100377,CUST10344,2025-03-12,Hyderabad,Hyderabad,Delhi,411.2,Grocery,1,6.24,Road,Blue Dart,1804.17,343.23,7.42,2025-03-15,2025-03-20,2025-03-20,Delivered,4.0,No,No
ORD102577,CUST10604,2025-04-07,Bengaluru,Bengaluru,Coimbatore,824.3,Clothing,7,7.19,Rail,DTDC,2878.41,635.73,8.47,2025-04-09,2025-04-16,2025-04-16,Delivered,4.0,No,No
ORD104602,CUST11701,2025-05-23,Mumbai,Mumbai,Bhopal,550.8,Automotive,3,5.13,Air,DTDC,5093.77,540.87,8.2,2025-05-24,2025-05-28,2025-05-28,Delivered,4.0,No,No
ORD101755,CUST11826,2025-01-11,Bengaluru,Bengaluru,Delhi,763.5,Sports,7,3.54,Air,Shadowfax,7088.44,545.16,8.5,2025-01-13,2025-01-17,2025-01-17,Delivered,4.0,No,No
ORD101748,CUST11834,2025-10-21,Mumbai,Mumbai,Nagpur,588.2,Beauty,5,6.65,Road,DTDC,2650.81,421.88,13.03,2025-10-24,2025-10-29,2025-10-29,Delivered,4.0,No,No
ORD101895,CUST10316,2025-06-29,Delhi,Delhi,Mumbai,491.0,Beauty,2,0.46,Rail,Shadowfax,1539.54,488.99,11.45,2025-07-01,2025-07-07,2025-07-07,Delivered,4.0,No,No
ORD104746,CUST10357,2025-08-28,Bengaluru,Bengaluru,Lucknow,1113.9,Automotive,1,8.49,Rail,Shadowfax,3653.43,778.61,5.95,2025-08-30,2025-09-08,2025-09-14,Delayed,4.0,No,No
ORD100083,CUST10548,2025-02-06,Hyderabad,Hyderabad,Lucknow,128.1,Grocery,6,2.98,Road,Delhivery,626.22,199.27,3.16,2025-02-07,2025-02-12,2025-02-16,Delayed,3.0,No,No
ORD100842,CUST12035,2025-08-02,Chennai,Chennai,Jaipur,575.6,Books,7,1.42,Rail,XpressBees,1839.54,503.56,8.66,2025-08-05,2025-08-12,2025-08-12,Delivered,4.0,No,No
ORD102482,CUST12773,2025-10-23,Delhi,Delhi,Kolkata,183.0,Books,3,10.5,Road,XpressBees,1050.86,215.89,9.96,2025-10-25,2025-10-31,2025-10-31,Delivered,5.0,No,No
ORD103088,CUST11140,2025-04-15,Hyderabad,Hyderabad,Coimbatore,190.7,Clothing,1,2.71,Rail,Blue Dart,679.8,194.71,2.51,2025-04-17,2025-04-22,2025-04-22,Delivered,4.0,No,No
ORD103965,CUST10677,2025-07-24,Pune,Pune,Hyderabad,367.1,Electronics,4,2.69,Rail,Shadowfax,1296.99,278.88,8.01,2025-07-26,2025-08-01,2025-08-06,Delayed,4.0,No,No
ORD104407,CUST10798,2025-05-17,Mumbai,Mumbai,Bengaluru,475.3,Books,3,7.39,Rail,Ecom Express,1751.15,398.22,10.36,2025-05-19,2025-05-25,2025-05-25,Delivered,4.0,No,No
ORD102287,CUST10298,2025-06-25,Mumbai,Mumbai,Bengaluru,648.1,Automotive,7,2.18,Air,Delhivery,6000.81,586.26,8.2,2025-06-27,2025-06-29,2025-07-02,Delayed,2.0,No,No
ORD100081,CUST11333,2025-04-01,Pune,Pune,Chennai,192.5,Beauty,5,1.43,Air,Ecom Express,1611.85,134.01,10.01,2025-04-03,2025-04-05,2025-04-05,Delivered,5.0,No,No
ORD104214,CUST11629,2025-11-16,hyderabad,Hyderabad,Bhopal,607.5,Electronics,5,3.16,Road,Shadowfax,2740.18,696.42,8.98,2025-11-18,2025-11-25,2025-11-25,Delivered,5.0,No,No
ORD101697,CUST12204,2025-06-03,Chennai,Chennai,Mumbai,477.5,Books,4,1.48,Express,Shadowfax,3431.46,457.38,6.55,2025-06-05,2025-06-08,2025-06-08,Delivered,5.0,No,No
ORD103315,CUST12643,2025-12-01,Hyderabad,Hyderabad,Delhi,356.0,Beauty,2,4.66,Road,Shadowfax,1646.63,397.07,5.98,2025-12-03,2025-12-07,2025-12-07,Delivered,4.0,No,No
ORD100654,CUST10864,2025-03-19,Chennai,Chennai,Hyderabad,215.6,Clothing,3,2.69,Rail,Blue Dart,814.35,227.1,8.51,2025-03-21,2025-03-27,2025-03-27,Delivered,5.0,No,No
ORD102554,CUST10273,2025-12-13,Mumbai,Mumbai,Kochi,631.8,Sports,6,8.62,Road,Blue Dart,2806.62,705.05,10.65,2025-12-16,2025-12-24,2025-12-24,Delivered,4.0,No,No
ORD101140,CUST11725,2025-07-10,Chennai,Chennai,Kolkata,566.9,Home & Kitchen,4,3.56,Road,Shadowfax,2448.74,468.33,6.68,2025-07-13,2025-07-19,2025-07-23,Delayed,3.0,No,No
ORD104574,CUST11782,2025-01-18,Bengaluru,Bengaluru,Ahmedabad,445.0,Beauty,1,3.08,Rail,Ecom Express,1552.21,336.34,7.54,2025-01-21,2025-01-28,2025-01-28,Delivered,4.0,No,No
ORD100342,CUST10806,2025-02-04,Mumbai,Mumbai,Pune,1021.8,Sports,7,8.88,Road,Shadowfax,4557.67,1129.19,9.34,2025-02-06,2025-02-12,2025-02-15,Delayed,3.0,No,No
ORD102683,CUST12131,2025-07-26,Delhi,Delhi,Mumbai,149.7,Automotive,6,5.35,Road,DTDC,717.18,134.2,10.04,2025-07-28,2025-08-02,2025-08-02,Delivered,4.0,No,No
ORD100942,CUST12071,2025-05-20,Delhi,Delhi,Chennai,178.6,Automotive,3,1.08,Road,Ecom Express,876.61,184.91,8.37,2025-05-22,2025-05-27,2025-05-27,Delivered,5.0,No,No
ORD100740,CUST10372,2025-11-26,Hyderabad,Hyderabad,Delhi,183.8,Beauty,3,5.74,Express,Delhivery,1485.36,141.42,2.36,2025-11-28,2025-12-01,2025-12-05,Delayed,3.0,No,No
ORD102988,CUST12379,2025-06-14,Bengaluru,Bengaluru,Delhi,621.9,Grocery,5,14.8,Rail,XpressBees,2156.85,394.78,6.34,2025-06-16,2025-06-23,2025-06-23,Delivered,4.0,No,No
ORD103149,CUST11653,2025-07-30,Mumbai,Mumbai,Vijayawada,543.1,Sports,1,4.02,Road,Delhivery,2327.56,453.46,6.87,2025-08-01,2025-08-06,2025-08-07,Delayed,4.0,No,No
ORD103325,CUST12025,2025-01-10,Chennai,Chennai,Kochi,276.5,Books,1,7.56,Rail,Shadowfax,1045.67,159.87,9.6,2025-01-12,2025-01-18,2025-01-18,Delivered,4.0,No,No
ORD104211,CUST10630,2025-04-22,Bengaluru,Bengaluru,Lucknow,539.0,Sports,2,17.47,Road,DTDC,2483.62,556.9,11.37,2025-04-24,2025-04-30,2025-05-01,Delayed,3.0,No,No
ORD104982,CUST10256,2025-06-01,Mumbai,Mumbai,Lucknow,356.4,Clothing,7,4.62,Road,Shadowfax,1587.79,274.89,7.38,2025-06-04,2025-06-10,2025-06-10,Delivered,5.0,No,No
ORD103087,CUST12270,2025-04-20,Mumbai,Mumbai,Jaipur,436.7,Electronics,1,5.66,Express,DTDC,3163.35,376.15,10.49,2025-04-23,2025-04-26,2025-04-26,Delivered,4.0,No,No
ORD100059,CUST11047,2025-03-03,Pune,Pune,Hyderabad,154.9,Automotive,6,8.45,Road,Blue Dart,789.06,215.3,8.14,2025-03-05,2025-03-09,2025-03-11,Delayed,3.0,No,Yes
ORD101836,CUST11151,2025-11-08,Hyderabad,Hyderabad,Chennai,170.0,Grocery,3,5.33,Road,Shadowfax,796.57,161.55,5.91,2025-11-09,2025-11-14,2025-11-17,Delayed,4.0,No,No
ORD100381,CUST12278,2025-03-06,Hyderabad,Hyderabad,Lucknow,274.9,Home & Kitchen,1,6.07,Road,Shadowfax,1329.66,293.28,7.87,2025-03-08,2025-03-13,2025-03-13,Delivered,5.0,No,Yes
ORD101644,CUST10855,2025-11-15,Delhi,Delhi,Mumbai,226.2,Clothing,6,9.6,Road,Delhivery,1164.37,229.72,9.74,2025-11-18,2025-11-23,2025-11-23,Delivered,3.0,No,No
ORD103044,CUST11359,2025-04-03,Mumbai,Mumbai,Kochi,207.4,Home & Kitchen,6,6.61,Air,XpressBees,2093.27,242.45,9.78,2025-04-06,2025-04-08,2025-04-08,Delivered,5.0,No,No
ORD102793,CUST11398,2025-03-27,Pune,Pune,Vijayawada,245.0,Clothing,3,7.5,Road,Ecom Express,1042.15,275.95,11.32,2025-03-31,2025-04-06,2025-04-06,Delivered,4.0,No,No
ORD101933,CUST11202,2025-11-16,Bengaluru,Bengaluru,Delhi,559.3,Grocery,3,3.03,Road,DTDC,2428.27,520.65,7.06,2025-11-18,2025-11-23,2025-11-23,Delivered,4.0,No,No
ORD104793,CUST12305,2025-08-22,Chennai,Chennai,Visakhapatnam,590.6,Home & Kitchen,5,7.64,Express,DTDC,4242.15,529.08,7.92,2025-08-24,2025-08-28,2025-08-28,Delivered,4.0,No,No
ORD100772,CUST12668,2025-09-10,Bengaluru,Bengaluru,Pune,242.1,Grocery,6,4.97,Express,DTDC,1890.77,196.91,8.62,2025-09-12,2025-09-16,2025-09-16,Delivered,4.0,No,No
ORD100237,CUST10812,2025-08-18,Delhi,Delhi,Nagpur,204.2,Home & Kitchen,6,10.09,Express,Blue Dart,1645.55,136.6,9.48,2025-08-20,2025-08-22,2025-08-22,Delivered,4.0,No,No
ORD104943,CUST10642,2025-06-13,mumbai,Mumbai,Jaipur,97.0,Automotive,5,2.5,Road,Blue Dart,487.23,79.44,9.79,2025-06-15,2025-06-19,2025-06-19,Delivered,5.0,No,No
ORD102628,CUST11558,2025-10-10,Delhi,Delhi,Indore,295.0,Books,6,1.74,Road,Blue Dart,1315.79,259.22,9.52,2025-10-13,2025-10-18,2025-10-18,Delivered,4.0,No,No
ORD102764,CUST11128,2025-07-23,Hyderabad,Hyderabad,Pune,392.1,Electronics,4,8.98,Express,DTDC,2919.05,416.02,9.7,2025-07-25,2025-07-29,2025-07-29,Delivered,2.0,No,No
ORD102392,CUST10472,2025-02-23,Delhi,Delhi,Jaipur,190.5,Home & Kitchen,6,4.89,Road,Ecom Express,973.34,81.69,10.16,2025-02-26,2025-03-03,2025-03-05,Delayed,3.0,No,No
ORD104649,CUST11424,2025-02-27,Hyderabad,Hyderabad,Indore,1083.8,Home & Kitchen,6,7.65,Express,XpressBees,7818.56,1097.25,8.2,2025-03-02,2025-03-08,2025-03-08,Delivered,4.0,No,No
ORD100539,CUST12358,2025-03-05,Delhi,Delhi,Indore,249.8,Sports,5,2.33,Road,DTDC,1147.32,140.02,7.92,2025-03-08,2025-03-14,2025-03-15,Delayed,4.0,No,No
ORD101239,CUST10163,2025-11-03,Hyderabad,Hyderabad,Visakhapatnam,278.1,Automotive,5,2.14,Road,DTDC,1181.98,148.74,9.87,2025-11-06,2025-11-11,2025-11-11,Delivered,4.0,No,No
ORD104983,CUST10860,2025-04-04,Chennai,Chennai,Visakhapatnam,44.5,Grocery,1,3.97,Road,Blue Dart,310.33,38.73,5.39,2025-04-06,2025-04-10,2025-04-10,Delivered,5.0,No,No
ORD101393,CUST11183,2025-12-14,Hyderabad,Hyderabad,Mumbai,996.5,Grocery,6,4.03,Express,Delhivery,6981.93,962.42,6.93,2025-12-16,2025-12-22,2025-12-22,Delivered,4.0,No,No
ORD102427,CUST10254,2025-10-15,Bengaluru,Bengaluru,Bhopal,802.0,Home & Kitchen,3,2.26,Road,Shadowfax,3376.41,505.24,7.69,2025-10-17,2025-10-24,2025-10-24,Delivered,5.0,No,No
ORD103448,CUST10978,2025-10-31,Delhi,Delhi,Coimbatore,610.4,Books,6,7.79,Road,XpressBees,2725.94,473.58,10.81,2025-11-03,2025-11-09,2025-11-09,Delivered,5.0,No,No
ORD104657,CUST10106,2025-01-19,Mumbai,Mumbai,Lucknow,274.1,Home & Kitchen,3,11.79,Air,XpressBees,2847.35,199.91,12.12,2025-01-23,2025-01-25,2025-01-25,Delivered,4.0,No,No
ORD101022,CUST12062,2025-08-26,Delhi,Delhi,Kolkata,120.9,Sports,1,1.58,Air,XpressBees,1111.53,126.14,11.69,2025-08-28,2025-08-31,2025-08-31,Delivered,5.0,No,No
ORD104131,CUST12787,2025-01-28,Delhi,Delhi,Lucknow,843.1,Clothing,4,1.11,Rail,Ecom Express,2661.52,572.65,7.37,2025-01-30,2025-02-08,2025-02-08,Delivered,3.0,No,No
ORD104434,CUST10279,2025-06-20,Bengaluru,Bengaluru,Mumbai,75.9,Clothing,5,4.79,Road,Delhivery,499.63,86.33,7.37,2025-06-22,2025-06-26,2025-06-26,Delivered,5.0,No,No
ORD102400,CUST12305,2025-09-14,Mumbai,Mumbai,Visakhapatnam,59.8,Grocery,6,2.53,Road,XpressBees,279.24,52.76,11.43,2025-09-16,2025-09-22,2025-09-24,Delayed,5.0,No,No
ORD102232,CUST12519,2025-10-13,Chennai,Chennai,Ahmedabad,163.0,Books,5,1.92,Express,XpressBees,1322.05,201.15,10.33,2025-10-16,2025-10-20,2025-10-20,Delivered,5.0,No,No
ORD101175,CUST11783,2025-10-22,Chennai,Chennai,Jaipur,597.9,Sports,2,7.15,Rail,DTDC,2199.37,670.96,10.12,2025-10-25,2025-10-30,2025-10-30,Delivered,4.0,No,No
ORD102879,CUST10073,2025-09-23,Hyderabad,Hyderabad,Bengaluru,706.7,Automotive,1,9.13,Air,Blue Dart,6428.7,516.97,3.18,2025-09-25,2025-09-29,2025-09-29,Delivered,3.0,No,No
ORD102640,CUST11071,2025-07-31,Delhi,Delhi,Visakhapatnam,579.5,Beauty,6,7.88,Express,Blue Dart,4257.08,687.43,8.63,2025-08-02,2025-08-05,2025-08-07,Delayed,4.0,Yes,No
ORD101139,CUST12430,2025-05-14,Delhi,Delhi,Hyderabad,1191.8,Electronics,7,1.25,Road,Ecom Express,5191.85,1095.14,7.78,2025-05-17,2025-05-25,2025-05-25,Delivered,4.0,No,No
ORD100003,CUST12008,2025-12-18,Bengaluru,Bengaluru,Surat,497.6,Books,2,5.37,Air,XpressBees,4532.02,495.85,8.86,2025-12-20,2025-12-22,2025-12-22,Delivered,5.0,No,No
ORD103644,CUST11282,2025-02-25,Mumbai,Mumbai,Jaipur,773.3,Electronics,3,10.66,Rail,Delhivery,2722.44,771.31,12.62,2025-02-28,2025-03-06,2025-03-06,Delivered,5.0,No,No
ORD104652,CUST12191,2025-01-23,Chennai,Chennai,Mumbai,344.8,Books,4,4.07,Road,Delhivery,1740.15,288.65,7.74,2025-01-25,2025-01-30,2025-01-30,Delivered,4.0,No,No
ORD104894,CUST12528,2025-05-18,Pune,Pune,Indore,622.2,Clothing,7,8.83,Road,Ecom Express,2919.13,489.15,7.87,2025-05-20,2025-05-27,2025-05-27,Delivered,5.0,No,No
ORD102418,CUST10057,2025-08-19,Chennai,Chennai,Pune,244.7,Beauty,3,5.35,Road,Blue Dart,1170.76,289.41,7.7,2025-08-22,2025-08-27,2025-08-29,Delayed,4.0,No,No
ORD101474,CUST10535,2025-01-06,Pune,Pune,Kochi,315.7,Books,1,6.89,Rail,blue dart,1077.39,314.74,7.38,2025-01-08,2025-01-15,2025-01-15,Delivered,4.0,No,No
ORD102947,CUST11188,2025-10-08,Pune,Pune,Jaipur,509.3,Electronics,4,9.0,Express,DTDC,3921.16,562.58,13.03,2025-10-11,2025-10-16,2025-10-16,Delivered,4.0,No,No
ORD104731,CUST10076,2025-08-12,Hyderabad,Hyderabad,Ahmedabad,764.4,Books,3,7.39,Express,Blue Dart,5556.72,758.1,8.63,2025-08-15,2025-08-21,2025-08-21,Delivered,4.0,No,No
ORD102962,CUST10123,2025-03-02,Bengaluru,Bengaluru,Vijayawada,136.6,Books,7,5.95,Road,Delhivery,688.66,144.2,7.74,2025-03-04,2025-03-09,2025-03-10,Delayed,3.0,No,No
ORD103273,CUST10882,2025-04-01,Bengaluru,Bengaluru,Indore,384.3,Home & Kitchen,5,9.37,Road,Blue Dart,1928.6,415.81,8.81,2025-04-03,2025-04-08,2025-04-08,Delivered,5.0,No,No
ORD100297,CUST11383,2025-10-11,Delhi,Delhi,Nagpur,119.5,Sports,2,4.71,Air,Shadowfax,974.41,141.67,7.51,2025-10-13,2025-10-16,2025-10-19,Delayed,3.0,No,Yes
ORD101156,CUST10151,2025-02-13,Bengaluru,Bengaluru,Kochi,1086.3,Automotive,2,4.14,Rail,DTDC,3530.47,1126.85,5.31,2025-02-15,2025-02-22,2025-02-22,Delivered,5.0,No,No
ORD100768,CUST11809,2025-08-15,Bengaluru,Bengaluru,Kochi,1253.4,Sports,6,3.86,Road,Ecom Express,5263.96,910.96,5.43,2025-08-17,2025-08-25,2025-08-25,Delivered,5.0,No,No
ORD104324,CUST10849,2025-11-30,Chennai,Chennai,Hyderabad,671.3,Home & Kitchen,2,5.57,Air,Shadowfax,6041.09,629.13,5.38,2025-12-02,2025-12-06,2025-12-06,Delivered,5.0,No,No
ORD100166,CUST11144,2025-03-04,Bengaluru,Bengaluru,Nagpur,543.4,Books,6,3.27,Road,DTDC,2287.79,539.83,9.61,2025-03-07,2025-03-11,2025-03-11,Delivered,4.0,No,No
ORD103512,CUST12747,2025-10-04,Chennai,Chennai,Surat,472.7,Books,7,12.58,Express,DTDC,3641.94,461.44,7.51,2025-10-06,2025-10-09,2025-10-09,Delivered,5.0,No,No
ORD101610,CUST11014,2025-11-09,Pune,Pune,Coimbatore,632.1,Books,1,5.76,Air,xpressbees,5830.57,457.87,8.81,2025-11-13,2025-11-17,2025-11-17,Delivered,4.0,No,No
ORD102806,CUST11486,2025-05-28,Chennai,Chennai,Visakhapatnam,209.3,Electronics,5,1.93,Road,Blue Dart,1074.14,214.89,7.76,2025-05-31,2025-06-06,2025-06-06,Delivered,5.0,No,No
ORD104035,CUST12197,2025-09-11,Pune,Pune,Kochi,318.7,Beauty,1,5.61,Road,XpressBees,1554.51,249.57,,2025-09-13,2025-09-17,2025-09-17,Delivered,5.0,No,No
ORD100541,CUST12552,2025-09-10,Mumbai,Mumbai,Bengaluru,683.8,Books,5,3.48,Road,DTDC,3118.32,647.51,11.16,2025-09-13,2025-09-20,2025-09-20,Delivered,3.0,No,No
ORD101451,CUST12658,2025-08-07,Chennai,Chennai,Kochi,516.9,Beauty,4,7.05,Air,Ecom Express,4801.17,407.35,9.33,2025-08-10,2025-08-12,2025-08-12,Delivered,5.0,No,No
ORD102426,CUST11245,2025-02-07,Pune,Pune,Bhopal,870.8,Grocery,7,9.63,Road,Shadowfax,3991.81,736.57,5.46,2025-02-08,2025-02-15,2025-02-15,Delivered,5.0,No,No
ORD104753,CUST11350,2025-07-12,Hyderabad,Hyderabad,Visakhapatnam,407.3,Home & Kitchen,5,5.82,Road,Ecom Express,1993.82,321.14,6.45,2025-07-14,2025-07-22,2025-07-23,Delayed,4.0,No,No
ORD103867,CUST12749,2025-08-21,Pune,Pune,Nagpur,309.2,grocery,4,8.33,Express,Blue Dart,2361.38,332.66,9.82,2025-08-24,2025-08-27,2025-08-27,Delivered,4.0,No,No
ORD100021,CUST11702,2025-04-02,Bengaluru,Bengaluru,Kolkata,292.2,Grocery,3,7.79,Road,Ecom Express,1347.81,225.4,6.97,2025-04-04,2025-04-09,2025-04-10,Delayed,2.0,No,No
ORD103538,CUST10548,2025-05-31,Pune,Pune,Delhi,309.9,Automotive,6,8.46,Road,DTDC,1578.16,245.04,9.39,2025-06-02,2025-06-07,2025-06-07,Delivered,4.0,No,Yes
ORD104229,CUST11579,2025-05-30,Delhi,Delhi,Kochi,366.2,Clothing,4,3.03,Rail,XpressBees,1213.02,296.41,9.95,2025-06-02,2025-06-08,2025-06-08,Delivered,4.0,No,No
ORD100213,CUST12433,2025-01-29,Bengaluru,Bengaluru,Jaipur,230.0,Clothing,6,6.42,Road,XpressBees,1217.96,187.96,6.12,2025-01-31,2025-02-06,2025-02-06,Delivered,,No,No
ORD101921,CUST12218,2025-07-13,Pune,Pune,Chennai,476.3,Automotive,1,11.1,Rail,DTDC,1739.97,577.22,8.24,2025-07-15,2025-07-22,2025-07-22,Delivered,4.0,No,No
ORD101942,CUST10498,2025-08-17,Chennai,Chennai,Jaipur,1287.7,Books,4,11.86,Road,Blue Dart,5652.01,1060.81,4.93,2025-08-19,2025-08-28,2025-08-28,Delivered,5.0,No,No
ORD104385,CUST11048,2025-09-16,Hyderabad,Hyderabad,Nagpur,623.7,Clothing,6,10.33,Rail,XpressBees,2255.46,446.78,3.4,2025-09-17,2025-09-24,2025-09-24,Delivered,5.0,No,No
ORD102870,CUST12709,2025-07-25,Bengaluru,Bengaluru,Coimbatore,164.2,Home & Kitchen,5,5.39,Express,DTDC,1084.14,108.06,4.72,2025-07-26,2025-07-28,2025-07-28,Delivered,4.0,No,No
ORD100510,CUST12259,2025-04-12,Pune,Pune,Bhopal,394.7,Clothing,2,5.2,Road,Delhivery,1730.87,423.52,8.45,2025-04-14,2025-04-21,2025-04-21,Delivered,4.0,No,No
ORD103134,CUST12447,2025-11-26,Hyderabad,Hyderabad,Vijayawada,639.8,Grocery,1,12.49,Road,Shadowfax,2812.12,640.86,4.04,2025-11-28,2025-12-03,2025-12-03,Delivered,4.0,No,No
ORD100615,CUST10427,2025-12-25,Pune,Pune,Vijayawada,304.8,Beauty,4,3.46,Road,Shadowfax,1411.24,356.09,7.35,2025-12-28,2026-01-02,2026-01-02,Delivered,5.0,No,No
ORD100009,CUST11817,2025-07-05,Bengaluru,Bengaluru,Bhopal,910.7,Sports,5,2.56,Rail,DTDC,3019.68,900.91,6.89,2025-07-07,2025-07-15,2025-07-17,Delayed,3.0,No,No
ORD101793,CUST11731,2025-08-16,Chennai,Chennai,Lucknow,679.3,Electronics,5,1.27,Road,Delhivery,2943.78,618.32,8.47,2025-08-18,2025-08-23,2025-08-26,Delayed,4.0,No,No
ORD104662,CUST11019,2025-06-10,Delhi,Delhi,Ahmedabad,163.6,Clothing,5,8.29,Road,XpressBees,910.85,121.31,8.28,2025-06-12,2025-06-19,2025-06-19,Delivered,,No,No
ORD102513,CUST10205,2025-05-11,Hyderabad,Hyderabad,Pune,1040.2,Clothing,1,2.85,Road,Shadowfax,4450.39,923.13,6.38,2025-05-13,2025-05-20,2025-05-20,Delivered,5.0,No,No
ORD103963,CUST11249,2025-01-02,Chennai,Chennai,Kochi,312.0,Sports,6,8.55,Road,Shadowfax,1439.23,288.14,7.64,2025-01-04,2025-01-09,2025-01-09,Delivered,4.0,No,No
ORD104122,CUST11163,2025-05-13,Bengaluru,Bengaluru,Surat,271.6,Automotive,5,1.49,Rail,DTDC,1046.74,225.83,4.85,2025-05-15,2025-05-21,2025-05-21,Delivered,5.0,No,No
ORD102861,CUST12449,2025-10-01,Bengaluru,Bengaluru,Nagpur,453.5,Electronics,2,0.48,Rail,Ecom Express,1483.88,482.47,10.67,2025-10-04,2025-10-10,2025-10-11,Delayed,4.0,No,No
ORD101861,CUST10549,2025-09-13,Delhi,Delhi,Pune,64.3,Beauty,2,5.83,Rail,Ecom Express,275.63,39.59,12.41,2025-09-15,2025-09-21,2025-09-21,Delivered,4.0,No,No
ORD101051,CUST11830,2025-11-09,Pune,Pune,Delhi,215.9,Grocery,3,6.6,Air,Blue Dart,1934.74,153.86,12.25,2025-11-11,2025-11-14,2025-11-14,Delivered,4.0,No,No
ORD102647,CUST11929,2025-03-19,Delhi,Delhi,Kochi,234.3,Sports,6,1.34,Road,Ecom Express,1091.68,231.04,8.86,2025-03-21,2025-03-26,2025-03-26,Delivered,5.0,No,No
ORD102713,CUST11302,2025-04-12,Delhi,Delhi,Chennai,197.7,Sports,1,1.42,Rail,DTDC,703.16,153.48,9.73,2025-04-15,2025-04-21,2025-04-21,Delivered,5.0,No,No
ORD103771,CUST10221,2025-05-19,Hyderabad,Hyderabad,Surat,1039.9,Sports,5,1.93,Road,Ecom Express,4496.78,820.11,8.03,2025-05-21,2025-05-27,2025-05-27,Delivered,4.0,No,No
ORD103188,CUST10571,2025-12-19,Pune,Pune,Lucknow,363.2,Sports,4,10.04,Road,Shadowfax,1876.39,345.39,9.18,2025-12-21,2025-12-26,2025-12-26,Delivered,4.0,No,No
ORD104227,CUST10001,2025-04-29,Delhi,Delhi,Bengaluru,233.5,Clothing,2,5.62,Road,XpressBees,1024.62,157.22,10.66,2025-05-02,2025-05-07,2025-05-07,Delivered,4.0,No,Yes
ORD104108,CUST12064,2025-06-21,Delhi,Delhi,Vijayawada,469.6,Beauty,4,1.9,Road,Shadowfax,2093.43,452.09,10.19,2025-06-23,2025-06-30,2025-06-30,Delivered,4.0,No,No
ORD104356,CUST11295,2025-04-17,Pune,Pune,Hyderabad,783.2,Home & Kitchen,6,5.25,Road,Delhivery,3430.97,440.98,9.47,2025-04-19,2025-04-25,2025-04-25,Delivered,4.0,No,No
ORD101848,CUST12112,2025-08-24,Delhi,Delhi,Jaipur,421.9,Home & Kitchen,1,3.33,Road,Blue Dart,1856.47,420.69,7.73,2025-08-26,2025-08-30,2025-08-30,Delivered,4.0,No,No
ORD102346,CUST11307,2025-05-31,Bengaluru,Bengaluru,Ahmedabad,801.4,Automotive,5,3.58,Road,Delhivery,3487.79,836.03,9.52,2025-06-02,2025-06-09,2025-06-09,Delivered,5.0,No,No
ORD102457,CUST11927,2025-05-10,Hyderabad,Hyderabad,Bhopal,178.1,Sports,5,8.13,Express,Blue Dart,1425.97,134.6,3.07,2025-05-12,2025-05-14,2025-05-14,Delivered,3.0,No,No
ORD102873,CUST11324,2025-05-07,Pune,Pune,Mumbai,564.6,Clothing,4,1.55,Air,Shadowfax,5272.71,568.93,6.02,2025-05-09,2025-05-13,2025-05-13,Delivered,4.0,No,No
ORD101965,CUST11709,2025-10-01,Hyderabad,Hyderabad,Visakhapatnam,272.0,Grocery,7,3.01,Rail,Shadowfax,900.14,250.43,8.99,2025-10-04,2025-10-11,2025-10-11,Delivered,4.0,No,No
ORD103830,CUST10985,2025-12-04,hyderabad,Hyderabad,Pune,435.4,Home & Kitchen,3,5.67,Rail,Blue Dart,1513.96,401.26,4.95,2025-12-06,2025-12-14,2025-12-14,Delivered,4.0,No,No
ORD100378,CUST10683,2025-02-23,Hyderabad,Hyderabad,Indore,695.3,Beauty,5,5.2,Road,Blue Dart,3044.1,734.54,6.58,2025-02-25,2025-03-03,2025-03-03,Delivered,5.0,No,No
ORD100788,CUST11448,2025-12-15,Delhi,Delhi,Visakhapatnam,220.5,Grocery,6,6.57,Road,Delhivery,1082.01,156.36,11.72,2025-12-18,2025-12-22,2025-12-22,Delivered,4.0,No,No
ORD102501,CUST10036,2025-02-23,Bengaluru,Bengaluru,Coimbatore,616.5,Electronics,7,4.52,Express,XpressBees,4485.89,522.42,10.66,2025-02-26,2025-03-02,2025-03-02,Delivered,4.0,No,No
ORD104183,CUST10957,2025-05-26,Delhi,Delhi,Coimbatore,298.2,Automotive,1,0.58,Rail,XpressBees,990.72,271.37,8.11,2025-05-28,2025-06-04,2025-06-04,Delivered,4.0,No,No
ORD101115,CUST12040,2025-09-02,Chennai,Chennai,Visakhapatnam,991.5,Sports,4,2.6,Air,DTDC,8984.91,672.24,11.16,2025-09-04,2025-09-08,2025-09-08,Delivered,3.0,No,No
ORD103878,CUST10235,2025-12-04,Hyderabad,Hyderabad,Indore,661.6,Beauty,5,13.43,Road,XpressBees,3088.49,497.46,7.29,2025-12-06,2025-12-12,2025-12-12,Delivered,5.0,No,No
ORD102677,CUST10902,2025-03-05,Pune,Pune,Chennai,644.4,Books,2,5.13,Air,Shadowfax,5834.13,502.39,9.08,2025-03-07,2025-03-11,2025-03-11,Delivered,5.0,No,No
ORD103985,CUST10444,2025-05-06,Chennai,Chennai,Kolkata,624.3,Electronics,3,7.36,Air,Shadowfax,5673.05,372.5,6.84,2025-05-08,2025-05-12,2025-05-12,Delivered,5.0,No,No
ORD103546,CUST12188,2025-07-16,Pune,Pune,Ahmedabad,366.1,Automotive,7,12.59,Air,DTDC,3656.64,355.8,9.65,2025-07-19,2025-07-21,2025-07-21,Delivered,5.0,No,No
ORD101102,CUST12238,2025-04-07,Hyderabad,Hyderabad,Delhi,267.9,Automotive,2,2.61,Road,Delhivery,1063.31,260.13,7.98,2025-04-09,2025-04-14,2025-04-18,Delayed,4.0,No,No
ORD101885,CUST12709,2025-05-30,Delhi,Delhi,Kolkata,365.3,Home & Kitchen,7,8.0,Road,Shadowfax,1788.82,,8.61,2025-06-02,2025-06-06,2025-06-06,Delivered,4.0,No,No
ORD101710,CUST12165,2025-08-12,Hyderabad,Hyderabad,Bengaluru,747.7,Sports,7,8.05,Express,Delhivery,5434.59,776.77,5.85,2025-08-14,2025-08-18,2025-08-18,Delivered,4.0,No,No
ORD100289,CUST11656,2025-01-04,Chennai,Chennai,Lucknow,207.0,Automotive,3,6.09,Road,Delhivery,1015.32,238.35,8.16,2025-01-06,2025-01-11,2025-01-11,Delivered,4.0,No,Yes
ORD103129,CUST11321,2025-10-19,Delhi,Delhi,Kochi,687.8,Beauty,1,2.01,Air,Shadowfax,6128.42,547.77,6.19,2025-10-21,2025-10-24,2025-10-26,Delayed,3.0,No,No
ORD102985,CUST10330,2025-04-08,Hyderabad,Hyderabad,Kolkata,210.3,Sports,5,3.99,Express,XpressBees,1785.65,280.99,4.06,2025-04-09,2025-04-11,2025-04-11,Delivered,5.0,No,No
ORD100521,CUST12768,2025-10-28,Bengaluru,Bengaluru,Delhi,367.4,Books,5,1.6,Rail,DTDC,1220.43,303.29,10.16,2025-10-29,2025-11-04,2025-11-04,Delivered,5.0,No,No
ORD103383,CUST10733,2025-12-10,Pune,Pune,Mumbai,477.7,Sports,7,7.92,Road,Delhivery,2271.56,450.97,7.08,2025-12-13,2025-12-19,2025-12-19,Delivered,4.0,No,No
ORD101794,CUST11468,2025-03-10,Bengaluru,Bengaluru,Pune,154.1,Home & Kitchen,2,6.29,Air,XpressBees,1485.34,120.62,4.3,2025-03-12,2025-03-15,2025-03-15,Delivered,3.0,No,No
ORD102433,CUST11036,2025-03-09,Mumbai,Mumbai,Indore,208.6,Clothing,7,3.44,Road,XpressBees,1100.26,252.3,8.99,2025-03-12,2025-03-19,2025-03-21,Delayed,2.0,No,No
ORD103393,CUST11539,2025-09-25,Chennai,Chennai,Jaipur,286.7,Electronics,2,6.13,Road,DTDC,1342.56,185.81,9.38,2025-09-28,2025-10-02,2025-10-02,Delivered,3.0,No,No
ORD101390,CUST10454,2025-03-22,Delhi,Delhi,Hyderabad,412.6,Sports,1,7.01,Air,Shadowfax,3942.97,399.73,11.77,2025-03-26,2025-03-29,2025-03-29,Delivered,4.0,No,No
ORD104082,CUST12646,2025-01-09,Hyderabad,Hyderabad,Bengaluru,471.2,Sports,7,11.39,Rail,DTDC,1682.1,406.91,5.28,2025-01-10,2025-01-16,2025-01-19,Delayed,5.0,No,No
ORD100524,CUST10254,2025-06-13,Bengaluru,Bengaluru,Lucknow,684.5,Home & Kitchen,1,2.97,Rail,Ecom Express,2112.65,542.09,6.1,2025-06-15,2025-06-21,2025-06-21,Delivered,5.0,No,No
ORD101010,CUST10830,2025-09-30,Hyderabad,Hyderabad,Surat,209.8,Home & Kitchen,2,3.97,Rail,XpressBees,869.99,261.13,8.48,2025-10-02,2025-10-09,2025-10-11,Delayed,4.0,No,No
ORD104723,CUST11822,2025-10-10,Hyderabad,Hyderabad,Surat,1180.2,Home & Kitchen,6,9.47,Rail,Ecom Express,4083.54,1243.06,7.69,2025-10-13,2025-10-20,2025-10-23,Delayed,4.0,No,No
ORD103952,CUST10575,2025-09-27,Pune,Pune,Kolkata,201.7,Clothing,6,5.92,Road,XpressBees,972.7,182.58,10.22,2025-09-30,2025-10-04,2025-10-04,Delivered,4.0,No,No
ORD100406,CUST11684,2025-08-17,Hyderabad,Hyderabad,Jaipur,292.9,Beauty,3,1.69,Road,Ecom Express,1334.59,385.53,3.18,2025-08-20,2025-08-25,2025-08-25,Delivered,5.0,No,No
ORD102854,CUST11074,2025-06-25,Pune,Pune,Ahmedabad,115.4,Sports,4,5.37,Rail,DTDC,457.62,107.62,9.71,2025-06-27,2025-07-02,2025-07-02,Delivered,4.0,Yes,No
ORD100497,CUST12518,2025-05-04,Chennai,Chennai,Vijayawada,580.7,Grocery,7,3.36,Road,DTDC,2647.53,574.48,6.75,2025-05-07,2025-05-12,2025-05-17,Delayed,,Yes,No
ORD103232,CUST12605,2025-06-10,Hyderabad,Hyderabad,Lucknow,481.9,Sports,3,6.26,Road,Delhivery,2320.93,553.36,8.31,2025-06-12,2025-06-18,2025-06-18,Delivered,5.0,No,No
ORD100436,CUST11009,2025-03-08,Mumbai,Mumbai,Ahmedabad,495.7,Sports,2,3.33,Express,Ecom Express,3588.57,565.77,7.94,2025-03-10,2025-03-16,2025-03-16,Delivered,4.0,No,No
ORD103617,CUST11449,2025-10-23,pune,Pune,Delhi,341.8,Automotive,6,0.64,Road,DTDC,,276.28,4.49,2025-10-24,2025-10-29,2025-10-30,Delayed,4.0,No,No
ORD103045,CUST12717,2025-04-18,Hyderabad,Hyderabad,Jaipur,210.7,Home & Kitchen,1,5.11,Express,DTDC,1556.5,176.57,9.11,2025-04-20,2025-04-25,2025-04-25,Delivered,4.0,No,No
ORD101816,CUST10906,2025-11-23,Hyderabad,Hyderabad,Jaipur,97.4,Home & Kitchen,1,0.2,Air,Ecom Express,897.48,81.03,9.23,2025-11-25,2025-11-27,2025-11-27,Delivered,5.0,No,No
ORD103103,CUST12138,2025-07-02,Pune,Pune,Ahmedabad,191.8,Books,1,3.71,Road,Shadowfax,774.74,,5.11,2025-07-03,2025-07-08,2025-07-10,Delayed,4.0,No,No
ORD103850,CUST11223,2025-09-30,Chennai,Chennai,Visakhapatnam,799.6,Automotive,7,3.38,Air,DTDC,7231.8,872.96,7.86,2025-10-02,2025-10-05,2025-10-05,Delivered,4.0,No,No
ORD101325,CUST12118,2025-01-17,Bengaluru,Bengaluru,Bhopal,319.1,Home & Kitchen,3,6.74,Road,Ecom Express,1490.82,297.49,6.23,2025-01-19,2025-01-24,2025-01-24,Delivered,5.0,No,No
ORD103372,CUST11247,2025-07-03,Delhi,Delhi,Nagpur,209.5,Beauty,1,4.64,Road,Delhivery,1107.16,216.85,11.02,2025-07-06,2025-07-11,2025-07-11,Delivered,5.0,No,No
ORD102485,CUST10100,2025-08-19,Mumbai,Mumbai,Coimbatore,133.5,Sports,5,3.5,Air,Shadowfax,1317.44,123.31,10.28,2025-08-21,2025-08-23,2025-08-23,Delivered,5.0,No,No
ORD103647,CUST10185,2025-02-24,Chennai,Chennai,Coimbatore,695.7,Clothing,2,1.22,Rail,Blue Dart,2442.47,735.64,8.98,2025-02-27,2025-03-07,2025-03-07,Delivered,5.0,No,Yes
ORD104926,CUST10383,2025-11-11,Chennai,Chennai,Kochi,782.4,Electronics,2,11.47,Road,Blue Dart,3443.53,898.13,5.14,2025-11-13,2025-11-19,2025-11-24,Delayed,4.0,No,No
ORD100007,CUST12230,2025-01-29,Hyderabad,Hyderabad,Jaipur,1172.9,Sports,6,2.93,Road,Blue Dart,5148.16,927.36,6.17,2025-01-30,2025-02-06,2025-02-06,Delivered,4.0,No,No
ORD102459,CUST11400,2025-12-21,Delhi,Delhi,Lucknow,282.5,Beauty,5,10.16,Road,Shadowfax,1503.49,260.4,12.26,2025-12-24,2025-12-29,2025-12-29,Delivered,5.0,No,No
ORD100944,CUST10033,2025-10-26,Chennai,Chennai,Lucknow,331.2,Books,4,4.47,Express,Blue Dart,2302.1,338.44,9.58,2025-10-28,2025-11-02,2025-11-02,Delivered,4.0,No,No
ORD102631,CUST12019,2025-04-06,Bengaluru,Bengaluru,Surat,191.3,Home & Kitchen,4,1.44,Road,Delhivery,942.86,114.39,3.61,2025-04-07,2025-04-11,2025-04-11,Delivered,5.0,No,No
ORD100750,CUST11475,2025-09-09,Bengaluru,Bengaluru,Lucknow,392.5,Electronics,2,9.02,Rail,XpressBees,1589.48,369.97,9.39,2025-09-11,2025-09-17,2025-09-17,Delivered,4.0,No,No
ORD103758,CUST10466,2025-08-19,Bengaluru,Bengaluru,Bhopal,539.9,Books,4,8.56,Road,Delhivery,2343.82,585.97,9.24,2025-08-21,2025-08-26,2025-08-26,Delivered,3.0,No,No
ORD100109,CUST10319,2025-09-21,Pune,Pune,Bhopal,538.8,Sports,5,4.6,Rail,Blue Dart,1841.03,453.72,6.44,2025-09-23,2025-10-01,2025-10-01,Delivered,3.0,No,No
ORD101871,CUST10259,2025-03-18,Pune,Pune,Coimbatore,859.7,Home & Kitchen,7,2.45,Air,DTDC,7772.51,693.7,9.51,2025-03-21,2025-03-24,2025-03-31,Delayed,4.0,No,No
ORD104200,CUST10805,2025-01-24,Mumbai,Mumbai,Vijayawada,302.3,Sports,7,1.93,Air,Ecom Express,2857.3,264.19,11.08,2025-01-26,2025-01-27,2025-01-27,Delivered,5.0,No,No
ORD102176,CUST10291,2025-08-20,Pune,Pune,Hyderabad,285.4,Sports,7,1.89,Road,Ecom Express,1443.22,294.33,9.43,2025-08-22,2025-08-27,2025-09-01,Delayed,3.0,No,No
ORD102105,CUST12005,2025-09-01,Hyderabad,Hyderabad,Vijayawada,927.5,Electronics,5,2.77,Air,XpressBees,8461.38,1029.86,8.09,2025-09-04,2025-09-08,2025-09-08,Delivered,4.0,Yes,No
ORD102845,CUST12594,2025-05-08,Mumbai,Mumbai,Nagpur,119.4,Sports,2,3.18,Road,Delhivery,643.94,132.35,9.41,2025-05-10,2025-05-15,2025-05-15,Delivered,5.0,No,No
ORD100234,CUST10506,2025-06-26,Bengaluru,Bengaluru,Indore,60.7,Automotive,1,8.25,Road,DTDC,366.33,29.58,12.18,2025-06-30,2025-07-04,2025-07-04,Delivered,5.0,No,No
ORD103305,CUST10166,2025-11-25,Chennai,Chennai,Indore,222.1,Automotive,4,7.24,Rail,DTDC,846.3,212.33,8.21,2025-11-27,2025-12-04,2025-12-04,Delivered,4.0,No,No
ORD103937,CUST10186,2025-11-26,Pune,Pune,Hyderabad,673.7,Electronics,6,2.03,Express,XpressBees,4865.95,421.31,11.59,2025-11-28,2025-12-02,2025-12-02,Delivered,4.0,No,No
ORD104734,CUST10474,2025-12-17,Mumbai,Mumbai,Delhi,625.1,Sports,4,6.3,Air,Blue Dart,5742.15,735.35,11.9,2025-12-21,2025-12-24,2025-12-25,Delayed,4.0,No,No
ORD101969,CUST11153,2025-04-06,Chennai,Chennai,Nagpur,238.0,Grocery,1,3.59,Rail,DTDC,880.28,103.16,6.51,2025-04-08,2025-04-15,2025-04-15,Delivered,5.0,No,No
ORD101243,CUST12689,2025-10-15,Bengaluru,Bengaluru,Kolkata,49.8,Electronics,2,1.28,Road,DTDC,297.43,50.91,6.86,2025-10-17,2025-10-21,2025-10-21,Delivered,3.0,No,No
ORD101691,CUST12720,2025-08-04,Bengaluru,Bengaluru,Lucknow,219.1,Grocery,5,0.92,Road,Blue Dart,1051.99,146.09,8.92,2025-08-06,2025-08-10,2025-08-10,Delivered,5.0,No,No
ORD104323,CUST11312,2025-06-17,Pune,Pune,Ahmedabad,1160.7,Clothing,7,6.45,Road,Blue Dart,5031.37,961.06,10.01,2025-06-19,2025-06-26,2025-06-26,Delivered,4.0,No,No
ORD101354,CUST10259,2025-03-05,Hyderabad,Hyderabad,Surat,501.9,Books,4,1.92,Express,Shadowfax,3682.8,470.61,8.26,2025-03-08,2025-03-10,2025-03-10,Delivered,4.0,No,No
ORD104238,CUST11091,2025-05-08,Delhi,Delhi,Coimbatore,296.3,Electronics,6,1.66,Road,Shadowfax,1281.08,228.1,9.72,2025-05-11,2025-05-16,2025-05-20,Delayed,4.0,No,No
ORD100399,CUST10336,2025-07-07,Delhi,Delhi,Pune,355.9,Beauty,7,4.44,Rail,Delhivery,1408.43,255.0,9.58,2025-07-10,2025-07-17,2025-07-17,Delivered,4.0,No,No
ORD104372,CUST10849,2025-04-19,Pune,Pune,Visakhapatnam,670.4,Grocery,2,8.57,Express,DTDC,4892.17,596.98,5.57,2025-04-21,2025-04-26,2025-04-30,Delayed,4.0,No,No
ORD104914,CUST12461,2025-12-07,Hyderabad,Hyderabad,Indore,374.9,Clothing,6,5.7,Air,Ecom Express,3640.01,365.25,6.95,2025-12-10,2025-12-11,2025-12-11,Delivered,5.0,No,No
ORD103181,CUST10416,2025-04-05,Bengaluru,Bengaluru,Kolkata,426.9,Books,4,6.94,Express,Blue Dart,3217.74,439.22,10.06,2025-04-07,2025-04-10,2025-04-10,Delivered,3.0,No,No
ORD101537,CUST10727,2025-06-04,Bengaluru,Bengaluru,Kolkata,166.0,Electronics,6,4.59,Road,Shadowfax,834.51,192.48,6.54,2025-06-06,2025-06-11,2025-06-13,Delayed,4.0,No,No
ORD103132,CUST10603,2025-06-15,Chennai,Chennai,Kolkata,626.2,Electronics,4,7.54,Road,Blue Dart,2808.46,653.06,12.31,2025-06-18,2025-06-23,2025-06-23,Delivered,5.0,No,No
ORD102885,CUST10049,2025-08-24,Bengaluru,Bengaluru,Pune,359.0,Grocery,6,2.11,Rail,Ecom Express,1210.98,407.34,9.39,2025-08-27,2025-09-01,2025-09-01,Delivered,4.0,No,No
ORD101900,CUST12253,2025-07-04,Hyderabad,Hyderabad,Ahmedabad,876.2,Electronics,7,0.63,Road,Ecom Express,3725.3,766.28,4.02,2025-07-06,2025-07-10,2025-07-15,Delayed,3.0,No,No
ORD101609,CUST11916,2025-11-02,Delhi,Delhi,Surat,424.1,Beauty,2,4.65,Rail,Ecom Express,1413.7,469.27,5.15,2025-11-03,2025-11-11,2025-11-11,Delivered,5.0,No,No
ORD103711,CUST12754,2025-10-06,Hyderabad,Hyderabad,Delhi,421.9,Sports,2,7.43,Air,Ecom Express,3958.94,241.38,9.02,2025-10-08,2025-10-12,2025-10-12,Delivered,4.0,No,No
ORD104159,CUST12263,2025-07-03,Hyderabad,Hyderabad,Kolkata,236.9,Beauty,5,7.12,Road,Blue Dart,1094.35,253.01,7.07,2025-07-05,2025-07-10,2025-07-10,Delivered,5.0,Yes,No
ORD102029,CUST11792,2025-10-26,Hyderabad,Hyderabad,Kochi,848.8,Books,7,5.81,Rail,Shadowfax,2889.43,751.6,8.49,2025-10-29,2025-11-06,2025-11-06,Delivered,5.0,No,No
ORD104779,CUST11458,2025-03-20,Chennai,Chennai,Indore,427.2,Beauty,2,2.27,Air,Delhivery,3943.2,335.38,9.2,2025-03-22,2025-03-26,2025-03-26,Delivered,4.0,No,No
ORD103052,CUST11593,2025-04-06,Bengaluru,Bengaluru,Vijayawada,378.9,Grocery,2,6.12,Road,DTDC,1730.09,389.9,8.23,2025-04-09,2025-04-14,2025-04-21,Delayed,4.0,No,Yes
ORD103744,CUST11170,2025-11-25,Bengaluru,Bengaluru,Surat,555.8,Books,5,2.93,Rail,Ecom Express,1897.34,587.93,6.35,2025-11-26,2025-12-03,2025-12-08,Delayed,3.0,No,No
ORD102773,CUST12161,2025-05-15,Hyderabad,Hyderabad,Surat,1029.7,Sports,3,1.92,Rail,Shadowfax,3390.32,879.44,4.46,2025-05-16,2025-05-22,2025-05-22,Delivered,4.0,No,No
ORD102155,CUST11294,2025-09-29,Bengaluru,Bengaluru,Hyderabad,228.1,Sports,1,3.77,Air,DTDC,2141.85,197.3,7.14,2025-10-01,2025-10-02,2025-10-02,Delivered,5.0,No,No
ORD100027,CUST11951,2025-09-15,Delhi,Delhi,Visakhapatnam,390.6,Home & Kitchen,4,3.58,Air,Ecom Express,3636.99,404.34,15.27,2025-09-18,2025-09-20,2025-09-20,Delivered,4.0,No,No
ORD102694,CUST11658,2025-05-06,Hyderabad,Hyderabad,Visakhapatnam,186.4,Sports,4,1.4,Road,Ecom Express,905.72,100.65,6.19,2025-05-10,2025-05-16,2025-05-16,Delivered,4.0,No,No
ORD104066,CUST12682,2025-11-29,Delhi,Delhi,Lucknow,285.1,Electronics,6,6.35,Road,Blue Dart,1476.44,189.53,12.81,2025-12-02,2025-12-07,2025-12-07,Delivered,5.0,No,No
ORD100932,CUST12034,2025-03-07,Mumbai,Mumbai,Lucknow,571.7,Electronics,2,6.98,Road,Shadowfax,2555.14,432.88,12.78,2025-03-09,2025-03-14,2025-03-18,Delayed,3.0,No,No
ORD101939,CUST10720,2025-11-02,Chennai,Chennai,Visakhapatnam,106.9,Grocery,1,3.37,Air,Blue Dart,1056.4,105.63,7.94,2025-11-04,2025-11-07,2025-11-07,Delivered,4.0,No,No
ORD103641,CUST11200,2025-01-05,Delhi,Delhi,Bhopal,123.4,Books,5,10.95,Rail,Ecom Express,661.97,85.84,11.15,2025-01-06,2025-01-11,2025-01-11,Delivered,4.0,No,No
ORD102177,CUST11092,2025-01-27,Hyderabad,Hyderabad,Lucknow,484.9,Automotive,2,7.16,Road,Ecom Express,2267.79,484.84,12.31,2025-01-30,2025-02-04,2025-02-04,Delivered,3.0,No,No
ORD101098,CUST11837,2025-07-04,Pune,Pune,Nagpur,184.8,Grocery,1,3.23,Express,Ecom Express,1348.64,112.97,12.44,2025-07-08,2025-07-12,2025-07-12,Delivered,5.0,No,No
ORD103499,CUST10560,2025-06-23,Pune,Pune,Visakhapatnam,223.4,Sports,6,2.09,Road,XpressBees,1140.63,269.4,8.3,2025-06-25,2025-06-30,2025-06-30,Delivered,5.0,No,No
ORD101025,CUST12405,2025-08-20,Delhi,Delhi,Ahmedabad,424.7,Sports,3,2.52,Rail,Ecom Express,1440.0,496.31,7.82,2025-08-22,2025-08-29,2025-08-31,Delayed,4.0,No,No
ORD104724,CUST10753,2025-06-21,Delhi,Delhi,Bhopal,326.2,Grocery,6,5.38,Air,Delhivery,3087.28,192.69,11.6,2025-06-24,2025-06-26,2025-06-26,Delivered,4.0,No,No
ORD101765,CUST10979,2025-09-20,Mumbai,Mumbai,Hyderabad,434.7,Home & Kitchen,3,2.98,Express,Shadowfax,3238.6,333.28,8.01,2025-09-22,2025-09-26,2025-09-27,Delayed,4.0,No,No
ORD100311,CUST11969,2025-08-30,Hyderabad,Hyderabad,Indore,872.4,Electronics,4,1.55,Road,XpressBees,3791.43,870.32,8.25,2025-09-01,2025-09-07,2025-09-07,Delivered,5.0,No,No
ORD101288,CUST11437,2025-07-11,Mumbai,Mumbai,Bhopal,476.0,Beauty,2,4.28,Air,Delhivery,4385.68,401.07,11.47,2025-07-13,2025-07-16,2025-07-16,Delivered,4.0,No,No
ORD100396,CUST11732,2025-01-25,Chennai,Chennai,Kochi,703.0,Electronics,7,2.21,Air,Ecom Express,6450.4,813.96,9.4,2025-01-28,2025-01-31,2025-02-01,Delayed,3.0,Yes,No
ORD104975,CUST11899,2025-03-04,Bengaluru,Bengaluru,Nagpur,187.6,Automotive,6,9.52,Rail,Shadowfax,811.6,183.25,6.51,2025-03-06,2025-03-12,2025-03-15,Delayed,3.0,No,No
ORD104621,CUST11320,2025-01-03,Chennai,Chennai,Kochi,606.5,Clothing,2,7.88,Air,Ecom Express,5698.61,638.77,6.83,2025-01-04,2025-01-05,2025-01-05,Delivered,5.0,No,No
ORD101616,CUST12458,2025-07-12,Chennai,Chennai,,484.3,Home & Kitchen,6,6.96,Road,Ecom Express,2178.47,353.56,6.71,2025-07-14,2025-07-18,2025-07-18,Delivered,4.0,No,No
ORD102253,CUST11798,2025-03-28,Hyderabad,Hyderabad,Mumbai,166.7,Electronics,3,1.6,Road,Shadowfax,710.91,181.85,8.81,2025-03-31,2025-04-05,2025-04-05,Delivered,5.0,No,No
ORD101132,CUST10755,2025-12-26,Mumbai,Mumbai,Nagpur,342.2,Home & Kitchen,3,1.13,Road,DTDC,1511.58,200.55,9.96,2025-12-28,2026-01-03,2026-01-03,Delivered,4.0,No,No
ORD101481,CUST10521,2025-08-31,Hyderabad,Hyderabad,Kolkata,436.6,Books,1,6.5,Express,DTDC,3333.31,315.69,6.44,2025-09-02,2025-09-06,2025-09-06,Delivered,5.0,No,No
ORD104583,CUST11396,2025-04-05,Hyderabad,Hyderabad,Nagpur,1122.1,Automotive,2,12.28,Express,Delhivery,8006.65,1105.67,5.78,2025-04-08,2025-04-14,2025-04-14,Delivered,4.0,No,No
ORD101220,CUST12263,2025-11-28,Pune,Pune,Kochi,127.6,Beauty,2,13.85,Road,Blue Dart,838.84,74.74,11.14,2025-12-01,2025-12-06,2025-12-06,Delivered,5.0,No,No
ORD100482,CUST12295,2025-12-12,Pune,Pune,Lucknow,1518.4,Clothing,2,8.89,Road,XpressBees,,1239.29,8.88,2025-12-14,2025-12-20,2025-12-23,Delayed,4.0,No,No
ORD104477,CUST11857,2025-02-10,Chennai,Chennai,Visakhapatnam,417.7,Electronics,7,5.41,Road,Delhivery,1822.59,490.58,5.0,2025-02-12,2025-02-18,2025-02-23,Delayed,3.0,No,No
ORD103980,CUST12594,2025-05-02,Bengaluru,Bengaluru,Vijayawada,231.7,Automotive,6,2.19,Road,Blue Dart,1181.14,198.79,10.71,2025-05-04,2025-05-08,2025-05-08,Delivered,4.0,No,No
ORD104648,CUST10700,2025-05-13,Mumbai,Mumbai,Coimbatore,464.6,Clothing,2,6.46,Road,DTDC,2118.38,545.76,8.72,2025-05-16,2025-05-21,2025-05-22,Delayed,4.0,No,No
ORD103876,CUST12515,2025-03-31,Pune,Pune,Ahmedabad,513.8,Grocery,7,5.47,Road,DTDC,2291.29,540.06,10.09,2025-04-02,2025-04-07,2025-04-11,Delayed,4.0,No,No
ORD100562,CUST10300,2025-02-10,Pune,Pune,Bhopal,731.5,Books,6,11.88,Road,XpressBees,3391.67,717.61,10.92,2025-02-12,2025-02-18,2025-02-23,Delayed,5.0,No,No
ORD101708,CUST11151,2025-09-06,Hyderabad,Hyderabad,Kochi,422.4,Automotive,3,4.84,Road,XpressBees,1923.71,388.82,8.49,2025-09-07,2025-09-13,2025-09-13,Delivered,5.0,No,Yes
ORD102609,CUST10243,2025-05-23,Mumbai,Mumbai,Kochi,181.9,Home & Kitchen,3,6.97,Road,Shadowfax,957.01,165.69,12.14,2025-05-26,2025-05-30,2025-05-30,Delivered,4.0,No,No
ORD101714,CUST12153,2025-10-27,Mumbai,Mumbai,Chennai,266.5,automotive,3,7.73,Express,Blue Dart,1957.1,155.22,13.0,2025-10-29,2025-11-02,2025-11-02,Delivered,4.0,No,No
ORD100295,CUST10452,2025-09-12,Mumbai,Mumbai,Lucknow,268.3,Grocery,6,9.7,Road,Shadowfax,1391.71,203.45,11.5,2025-09-15,2025-09-19,2025-09-20,Delayed,3.0,No,No
ORD101028,CUST10731,2025-10-09,Delhi,Delhi,Jaipur,432.8,Automotive,5,6.79,Road,Delhivery,1910.88,362.3,10.32,2025-10-12,2025-10-18,2025-10-18,Delivered,4.0,No,No
ORD102387,CUST11181,2025-03-01,Mumbai,Mumbai,Coimbatore,502.6,Sports,1,3.07,Rail,Blue Dart,1726.04,437.16,9.63,2025-03-04,2025-03-10,2025-03-10,Delivered,5.0,No,No
ORD103636,CUST11530,2025-05-21,Bengaluru,Bengaluru,Vijayawada,542.0,Home & Kitchen,6,0.84,Air,Shadowfax,4878.59,464.73,10.53,2025-05-24,2025-05-27,2025-05-27,Delivered,5.0,No,No
ORD104152,CUST10258,2025-07-15,Bengaluru,Bengaluru,Vijayawada,196.0,Grocery,3,15.77,Express,Ecom Express,1816.0,124.42,6.24,2025-07-17,2025-07-20,2025-07-20,Delivered,4.0,No,No
ORD102681,CUST12636,2025-08-11,Chennai,Chennai,Pune,257.4,Clothing,2,18.23,Road,Delhivery,1390.46,250.98,6.8,2025-08-12,2025-08-18,2025-08-18,Delivered,4.0,No,No
ORD100579,CUST12446,2025-05-13,Hyderabad,Hyderabad,Surat,60.1,Beauty,3,13.33,Express,Shadowfax,657.79,40.39,6.16,2025-05-15,2025-05-19,2025-05-19,Delivered,4.0,No,Yes
ORD100597,CUST10842,2025-05-08,Mumbai,Mumbai,Bhopal,278.7,Electronics,6,2.87,Air,Shadowfax,2748.39,242.25,14.62,2025-05-11,2025-05-13,2025-05-13,Delivered,4.0,No,No
ORD103299,CUST11462,2025-10-09,Mumbai,Mumbai,Ahmedabad,285.2,Automotive,7,1.54,Air,Ecom Express,2595.89,222.54,8.02,2025-10-11,2025-10-15,2025-10-15,Delivered,5.0,No,No
ORD100212,CUST10974,2025-02-28,Bengaluru,Bengaluru,Indore,228.3,Books,2,3.44,Rail,Shadowfax,729.36,123.07,6.28,2025-03-03,2025-03-09,2025-03-09,Delivered,5.0,No,No
ORD104646,CUST11808,2025-06-09,Bengaluru,Bengaluru,Kolkata,381.9,Automotive,4,0.7,Rail,DTDC,1319.09,321.98,6.84,2025-06-12,2025-06-17,2025-06-17,Delivered,5.0,No,No
ORD101961,CUST10680,2025-01-02,Mumbai,Mumbai,Jaipur,275.9,Grocery,3,4.35,Road,Shadowfax,1236.83,287.49,11.97,2025-01-04,2025-01-10,2025-01-10,Delivered,5.0,No,No
ORD102698,CUST11381,2025-01-03,Bengaluru,Bengaluru,Kolkata,186.6,Electronics,2,8.56,Air,Delhivery,1842.31,125.85,4.54,2025-01-05,2025-01-08,2025-01-08,Delivered,4.0,No,No
ORD104495,CUST11294,2025-11-12,Mumbai,Mumbai,Jaipur,64.5,Electronics,4,1.21,Air,Delhivery,712.53,100.92,11.48,2025-11-16,2025-11-19,2025-11-19,Delivered,5.0,No,No
ORD102201,CUST11488,2025-06-12,Chennai,Chennai,Lucknow,981.1,Electronics,2,5.18,Express,DTDC,6902.47,893.76,3.87,2025-06-14,2025-06-18,2025-06-18,Delivered,4.0,No,No
ORD102141,CUST10916,2025-07-26,Hyderabad,Hyderabad,Kolkata,612.1,Electronics,7,13.39,Air,Ecom Express,5754.57,476.49,5.06,2025-07-29,2025-08-02,2025-08-02,Delivered,4.0,No,No
ORD104424,CUST11228,2025-07-14,Delhi,Delhi,Chennai,218.9,Beauty,4,1.33,Air,DTDC,2053.93,206.72,13.27,2025-07-17,2025-07-18,2025-07-18,Delivered,5.0,No,No
ORD101510,CUST11624,2025-04-22,Chennai,Chennai,Visakhapatnam,303.1,Automotive,7,5.37,Air,Shadowfax,2759.3,311.5,10.42,2025-04-24,2025-04-28,2025-04-28,Delivered,5.0,No,No
ORD103329,CUST10270,2025-09-13,Chennai,Chennai,Nagpur,637.6,Home & Kitchen,2,2.74,Air,Blue Dart,5756.33,508.67,4.7,2025-09-15,2025-09-18,2025-09-18,Delivered,4.0,No,No
ORD101910,CUST11220,2025-08-11,Pune,Pune,Bhopal,485.9,Grocery,4,11.7,Road,Blue Dart,2208.16,411.75,9.86,2025-08-12,2025-08-18,2025-08-18,Delivered,4.0,No,No
ORD100157,CUST12420,2025-06-09,Hyderabad,Hyderabad,Ahmedabad,242.6,Home & Kitchen,4,3.9,Air,Delhivery,2307.45,159.84,8.65,2025-06-11,2025-06-12,2025-06-12,Delivered,4.0,No,No
ORD100161,CUST12190,2025-12-03,Mumbai,Mumbai,Delhi,355.2,Clothing,2,4.78,Rail,Ecom Express,1334.93,300.38,6.43,2025-12-05,2025-12-11,2025-12-13,Delayed,4.0,No,No
ORD103070,CUST12695,2025-02-18,Pune,Pune,Vijayawada,122.5,Books,3,12.74,Road,shadowfax,634.31,93.41,10.48,2025-02-21,2025-02-26,2025-02-26,Delivered,4.0,No,No
ORD103742,CUST11927,2025-12-11,Chennai,Chennai,Ahmedabad,419.0,Beauty,7,4.05,Rail,DTDC,1477.12,307.83,3.84,2025-12-13,2025-12-20,2025-12-20,Delivered,4.0,No,No
ORD101266,CUST10575,2025-05-28,Bengaluru,Bengaluru,Kolkata,409.0,Electronics,3,6.27,Air,XpressBees,3840.47,351.19,10.17,2025-05-31,2025-06-03,2025-06-07,Delayed,3.0,No,No
ORD100798,CUST10714,2025-09-24,Hyderabad,Hyderabad,Coimbatore,260.2,Sports,7,1.93,Road,Blue Dart,1121.8,233.54,9.83,2025-09-26,2025-09-30,2025-09-30,Delivered,,No,No
ORD100699,CUST10761,2025-09-20,Pune,Pune,Indore,553.8,Electronics,5,4.24,Rail,Shadowfax,1865.75,528.39,10.94,2025-09-23,2025-09-30,2025-10-01,Delayed,4.0,No,No
ORD102520,CUST10408,2025-08-02,Pune,Pune,Chennai,61.9,Sports,6,21.93,Rail,Delhivery,611.4,48.05,7.96,2025-08-04,2025-08-09,2025-08-09,Delivered,4.0,No,No
ORD102356,CUST10313,2025-08-02,Delhi,Delhi,Indore,518.2,Automotive,2,0.2,Road,XpressBees,2088.69,476.39,9.85,2025-08-04,2025-08-10,2025-08-10,Delivered,4.0,No,No
ORD104449,CUST10427,2025-07-04,Hyderabad,Hyderabad,Lucknow,272.4,Home & Kitchen,4,8.5,Air,Shadowfax,2752.65,228.28,7.06,2025-07-06,2025-07-08,2025-07-08,Delivered,4.0,No,No
ORD100018,CUST10861,2025-11-20,Hyderabad,Hyderabad,Pune,243.8,Sports,1,3.03,Rail,Ecom Express,858.81,323.75,6.21,2025-11-21,2025-11-27,2025-11-27,Delivered,4.0,No,No
ORD104993,CUST11586,2025-06-30,Delhi,Delhi,Hyderabad,51.6,Electronics,1,5.67,Road,DTDC,349.7,20.0,4.62,2025-07-02,2025-07-09,2025-07-09,Delivered,5.0,No,No
ORD102134,CUST10327,2025-06-23,Delhi,Delhi,Kochi,669.8,Books,5,5.91,Express,DTDC,4928.82,640.58,10.42,2025-06-25,2025-06-28,2025-06-30,Delayed,3.0,No,No
ORD101054,CUST11366,2025-11-19,Hyderabad,Hyderabad,Coimbatore,77.0,Beauty,7,13.92,Air,Delhivery,1033.93,64.51,5.64,2025-11-21,2025-11-23,2025-11-23,Delivered,5.0,No,No
ORD103774,CUST10931,2025-12-19,Pune,Pune,Lucknow,209.0,Sports,1,2.18,Road,XpressBees,966.38,214.02,9.77,2025-12-22,2025-12-27,2025-12-27,Delivered,4.0,No,No
ORD104735,CUST10954,2025-03-31,Delhi,Delhi,Jaipur,518.3,books,6,5.51,Express,Blue Dart,3751.23,535.93,6.77,2025-04-02,2025-04-07,2025-04-07,Delivered,5.0,No,No
ORD100024,CUST12471,2025-12-04,Bengaluru,Bengaluru,Pune,153.2,Electronics,6,3.2,Air,Shadowfax,1466.14,131.48,8.8,2025-12-06,2025-12-07,2025-12-07,Delivered,5.0,No,No
ORD104781,CUST12502,2025-07-05,Delhi,Delhi,Jaipur,627.2,Beauty,6,7.63,Air,Shadowfax,5803.79,673.78,13.87,2025-07-09,2025-07-13,2025-07-13,Delivered,3.0,No,No
ORD104601,CUST11576,2025-08-28,Hyderabad,Hyderabad,Coimbatore,117.5,Automotive,4,6.01,Road,DTDC,745.77,133.12,2.17,2025-08-29,2025-09-03,2025-09-03,Delivered,4.0,No,No
ORD103030,CUST12709,2025-08-07,Pune,Pune,Kolkata,1026.8,Sports,3,4.86,Road,Blue Dart,4407.24,989.94,10.5,2025-08-09,2025-08-15,2025-08-22,Delayed,4.0,No,No
ORD102043,CUST11629,2025-12-13,Pune,Pune,Jaipur,160.2,Electronics,6,1.53,Air,Blue Dart,1443.14,198.42,5.5,2025-12-14,2025-12-17,2025-12-17,Delivered,4.0,No,No
ORD102443,CUST10345,2025-05-12,Delhi,Delhi,Bhopal,728.9,Grocery,3,8.83,Road,DTDC,3369.03,795.68,7.7,2025-05-15,2025-05-20,2025-05-20,Delivered,4.0,No,No
ORD100208,CUST11244,2025-12-13,Mumbai,Mumbai,Jaipur,541.8,Sports,1,8.65,Rail,XpressBees,1805.87,477.55,10.15,2025-12-16,2025-12-22,2025-12-26,Delayed,3.0,No,No
ORD102341,CUST10863,2025-10-26,mumbai,Mumbai,Indore,663.7,Clothing,2,3.09,Rail,Delhivery,2164.24,480.2,9.33,2025-10-30,2025-11-06,2025-11-06,Delivered,5.0,No,No
ORD100448,CUST11976,2025-05-30,Mumbai,Mumbai,Visakhapatnam,656.1,Electronics,3,5.26,Road,Shadowfax,2711.33,627.37,9.37,2025-06-01,2025-06-07,2025-06-07,Delivered,4.0,No,No
ORD101358,CUST12139,2025-04-19,Hyderabad,Hyderabad,Indore,89.6,Electronics,1,2.07,Road,Ecom Express,431.53,39.93,5.22,2025-04-20,2025-04-23,2025-04-25,Delayed,3.0,No,No
ORD100308,CUST11983,2025-06-23,Hyderabad,Hyderabad,Delhi,173.0,Sports,6,5.18,Road,Delhivery,937.32,158.7,9.92,2025-06-25,2025-06-30,2025-07-01,Delayed,3.0,No,No
ORD104043,CUST10607,2025-09-05,Mumbai,Mumbai,Bhopal,534.8,Home & Kitchen,6,10.3,Road,DTDC,2405.04,,10.7,2025-09-07,2025-09-12,2025-09-14,Delayed,3.0,No,No
ORD102958,CUST11153,2025-09-06,Pune,Pune,Kolkata,171.6,Sports,3,1.26,Rail,Delhivery,466.43,114.59,11.09,2025-09-09,2025-09-14,2025-09-14,Delivered,4.0,No,No
ORD100402,CUST11854,2025-07-28,Bengaluru,Bengaluru,Visakhapatnam,562.3,Electronics,3,2.92,Rail,XpressBees,1920.37,582.17,7.95,2025-07-31,2025-08-07,2025-08-09,Delayed,3.0,No,No
ORD101862,CUST11232,2025-03-12,Bengaluru,Bengaluru,Pune,523.5,Electronics,1,1.62,Road,Delhivery,2173.97,412.82,8.53,2025-03-15,2025-03-19,2025-03-20,Delayed,2.0,No,No
ORD101008,CUST10290,2025-11-23,Pune,Pune,Coimbatore,809.6,Beauty,6,6.4,Rail,Shadowfax,2559.61,569.18,10.56,2025-11-26,2025-12-03,2025-12-03,Delivered,4.0,No,No
ORD100565,CUST11945,2025-08-18,Pune,Pune,Ahmedabad,650.5,Beauty,6,9.39,Road,XpressBees,2919.45,753.18,7.97,2025-08-20,2025-08-26,2025-08-26,Delivered,4.0,No,No
ORD101583,CUST11816,2025-10-30,Bengaluru,Bengaluru,Vijayawada,86.4,Automotive,1,13.35,Rail,DTDC,598.61,121.67,11.51,2025-11-01,2025-11-08,2025-11-08,Delivered,4.0,No,No
ORD100022,CUST12765,2025-07-05,Hyderabad,Hyderabad,Vijayawada,643.3,Home & Kitchen,3,3.13,Road,Blue Dart,2763.07,713.72,7.89,2025-07-08,2025-07-14,2025-07-14,Delivered,5.0,No,No
ORD104079,CUST12679,2025-08-09,Chennai,Chennai,Bhopal,213.7,Electronics,6,0.89,Road,Ecom Express,1053.76,156.5,8.78,2025-08-11,2025-08-17,2025-08-17,Delivered,4.0,No,No
ORD100825,CUST11412,2025-03-27,Hyderabad,Hyderabad,Vijayawada,214.8,Books,1,3.6,Road,Shadowfax,903.46,127.25,6.76,2025-03-29,2025-04-03,2025-04-06,Delayed,3.0,No,No
ORD100810,CUST12426,2025-05-05,Delhi,Delhi,Nagpur,449.4,Sports,4,5.5,Air,Shadowfax,4307.49,272.62,9.31,2025-05-07,2025-05-12,2025-05-12,Delivered,4.0,No,No
ORD102493,CUST11604,2025-09-05,Bengaluru,Bengaluru,Jaipur,431.4,Grocery,4,6.92,Rail,Ecom Express,1508.44,463.67,10.19,2025-09-08,2025-09-15,2025-09-15,Delivered,4.0,No,No
ORD103922,CUST12458,2025-07-26,Pune,Pune,Chennai,600.2,Books,6,6.17,Rail,XpressBees,2084.53,442.25,10.28,2025-07-29,2025-08-04,2025-08-04,Delivered,5.0,No,No
ORD102611,CUST11015,2025-02-14,Hyderabad,Hyderabad,Indore,581.0,Sports,5,1.53,Road,Shadowfax,2491.31,590.61,2.57,2025-02-15,2025-02-21,2025-02-21,Delivered,,No,No
ORD104845,CUST12751,2025-07-07,Mumbai,Mumbai,Jaipur,164.3,Books,6,4.28,Rail,Delhivery,620.58,184.5,9.34,2025-07-10,2025-07-16,2025-07-18,Delayed,4.0,No,No
ORD103399,CUST10907,2025-01-11,Chennai,Chennai,Kolkata,421.6,Books,7,7.87,Road,Shadowfax,2181.71,511.6,7.85,2025-01-12,2025-01-19,2025-01-24,Delayed,4.0,No,No
ORD101605,CUST10803,2025-05-16,Mumbai,Mumbai,Chennai,459.7,Automotive,2,9.69,Road,XpressBees,2165.48,511.27,13.39,2025-05-19,2025-05-24,2025-05-26,Delayed,3.0,No,No
ORD101046,CUST11946,2025-01-23,Hyderabad,Hyderabad,Coimbatore,863.6,Home & Kitchen,4,10.28,Express,Delhivery,6302.47,879.33,4.76,2025-01-25,2025-01-30,2025-02-03,Delayed,3.0,No,No
ORD103582,CUST10842,2025-10-10,Chennai,Chennai,Bengaluru,210.8,Sports,6,7.86,Road,XpressBees,1182.18,194.92,10.52,2025-10-12,2025-10-17,2025-10-17,Delivered,5.0,No,Yes
ORD100337,CUST11622,2025-11-21,Hyderabad,Hyderabad,Kochi,482.1,Sports,1,4.03,Air,DTDC,4453.64,525.81,6.28,2025-11-24,2025-11-28,2025-11-28,Delivered,4.0,No,No
ORD101709,CUST12177,2025-03-24,Delhi,Delhi,Chennai,1005.6,Automotive,2,10.16,Rail,Ecom Express,3404.75,985.88,13.06,2025-03-26,2025-04-03,2025-04-08,Delayed,3.0,No,No
ORD104902,CUST10050,2025-01-04,Hyderabad,Hyderabad,Nagpur,340.2,Electronics,7,13.57,Road,Shadowfax,1803.88,399.3,6.03,2025-01-05,2025-01-10,2025-01-10,Delivered,,No,No
ORD101735,CUST12587,2025-06-06,Mumbai,Mumbai,Bengaluru,230.1,Electronics,1,6.39,Air,Blue Dart,2312.1,152.35,8.84,2025-06-09,2025-06-13,2025-06-13,Delivered,5.0,No,No
ORD100127,CUST12317,2025-07-28,Mumbai,Mumbai,Kochi,584.3,Home & Kitchen,1,0.64,Express,DTDC,4149.58,598.18,11.96,2025-07-30,2025-08-05,2025-08-05,Delivered,4.0,No,No
ORD102104,CUST11038,2025-04-27,Chennai,Chennai,Indore,934.4,Automotive,3,9.37,Rail,Blue Dart,3203.58,807.32,8.13,2025-04-29,2025-05-06,2025-05-06,Delivered,4.0,No,No
ORD104011,CUST11185,2025-05-13,Bengaluru,Bengaluru,Bhopal,373.7,Automotive,3,7.93,Air,DTDC,3629.1,368.88,9.83,2025-05-15,2025-05-17,2025-05-17,Delivered,5.0,No,No
ORD101124,CUST11342,2025-09-23,Pune,Pune,Bhopal,318.0,Clothing,6,8.36,Road,Ecom Express,1603.44,,7.59,2025-09-25,2025-09-30,2025-09-30,Delivered,5.0,No,No
ORD100205,CUST12712,2025-07-08,Mumbai,Mumbai,Hyderabad,210.1,Beauty,2,13.63,Road,Ecom Express,974.25,101.62,7.84,2025-07-10,2025-07-16,2025-07-16,Delivered,4.0,No,No
ORD101146,CUST10556,2025-05-26,Bengaluru,Bengaluru,Visakhapatnam,50.6,Books,5,2.5,Road,DTDC,371.7,129.34,5.43,2025-05-28,2025-06-01,2025-06-06,Delayed,5.0,No,No
ORD104870,CUST10434,2025-12-11,Bengaluru,Bengaluru,Pune,491.6,Grocery,6,9.01,Road,XpressBees,2245.92,490.91,7.25,2025-12-13,2025-12-19,2025-12-22,Delayed,3.0,No,No
ORD103661,CUST10828,2025-12-25,Mumbai,Mumbai,Indore,178.3,Beauty,7,2.6,Express,Blue Dart,1443.26,210.98,8.59,2025-12-27,2026-01-01,2026-01-04,Delayed,3.0,No,No
ORD102589,CUST12613,2025-12-09,Bengaluru,Bengaluru,Kochi,94.7,Clothing,2,3.91,Express,DTDC,660.89,65.87,7.64,2025-12-11,2025-12-13,2025-12-13,Delivered,5.0,No,No
ORD103874,CUST11260,2025-09-07,Hyderabad,Hyderabad,Lucknow,280.7,Home & Kitchen,2,9.45,Express,Delhivery,2107.76,298.81,7.79,2025-09-09,2025-09-13,2025-09-13,Delivered,5.0,No,No
ORD103632,CUST10282,2025-12-04,Mumbai,Mumbai,Delhi,488.3,Automotive,4,11.68,Road,XpressBees,2297.4,439.89,9.14,2025-12-07,2025-12-11,2025-12-11,Delivered,4.0,No,No
ORD100992,CUST10783,2025-01-29,Bengaluru,Bengaluru,Jaipur,885.2,Electronics,4,5.16,Rail,XpressBees,2835.35,744.75,2.0,2025-01-31,2025-02-08,2025-02-08,Delivered,5.0,No,No
ORD101598,CUST12107,2025-04-27,Mumbai,Mumbai,Delhi,184.8,Sports,7,3.52,Road,XpressBees,934.74,157.88,13.43,2025-04-29,2025-05-03,2025-05-04,Delayed,4.0,No,No
ORD103218,CUST11461,2025-05-26,Hyderabad,Hyderabad,Kochi,251.3,Electronics,1,5.3,Road,Shadowfax,1129.65,217.58,3.94,2025-05-28,2025-06-03,2025-06-10,Delayed,2.0,No,Yes
ORD104856,CUST12560,2025-03-09,Delhi,Delhi,Bengaluru,367.9,Automotive,6,9.77,Air,Delhivery,3501.28,236.07,7.62,2025-03-11,2025-03-13,2025-03-13,Delivered,5.0,No,No
ORD103049,CUST10479,2025-08-14,Mumbai,Mumbai,Pune,419.1,Home & Kitchen,6,3.42,Road,Delhivery,1829.25,,8.51,2025-08-16,2025-08-20,2025-08-20,Delivered,4.0,No,No
ORD104515,CUST11391,2025-08-17,Bengaluru,Bengaluru,Chennai,477.3,Beauty,2,4.66,Road,Delhivery,2059.06,378.07,8.17,2025-08-20,2025-08-25,2025-08-25,Delivered,4.0,No,No
ORD103583,CUST12798,2025-01-03,Delhi,Delhi,Jaipur,517.0,Automotive,7,2.34,Road,Blue Dart,2363.41,382.28,4.49,2025-01-05,2025-01-10,2025-01-10,Delivered,4.0,No,No
ORD102566,CUST11842,2025-05-07,Mumbai,Mumbai,Kolkata,606.4,Beauty,4,3.49,Rail,Delhivery,2213.65,538.36,9.4,2025-05-10,2025-05-17,2025-05-17,Delivered,4.0,No,No
ORD100256,CUST11862,2025-06-19,Hyderabad,Hyderabad,Chennai,136.0,Grocery,1,7.57,Road,Shadowfax,702.07,87.82,7.12,2025-06-22,2025-06-27,2025-06-27,Delivered,4.0,No,No
ORD103999,CUST12234,2025-10-07,Hyderabad,Hyderabad,Mumbai,234.8,Home & Kitchen,6,2.2,Road,Shadowfax,1227.68,176.78,6.54,2025-10-09,2025-10-13,2025-10-13,Delivered,4.0,No,No
ORD100605,CUST10089,2025-01-24,Mumbai,Mumbai,Coimbatore,287.6,Electronics,2,7.77,Road,Shadowfax,1287.9,209.02,8.61,2025-01-26,2025-02-01,2025-02-01,Delivered,4.0,No,No
ORD102503,CUST10121,2025-01-15,Pune,Pune,Lucknow,422.6,Home & Kitchen,1,4.94,Road,DTDC,1877.57,290.41,7.25,2025-01-18,2025-01-24,2025-01-30,Delayed,3.0,No,No
ORD103496,CUST12480,2025-02-01,Hyderabad,Hyderabad,Kolkata,59.8,Home & Kitchen,4,3.88,Road,XpressBees,376.01,20.51,9.15,2025-02-03,2025-02-07,2025-02-07,Delivered,4.0,No,No
ORD103858,CUST11203,2025-11-19,Chennai,Chennai,Lucknow,610.5,Sports,7,10.05,Road,Blue Dart,2844.45,577.63,,2025-11-21,2025-11-26,2025-11-26,Delivered,4.0,No,No
ORD100536,CUST12490,2025-01-29,Pune,Pune,Mumbai,801.6,Electronics,2,6.18,Road,DTDC,3519.46,834.39,7.15,2025-02-01,2025-02-08,2025-02-08,Delivered,4.0,No,No
ORD100780,CUST12336,2025-10-20,Hyderabad,Hyderabad,Nagpur,323.9,Electronics,6,4.18,Rail,Ecom Express,1131.0,335.46,5.6,2025-10-22,2025-10-30,2025-10-30,Delivered,5.0,No,No
ORD100373,CUST12571,2025-07-23,Hyderabad,Hyderabad,Pune,81.7,Beauty,6,5.88,Road,Shadowfax,487.89,59.88,4.92,2025-07-25,2025-07-29,2025-08-01,Delayed,3.0,No,No
ORD101635,CUST12755,2025-03-21,Delhi,Delhi,Lucknow,329.2,Books,1,2.81,Express,Blue Dart,2189.85,234.43,7.7,2025-03-24,2025-03-28,2025-03-28,Delivered,4.0,No,No
ORD101596,CUST10897,2025-03-05,Delhi,Delhi,Mumbai,820.4,Electronics,7,1.18,Road,Blue Dart,3612.93,562.9,9.89,2025-03-08,2025-03-14,2025-03-16,Delayed,3.0,No,No
ORD103698,CUST11677,2025-07-25,Chennai,Chennai,Vijayawada,534.6,Grocery,2,2.86,Air,XpressBees,5053.22,463.55,5.02,2025-07-27,2025-07-31,2025-07-31,Delivered,5.0,No,No
ORD100848,CUST10316,2025-01-04,Hyderabad,Hyderabad,Indore,628.4,Electronics,6,8.94,Express,DTDC,4717.83,496.97,4.32,2025-01-05,2025-01-11,2025-01-11,Delivered,4.0,No,No
ORD103242,CUST10372,2025-01-25,Bengaluru,Bengaluru,Bhopal,537.8,Automotive,4,10.77,Road,Delhivery,2387.61,591.49,7.83,2025-01-27,2025-02-03,2025-02-03,Delivered,4.0,No,No
ORD102390,CUST10356,2025-08-04,Hyderabad,Hyderabad,Mumbai,343.2,Beauty,3,2.39,Road,DTDC,1457.72,391.42,5.83,2025-08-05,2025-08-10,2025-08-17,Delayed,3.0,No,No
ORD101003,CUST12699,2025-01-22,Bengaluru,Bengaluru,Bhopal,533.3,Beauty,4,0.82,Rail,XpressBees,1725.66,417.56,6.06,2025-01-23,2025-01-29,2025-02-01,Delayed,3.0,No,No
ORD103778,CUST12740,2025-03-29,Bengaluru,Bengaluru,Pune,1111.6,Grocery,6,2.25,Road,DTDC,4744.23,1065.26,8.17,2025-03-31,2025-04-07,2025-04-07,Delivered,5.0,No,No
ORD102944,CUST11624,2025-01-14,Delhi,Delhi,Kochi,248.5,Clothing,1,11.36,Road,DTDC,1150.85,179.12,11.16,2025-01-17,2025-01-21,2025-01-21,Delivered,4.0,No,No
ORD101187,CUST12300,2025-09-23,Pune,Pune,Kochi,455.7,Books,3,15.54,Rail,XpressBees,1705.24,483.91,6.37,2025-09-25,2025-10-02,2025-10-02,Delivered,3.0,No,No
ORD100612,CUST11944,2025-11-25,Bengaluru,Bengaluru,Indore,349.3,Books,6,0.63,Road,Delhivery,1526.02,353.0,2.82,2025-11-26,2025-12-02,2025-12-02,Delivered,4.0,No,No
ORD103590,CUST10247,2025-07-16,Pune,Pune,Indore,465.3,Beauty,2,15.38,Road,Ecom Express,2185.21,510.82,10.34,2025-07-19,2025-07-25,2025-07-25,Delivered,4.0,No,No
ORD103984,CUST11114,2025-01-23,Bengaluru,Bengaluru,Indore,503.6,Home & Kitchen,5,10.73,Rail,DTDC,1774.28,376.78,6.44,2025-01-24,2025-01-30,2025-02-01,Delayed,3.0,No,No
ORD103158,CUST10848,2025-05-04,Chennai,Chennai,Hyderabad,309.7,Electronics,2,9.48,Rail,Blue Dart,1039.82,223.02,8.27,2025-05-06,2025-05-13,2025-05-13,Delivered,4.0,No,No
ORD104073,CUST11706,2025-07-16,Pune,Pune,Coimbatore,179.1,Grocery,1,4.53,Rail,Delhivery,648.88,172.33,8.16,2025-07-18,2025-07-24,2025-07-24,Delivered,3.0,No,No
ORD101839,CUST11411,2025-03-24,Bengaluru,Bengaluru,Bhopal,683.1,Home & Kitchen,3,2.33,Air,Delhivery,6218.53,737.01,9.45,2025-03-26,2025-03-30,2025-03-30,Delivered,4.0,No,No
ORD104951,CUST10863,2025-08-16,Bengaluru,Bengaluru,Vijayawada,159.4,Automotive,5,2.82,Rail,Blue Dart,550.57,70.17,2.0,2025-08-17,2025-08-23,2025-08-25,Delayed,3.0,No,No
ORD102816,CUST12595,2025-01-21,Pune,Pune,Coimbatore,333.7,Automotive,7,3.69,Road,Ecom Express,1606.74,263.21,5.98,2025-01-23,2025-01-28,2025-01-28,Delivered,5.0,No,No
ORD101967,CUST10189,2025-02-20,Bengaluru,Bengaluru,Delhi,373.5,Home & Kitchen,6,2.3,Road,DTDC,1680.17,241.33,6.74,2025-02-22,2025-02-28,2025-02-28,Delivered,4.0,No,No
ORD104835,CUST10375,2025-04-04,Pune,Pune,Lucknow,405.1,Beauty,4,4.98,Road,Ecom Express,1742.62,486.96,7.13,2025-04-06,2025-04-11,2025-04-11,Delivered,3.0,No,No
ORD100513,CUST10793,2025-01-25,Delhi,Delhi,Bengaluru,624.0,Clothing,2,5.98,Rail,Ecom Express,2162.57,467.38,10.61,2025-01-28,2025-02-04,2025-02-04,Delivered,,No,No
ORD100196,CUST12685,2025-12-23,Chennai,Chennai,Kochi,317.1,Automotive,6,1.39,Road,Ecom Express,1450.43,254.63,10.46,2025-12-26,2025-12-31,2025-12-31,Delivered,4.0,No,No
ORD102582,CUST10369,2025-07-03,Hyderabad,Hyderabad,Chennai,618.4,Automotive,3,9.21,Air,XpressBees,5747.74,472.91,6.88,2025-07-05,2025-07-09,2025-07-13,Delayed,3.0,No,No
ORD103613,CUST12316,2025-03-25,Chennai,Chennai,Visakhapatnam,557.0,Home & Kitchen,1,13.57,Rail,Blue Dart,1971.6,639.14,8.55,2025-03-27,2025-04-02,2025-04-02,Delivered,3.0,No,No
ORD102826,CUST12584,2025-05-12,Hyderabad,Hyderabad,Indore,379.0,Home & Kitchen,1,8.66,Road,Delhivery,1661.78,241.08,6.85,2025-05-14,2025-05-20,2025-05-20,Delivered,4.0,No,No
ORD103446,CUST12182,2025-02-23,Pune,Pune,Bhopal,269.5,Clothing,5,5.71,Road,DTDC,1246.14,252.12,7.95,2025-02-24,2025-03-02,2025-03-02,Delivered,4.0,No,No
ORD100954,CUST11546,2025-03-12,Bengaluru,Bengaluru,Pune,803.1,Clothing,4,2.49,Road,Blue Dart,3440.9,862.94,7.38,2025-03-15,2025-03-20,2025-03-20,Delivered,4.0,No,Yes
ORD103882,CUST12202,2025-08-14,Bengaluru,Bengaluru,Coimbatore,269.9,Books,2,4.72,Road,DTDC,1243.36,174.28,7.78,2025-08-16,2025-08-21,2025-08-23,Delayed,3.0,No,No
ORD102195,CUST10906,2025-03-23,Mumbai,Mumbai,Bhopal,290.9,Grocery,7,8.11,Road,XpressBees,1453.53,349.84,12.93,2025-03-26,2025-03-30,2025-03-30,Delivered,4.0,No,No
ORD102969,CUST11692,2025-01-03,Pune,Pune,Delhi,321.0,Home & Kitchen,5,2.07,Express,Delhivery,2386.03,190.63,11.28,2025-01-05,2025-01-08,2025-01-08,Delivered,5.0,No,No
ORD103899,CUST12686,2025-12-30,Chennai,Chennai,Jaipur,750.4,Sports,6,7.01,Air,XpressBees,7014.79,639.46,6.0,2026-01-01,2026-01-05,2026-01-05,Delivered,5.0,No,Yes
ORD103459,CUST11656,2025-10-28,Mumbai,Mumbai,Bengaluru,257.6,Sports,2,8.57,Road,DTDC,1207.9,236.29,8.65,2025-10-30,2025-11-04,2025-11-05,Delayed,4.0,Yes,No
ORD102314,CUST11193,2025-11-24,Hyderabad,Hyderabad,Jaipur,249.5,Automotive,4,7.98,Road,Ecom Express,1348.25,200.6,5.69,2025-11-26,2025-11-30,2025-11-30,Delivered,4.0,No,No
ORD101656,CUST12542,2025-01-17,Hyderabad,Hyderabad,Bengaluru,675.7,Clothing,2,11.63,Rail,DTDC,2415.3,536.11,9.08,2025-01-19,2025-01-27,2025-01-27,Delivered,4.0,No,No
ORD100340,CUST12257,2025-08-01,Mumbai,Mumbai,Surat,987.4,Home & Kitchen,6,12.58,Road,DTDC,4508.05,836.39,7.72,2025-08-03,2025-08-10,2025-08-10,Delivered,4.0,No,No
ORD100450,CUST12649,2025-02-04,Hyderabad,Hyderabad,Surat,150.5,Clothing,5,3.49,Road,Shadowfax,641.45,182.33,2.0,2025-02-06,2025-02-12,2025-02-12,Delivered,4.0,No,No
ORD100445,CUST10359,2025-03-19,Delhi,Delhi,Indore,324.7,Grocery,4,0.42,Air,Ecom Express,3000.82,332.55,7.7,2025-03-22,2025-03-26,2025-03-30,Delayed,4.0,No,No
ORD100146,CUST11363,2025-12-29,Hyderabad,Hyderabad,Bengaluru,564.3,Home & Kitchen,3,6.07,Road,DTDC,2491.37,568.96,7.43,2025-12-31,2026-01-06,2026-01-06,Delivered,5.0,No,No
ORD100172,CUST10227,2025-11-17,Chennai,Chennai,Indore,672.5,Home & Kitchen,2,4.78,Road,Delhivery,3022.06,607.48,4.54,2025-11-19,2025-11-25,2025-11-30,Delayed,3.0,No,No
ORD100473,CUST11416,2025-07-31,Bengaluru,Bengaluru,Mumbai,402.4,Grocery,3,4.35,Air,DTDC,3821.79,373.0,5.44,2025-08-02,2025-08-05,2025-08-06,Delayed,3.0,No,No
ORD104392,CUST12124,2025-06-21,Hyderabad,Hyderabad,Lucknow,385.9,Home & Kitchen,1,3.66,Road,Blue Dart,1545.98,461.85,8.15,2025-06-24,2025-06-30,2025-06-30,Delivered,3.0,No,No
ORD102463,CUST10017,2025-12-01,Hyderabad,Hyderabad,Ahmedabad,355.0,Clothing,1,0.96,Road,XpressBees,1495.01,285.23,6.21,2025-12-03,2025-12-08,2025-12-08,Delivered,4.0,No,No
ORD100017,CUST10234,2025-07-27,Delhi,Delhi,Kolkata,221.6,Home & Kitchen,4,2.14,Road,Ecom Express,891.85,254.56,9.51,2025-07-28,2025-08-02,2025-08-03,Delayed,4.0,No,No
ORD101454,CUST11674,2025-03-21,Hyderabad,Hyderabad,Vijayawada,442.8,Books,3,4.02,Road,Blue Dart,1943.27,428.11,8.03,2025-03-24,2025-03-30,2025-03-30,Delivered,4.0,No,No
ORD102733,CUST12704,2025-01-31,Mumbai,Mumbai,Bhopal,361.0,Automotive,6,5.26,Rail,DTDC,1358.52,421.46,10.83,2025-02-03,2025-02-10,2025-02-10,Delivered,4.0,No,No
ORD102813,CUST12367,2025-05-17,Pune,Pune,Vijayawada,459.6,Grocery,5,6.47,Road,XpressBees,,416.06,8.41,2025-05-20,2025-05-26,2025-05-26,Delivered,5.0,No,No
ORD103266,CUST12180,2025-12-20,Chennai,Chennai,Nagpur,180.0,Grocery,2,6.05,Road,XpressBees,1057.77,140.61,11.95,2025-12-23,2025-12-28,2025-12-28,Delivered,4.0,No,No
ORD104545,CUST10545,2025-02-04,Hyderabad,Hyderabad,Coimbatore,411.1,Books,4,12.37,Road,DTDC,1989.6,346.83,7.88,2025-02-06,2025-02-12,2025-02-16,Delayed,3.0,No,No
ORD101597,CUST10724,2025-05-21,Hyderabad,Hyderabad,Bhopal,174.2,Grocery,2,3.87,Air,Ecom Express,1626.26,237.66,6.86,2025-05-23,2025-05-25,2025-05-25,Delivered,4.0,No,No
ORD100724,CUST10508,2025-08-17,Chennai,Chennai,Mumbai,386.3,Electronics,1,1.69,Road,Shadowfax,1597.37,377.56,7.75,2025-08-18,2025-08-24,2025-08-24,Delivered,5.0,No,No
ORD104599,CUST10554,2025-04-23,Bengaluru,Bengaluru,Surat,520.9,Books,4,2.58,Road,Delhivery,2422.41,435.98,10.16,2025-04-26,2025-05-01,2025-05-01,Delivered,4.0,No,No
ORD103470,CUST10543,2025-06-24,Mumbai,Mumbai,Lucknow,470.8,Sports,7,5.36,Rail,XpressBees,1836.65,351.66,9.42,2025-06-25,2025-06-30,2025-07-06,Delayed,4.0,No,No
ORD101875,CUST10846,2025-11-05,pune,Pune,Vijayawada,396.1,Grocery,1,3.82,Rail,XpressBees,1401.64,398.52,9.29,2025-11-08,2025-11-14,2025-11-15,Delayed,4.0,No,No
ORD104398,CUST10254,2025-09-04,Hyderabad,Hyderabad,Coimbatore,79.4,Grocery,5,5.09,Rail,Shadowfax,316.13,96.92,8.75,2025-09-06,2025-09-13,2025-09-13,Delivered,4.0,No,No
ORD100259,CUST11150,2025-05-19,Pune,Pune,Kolkata,80.5,Electronics,4,4.14,Road,XpressBees,539.91,67.14,8.24,2025-05-21,2025-05-25,2025-05-25,Delivered,5.0,No,No
ORD102950,CUST10518,2025-01-19,Pune,Pune,Jaipur,116.2,Clothing,1,2.21,Express,Blue Dart,834.67,102.62,7.7,2025-01-22,2025-01-25,2025-01-25,Delivered,5.0,No,No
ORD104650,CUST10607,2025-06-25,Mumbai,Mumbai,Kolkata,289.9,Home & Kitchen,3,8.85,Air,Blue Dart,2935.31,266.0,11.08,2025-06-27,2025-06-29,2025-07-06,Delayed,3.0,No,No
ORD101469,CUST12665,2025-09-28,Chennai,Chennai,Visakhapatnam,85.1,Sports,5,7.67,Road,Shadowfax,490.61,115.39,2.43,2025-09-29,2025-10-04,2025-10-04,Delivered,5.0,No,No
ORD104423,CUST10027,2025-01-03,Pune,Pune,Kochi,1196.0,Books,5,7.22,Road,XpressBees,5314.5,1041.32,9.36,2025-01-05,2025-01-14,2025-01-14,Delivered,4.0,No,No
ORD100931,CUST10321,2025-05-23,Pune,Pune,Bengaluru,319.4,Sports,5,8.7,Road,Blue Dart,1477.29,336.0,10.71,2025-05-25,2025-05-31,2025-05-31,Delivered,5.0,No,No
ORD103326,CUST10016,2025-04-23,Pune,Pune,Hyderabad,494.5,Electronics,6,11.8,Road,Ecom Express,2404.11,334.5,8.9,2025-04-26,2025-05-01,2025-05-01,Delivered,5.0,No,No
ORD102297,CUST12074,2025-08-24,Mumbai,Mumbai,Indore,189.0,Automotive,1,20.38,Road,DTDC,1216.65,165.81,6.61,2025-08-27,2025-09-01,2025-09-01,Delivered,5.0,No,No
ORD103717,CUST10351,2025-02-09,Delhi,Delhi,Surat,541.6,Clothing,6,5.43,Road,XpressBees,2517.24,625.9,14.8,2025-02-13,2025-02-19,2025-02-21,Delayed,3.0,No,No
ORD104433,CUST11258,2025-03-19,Chennai,Chennai,Bengaluru,170.7,Clothing,2,1.76,Road,Blue Dart,870.53,204.44,6.11,2025-03-20,2025-03-25,2025-03-25,Delivered,5.0,No,No
ORD103033,CUST10507,2025-11-09,Mumbai,Mumbai,Lucknow,237.6,Sports,1,1.41,Road,XpressBees,1055.21,212.9,11.97,2025-11-12,2025-11-17,2025-11-17,Delivered,5.0,No,No
ORD103473,CUST10333,2025-09-23,Bengaluru,Bengaluru,Jaipur,152.4,Automotive,3,2.64,Road,Delhivery,693.01,197.06,8.76,2025-09-25,2025-09-30,2025-09-30,Delivered,5.0,No,No
ORD103775,CUST11775,2025-10-16,Bengaluru,Bengaluru,Pune,337.4,Grocery,2,0.66,Road,Ecom Express,1522.16,338.04,7.79,2025-10-18,2025-10-22,2025-10-22,Delivered,5.0,No,Yes
ORD100085,CUST12745,2025-08-28,Hyderabad,Hyderabad,Delhi,163.2,Electronics,6,8.23,Air,Shadowfax,1629.3,117.08,6.96,2025-08-30,2025-09-02,2025-09-02,Delivered,5.0,No,No
ORD100344,CUST11385,2025-09-24,Mumbai,Mumbai,Surat,483.6,Home & Kitchen,4,14.22,Road,Blue Dart,2378.34,512.45,11.76,2025-09-26,2025-10-02,2025-10-02,Delivered,5.0,No,No
ORD100618,CUST10278,2025-03-11,Hyderabad,Hyderabad,Nagpur,381.4,Home & Kitchen,6,11.05,Express,DTDC,2992.93,208.73,5.69,2025-03-13,2025-03-17,2025-03-17,Delivered,4.0,No,No
ORD103854,CUST11394,2025-09-15,Chennai,Chennai,Ahmedabad,407.3,Books,7,2.84,Air,Blue Dart,3749.25,198.41,10.88,2025-09-17,2025-09-19,2025-09-19,Delivered,4.0,No,No
ORD103379,CUST10453,2025-06-12,Chennai,Chennai,Kochi,236.9,Sports,3,0.94,Road,DTDC,1033.86,245.15,4.06,2025-06-14,2025-06-20,2025-06-20,Delivered,4.0,No,No
ORD101384,CUST11141,2025-06-14,Chennai,Chennai,Bengaluru,434.9,Books,1,3.28,Rail,Delhivery,1443.32,423.8,8.82,2025-06-17,2025-06-25,2025-06-25,Delivered,4.0,No,No
ORD103571,CUST10824,2025-11-30,Hyderabad,Hyderabad,Jaipur,536.4,Grocery,1,2.63,Road,DTDC,2237.58,577.84,6.92,2025-12-01,2025-12-07,2025-12-07,Delivered,3.0,No,No
ORD102092,CUST11523,2025-08-01,Mumbai,Mumbai,Visakhapatnam,906.3,Clothing,4,9.53,Road,Ecom Express,4024.68,785.28,8.49,2025-08-03,2025-08-09,2025-08-11,Delayed,5.0,No,No
ORD104438,CUST12721,2025-09-27,Bengaluru,Bengaluru,Ahmedabad,457.5,Sports,6,4.67,Express,Ecom Express,3352.58,458.61,5.89,2025-09-29,2025-10-03,2025-10-03,Delivered,4.0,No,No
ORD103888,CUST10456,2025-11-04,Delhi,Delhi,Bhopal,448.1,Electronics,3,1.83,Road,Delhivery,1814.15,468.63,10.49,2025-11-06,2025-11-12,2025-11-17,Delayed,4.0,No,No
ORD100206,CUST11899,2025-10-16,Bengaluru,Bengaluru,Bhopal,255.2,Grocery,1,0.39,Air,Blue Dart,2381.65,203.4,6.4,2025-10-18,2025-10-21,2025-10-21,Delivered,4.0,No,No
ORD103382,CUST11410,2025-04-03,Hyderabad,Hyderabad,Ahmedabad,320.0,Automotive,4,9.54,Road,DTDC,1523.71,330.52,5.73,2025-04-05,2025-04-10,2025-04-11,Delayed,3.0,No,No
ORD103296,CUST12761,2025-09-29,Chennai,Chennai,Bengaluru,380.6,Clothing,4,8.47,Rail,XpressBees,1469.72,389.32,7.35,2025-10-01,2025-10-08,2025-10-09,Delayed,3.0,No,No
ORD100225,CUST12466,2025-05-26,Chennai,Chennai,Nagpur,544.7,Sports,7,5.36,Rail,Shadowfax,1820.94,603.23,8.45,2025-05-28,2025-06-04,2025-06-05,Delayed,4.0,No,No
ORD101927,CUST10828,2025-05-13,Hyderabad,Hyderabad,Kolkata,506.1,Grocery,1,15.12,Road,XpressBees,2353.99,499.35,2.58,2025-05-15,2025-05-20,2025-05-25,Delayed,3.0,No,No
ORD103360,CUST11216,2025-05-01,Pune,Pune,Lucknow,301.9,Beauty,3,2.56,Rail,DTDC,1014.19,181.63,9.88,2025-05-04,2025-05-10,2025-05-12,Delayed,3.0,No,No
ORD103919,CUST11034,2025-10-29,Hyderabad,Hyderabad,Lucknow,149.9,home & kitchen,1,9.62,Express,Shadowfax,1279.28,103.1,6.91,2025-10-31,2025-11-04,2025-11-04,Delivered,4.0,No,No
ORD102951,CUST10834,2025-12-21,Mumbai,Mumbai,Indore,221.1,Books,7,16.99,Road,Ecom Express,1387.21,187.34,9.26,2025-12-23,2025-12-28,2025-12-28,Delivered,5.0,No,No
ORD102223,CUST10835,2025-05-14,Pune,Pune,Mumbai,86.6,Home & Kitchen,5,9.5,Air,DTDC,1020.94,50.32,8.27,2025-05-16,2025-05-17,2025-05-17,Delivered,4.0,No,No
ORD101558,CUST12450,2025-11-13,Hyderabad,Hyderabad,Chennai,276.2,Home & Kitchen,4,7.31,Road,Blue Dart,1285.61,272.88,7.07,2025-11-15,2025-11-21,2025-11-21,Delivered,4.0,No,No
ORD102425,CUST10911,2025-04-23,Mumbai,Mumbai,Vijayawada,533.3,Books,5,2.26,Air,Ecom Express,4878.4,490.32,8.72,2025-04-26,2025-04-30,2025-04-30,Delivered,4.0,Yes,No
ORD100005,CUST12202,2025-11-15,Chennai,Chennai,Bhopal,1184.9,Clothing,4,8.66,Road,Shadowfax,5294.75,1308.59,10.25,2025-11-17,2025-11-24,2025-11-24,Delivered,4.0,No,No
ORD102767,CUST12683,2025-11-03,Delhi,Delhi,Chennai,701.3,Grocery,5,3.2,Road,XpressBees,3087.61,613.4,7.07,2025-11-05,2025-11-10,2025-11-10,Delivered,4.0,No,No
ORD101191,CUST12488,2025-09-30,Chennai,Chennai,Ahmedabad,126.7,Automotive,7,9.82,Air,Ecom Express,1471.36,70.36,5.38,2025-10-02,2025-10-04,2025-10-05,Delayed,3.0,No,No
ORD102753,CUST12364,2025-10-13,Hyderabad,Hyderabad,Delhi,555.9,Home & Kitchen,7,4.25,Rail,Ecom Express,1910.67,569.99,4.64,2025-10-15,2025-10-22,2025-10-22,Delivered,4.0,No,No
ORD101329,CUST10340,2025-03-25,Delhi,Delhi,Vijayawada,545.8,Automotive,6,5.09,Road,XpressBees,2435.05,491.13,7.51,2025-03-28,2025-04-01,2025-04-05,Delayed,4.0,No,No
ORD104468,CUST10414,2025-05-25,Hyderabad,Hyderabad,Ahmedabad,650.9,Sports,1,7.79,Air,Shadowfax,5928.78,700.71,6.03,2025-05-27,2025-05-30,2025-05-30,Delivered,5.0,No,No
ORD104630,CUST10601,2025-08-23,Pune,Pune,Lucknow,468.4,Clothing,4,4.14,Rail,DTDC,1612.96,499.1,8.36,2025-08-25,2025-08-29,2025-08-29,Delivered,4.0,No,No
ORD102751,CUST11051,2025-03-31,Bengaluru,Bengaluru,Coimbatore,403.4,Automotive,4,1.59,Rail,Delhivery,1406.22,350.42,9.15,2025-04-02,2025-04-08,2025-04-08,Delivered,4.0,No,No
ORD103353,CUST10074,2025-08-26,Pune,Pune,Kochi,450.6,Automotive,5,3.29,Rail,Delhivery,1516.5,347.56,11.86,2025-08-29,2025-09-04,2025-09-11,Delayed,4.0,Yes,No
ORD104401,CUST12281,2025-12-06,Pune,Pune,Hyderabad,273.2,Automotive,6,4.09,Road,Delhivery,1405.41,250.66,10.75,2025-12-09,2025-12-13,2025-12-15,Delayed,2.0,No,Yes
ORD104643,CUST11227,2025-06-07,Hyderabad,Hyderabad,Visakhapatnam,241.9,Electronics,1,4.64,Rail,Blue Dart,937.64,258.15,6.93,2025-06-09,2025-06-15,2025-06-15,Delivered,5.0,No,No
ORD101814,CUST12795,2025-04-14,Chennai,Chennai,Pune,269.8,Automotive,5,5.07,Road,DTDC,1193.65,306.19,3.37,2025-04-16,2025-04-21,2025-04-21,Delivered,4.0,No,No
ORD101911,CUST11486,2025-09-23,Hyderabad,Hyderabad,Bhopal,183.0,Clothing,7,5.17,Air,DTDC,1765.22,163.18,8.48,2025-09-25,2025-09-26,2025-09-26,Delivered,4.0,No,No
ORD104155,CUST11776,2025-06-04,Mumbai,Mumbai,Chennai,197.8,Books,1,4.2,Road,Ecom Express,1027.93,167.87,13.06,2025-06-06,2025-06-11,2025-06-11,Delivered,4.0,No,No
ORD104220,CUST11068,2025-05-18,Hyderabad,Hyderabad,Mumbai,169.2,Beauty,2,3.8,Express,Blue Dart,1298.64,64.17,3.01,2025-05-20,2025-05-24,2025-05-24,Delivered,3.0,No,No
ORD104645,CUST11146,2025-03-03,Pune,Pune,Kolkata,194.9,Automotive,3,5.25,Road,DTDC,1026.19,177.85,8.59,2025-03-05,2025-03-09,2025-03-09,Delivered,3.0,No,No
ORD104065,CUST12057,2025-03-12,Hyderabad,Hyderabad,Pune,443.1,Clothing,5,9.06,Road,XpressBees,2092.95,337.89,7.81,2025-03-15,2025-03-22,2025-03-22,Delivered,4.0,No,No
ORD104904,CUST12340,2025-08-16,Delhi,Delhi,Vijayawada,236.7,Clothing,3,4.59,Express,Ecom Express,1770.4,198.48,7.55,2025-08-18,2025-08-21,2025-08-21,Delivered,5.0,No,No
ORD103495,CUST12205,2025-08-06,Bengaluru,Bengaluru,Coimbatore,169.7,Grocery,2,3.07,Air,Blue Dart,1594.53,55.95,3.99,2025-08-07,2025-08-09,2025-08-09,Delivered,4.0,No,No
ORD100857,CUST11715,2025-05-21,Bengaluru,Bengaluru,Lucknow,389.9,Home & Kitchen,1,2.12,Road,XpressBees,1551.03,355.83,7.02,2025-05-24,2025-05-30,2025-05-30,Delivered,4.0,No,No
ORD102928,CUST12430,2025-01-31,Delhi,Delhi,Indore,318.1,Home & Kitchen,7,3.06,road,Shadowfax,1511.51,393.69,7.31,2025-02-02,2025-02-06,2025-02-08,Delayed,4.0,No,No
ORD102542,CUST11596,2025-09-05,Pune,Pune,Bhopal,998.1,Electronics,1,12.48,Rail,XpressBees,3450.47,977.73,13.02,2025-09-08,2025-09-16,2025-09-16,Delivered,5.0,No,No
ORD100313,CUST10186,2025-02-16,Bengaluru,Bengaluru,Kolkata,68.8,Electronics,6,4.95,Road,Blue Dart,465.05,109.26,7.79,2025-02-18,2025-02-23,2025-02-23,Delivered,4.0,No,No
ORD101754,CUST10548,2025-04-08,Hyderabad,Hyderabad,Pune,616.9,Grocery,2,4.42,Road,Ecom Express,2611.09,499.37,8.82,2025-04-10,2025-04-15,2025-04-15,Delivered,4.0,No,No
ORD101586,CUST12086,2025-04-20,Delhi,Delhi,Kochi,1022.2,Sports,3,5.69,Express,Delhivery,7314.78,737.98,8.4,2025-04-23,2025-04-29,2025-04-29,Delivered,4.0,No,Yes
ORD104136,CUST10268,2025-08-22,Bengaluru,Bengaluru,Mumbai,494.2,Sports,7,3.45,Rail,Shadowfax,1628.5,,4.86,2025-08-24,2025-08-31,2025-09-02,Delayed,3.0,No,No
ORD102070,CUST10194,2025-03-12,Pune,Pune,Visakhapatnam,336.1,Electronics,1,5.45,Air,Delhivery,3127.41,285.71,10.49,2025-03-15,2025-03-18,2025-03-18,Delivered,3.0,No,No
ORD100747,CUST12685,2025-02-08,Chennai,Chennai,Nagpur,363.0,Beauty,5,7.32,Air,Blue Dart,3509.7,410.51,,2025-02-09,2025-02-12,2025-02-15,Delayed,3.0,No,No
ORD103598,CUST12226,2025-02-08,Hyderabad,Hyderabad,Surat,1099.0,Clothing,4,20.12,Express,Shadowfax,8047.41,953.08,8.27,2025-02-10,2025-02-15,2025-02-18,Delayed,4.0,No,No
ORD101096,CUST12154,2025-07-30,Chennai,Chennai,Bhopal,430.5,Grocery,1,3.96,Road,XpressBees,1838.4,450.3,6.64,2025-08-01,2025-08-06,2025-08-09,Delayed,3.0,No,No
ORD103256,CUST12089,2025-09-06,Pune,Pune,Kochi,403.3,Automotive,7,7.9,Rail,XpressBees,1417.79,335.78,9.78,2025-09-09,2025-09-16,2025-09-18,Delayed,3.0,No,No
ORD103730,CUST10901,2025-01-28,Hyderabad,Hyderabad,Pune,297.1,Books,5,9.12,Road,XpressBees,1523.83,328.33,4.36,2025-01-30,2025-02-02,2025-02-02,Delivered,4.0,No,No
ORD103210,CUST11502,2025-03-05,Mumbai,Mumbai,Delhi,391.1,Books,6,5.39,Air,Ecom Express,3607.82,312.36,9.36,2025-03-09,2025-03-12,2025-03-12,Delivered,3.0,Yes,No
ORD101726,CUST11867,2025-07-15,Bengaluru,Bengaluru,Jaipur,979.2,Sports,5,3.72,Air,Ecom Express,8906.77,674.24,5.88,2025-07-16,2025-07-21,2025-07-23,Delayed,4.0,No,No
ORD103816,CUST12392,2025-06-17,Mumbai,Mumbai,Bhopal,66.7,Electronics,1,5.95,Road,Ecom Express,474.66,56.24,7.37,2025-06-19,2025-06-23,2025-06-26,Delayed,3.0,No,No
ORD100125,CUST12634,2025-08-23,Bengaluru,Bengaluru,Visakhapatnam,112.4,Home & Kitchen,1,5.03,Express,XpressBees,908.21,126.34,8.16,2025-08-26,2025-08-30,2025-08-30,Delivered,5.0,No,No
ORD102758,CUST11294,2025-10-26,Mumbai,Mumbai,Kochi,228.3,Beauty,4,2.34,Road,Delhivery,1058.24,226.74,9.99,2025-10-28,2025-11-02,2025-11-05,Delayed,3.0,Yes,No
ORD101553,CUST11089,2025-10-28,Chennai,Chennai,Mumbai,591.0,Sports,3,6.06,Air,Delhivery,5457.61,538.32,7.51,2025-10-30,2025-11-03,2025-11-03,Delivered,5.0,No,No
ORD101801,CUST12455,2025-07-20,Bengaluru,Bengaluru,Chennai,514.9,Home & Kitchen,1,1.19,Rail,Blue Dart,1679.83,513.93,10.42,2025-07-23,2025-07-29,2025-07-30,Delayed,3.0,No,No
ORD104708,CUST11134,2025-08-16,Delhi,Delhi,Ahmedabad,389.5,Books,1,2.42,Express,Blue Dart,2648.37,448.22,11.6,2025-08-19,2025-08-22,2025-08-22,Delivered,4.0,No,No
ORD103510,CUST12343,2025-04-15,Mumbai,Mumbai,Bengaluru,338.5,Electronics,6,4.24,Road,Blue Dart,,351.12,8.86,2025-04-18,2025-04-23,2025-04-24,Delayed,5.0,No,No
ORD104437,CUST11463,2025-12-15,Hyderabad,Hyderabad,Ahmedabad,507.4,Clothing,4,2.97,Road,Shadowfax,2098.65,477.15,9.2,2025-12-17,2025-12-23,2025-12-23,Delivered,4.0,Yes,No
ORD104505,CUST10515,2025-07-11,Bengaluru,Bengaluru,Pune,66.6,Automotive,4,2.01,Rail,Shadowfax,305.94,49.7,7.98,2025-07-13,2025-07-18,2025-07-18,Delivered,4.0,No,No
ORD100185,CUST10141,2025-09-04,Chennai,Chennai,Kochi,45.8,Electronics,6,2.84,Road,Blue Dart,374.73,50.75,,2025-09-06,2025-09-10,2025-09-10,Delivered,5.0,No,No
ORD103183,CUST10425,2025-08-30,Pune,Pune,Nagpur,179.3,Clothing,7,3.5,Air,XpressBees,1727.05,191.44,10.08,2025-09-01,2025-09-03,2025-09-07,Delayed,4.0,No,No
ORD100362,CUST12493,2025-10-26,Mumbai,Mumbai,Bhopal,173.8,Automotive,4,1.04,Express,Delhivery,1270.75,185.62,10.05,2025-10-29,2025-11-01,2025-11-01,Delivered,5.0,No,No
ORD104450,CUST11415,2025-11-09,Chennai,Chennai,Indore,380.3,Grocery,2,10.86,Air,Delhivery,3595.38,394.0,8.34,2025-11-11,2025-11-13,2025-11-13,Delivered,5.0,No,No
ORD104680,CUST10024,2025-08-25,Mumbai,Mumbai,Indore,326.2,Electronics,4,2.44,Rail,DTDC,1114.79,404.31,6.29,2025-08-27,2025-09-01,2025-09-04,Delayed,4.0,No,Yes
ORD103648,CUST12772,2025-06-20,Pune,Pune,Kochi,685.5,Books,6,4.03,Air,Ecom Express,6288.47,493.71,10.37,2025-06-23,2025-06-26,2025-06-26,Delivered,4.0,No,No
ORD102006,CUST10383,2025-04-26,Hyderabad,Hyderabad,Chennai,101.4,Grocery,5,4.43,Rail,Shadowfax,377.68,132.37,2.86,2025-04-28,2025-05-06,2025-05-06,Delivered,4.0,No,No
ORD101164,CUST11974,2025-06-14,Bengaluru,Bengaluru,Delhi,628.7,Clothing,4,4.86,Express,Shadowfax,4520.85,525.8,9.74,2025-06-17,2025-06-21,2025-06-21,Delivered,4.0,No,No
ORD101290,CUST12765,2025-07-12,Pune,Pune,Bhopal,440.3,Home & Kitchen,2,3.23,road,XpressBees,2043.85,318.98,9.04,2025-07-14,2025-07-20,2025-07-20,Delivered,5.0,No,No
ORD104694,CUST11713,2025-04-09,Delhi,Delhi,Visakhapatnam,276.2,Electronics,6,2.74,Express,DTDC,2010.42,224.19,11.65,2025-04-12,2025-04-16,2025-04-19,Delayed,3.0,No,No
ORD103105,CUST10862,2025-10-19,Pune,Pune,Ahmedabad,442.1,Electronics,4,3.9,Rail,Ecom Express,1648.12,479.6,9.55,2025-10-21,2025-10-27,2025-11-02,Delayed,3.0,No,No
ORD102296,CUST10338,2025-08-02,Hyderabad,Hyderabad,Indore,445.2,Grocery,6,2.46,Express,DTDC,3256.31,508.08,9.55,2025-08-06,2025-08-09,2025-08-09,Delivered,4.0,No,No
ORD102547,CUST11538,2025-10-10,Hyderabad,Hyderabad,Vijayawada,387.2,Automotive,3,12.86,Road,Shadowfax,1732.98,395.33,9.9,2025-10-12,2025-10-17,2025-10-21,Delayed,4.0,No,No
ORD101403,CUST12406,2025-11-08,Bengaluru,Bengaluru,Jaipur,73.0,Automotive,1,10.83,Road,Blue Dart,446.05,100.71,10.6,2025-11-10,2025-11-14,2025-11-14,Delivered,,No,Yes
ORD101184,CUST10907,2025-04-15,Mumbai,Mumbai,Nagpur,222.2,Home & Kitchen,7,3.67,Road,Blue Dart,1083.72,186.31,12.17,2025-04-18,2025-04-23,2025-04-23,Delivered,3.0,No,No
ORD102344,CUST12597,2025-04-23,Delhi,Delhi,Kolkata,370.1,Electronics,7,0.47,Road,DTDC,1759.04,270.28,12.06,2025-04-26,2025-05-02,2025-05-02,Delivered,5.0,No,No
ORD101889,CUST12029,2025-10-30,Chennai,Chennai,Kochi,820.6,Grocery,4,15.25,Express,Delhivery,,880.41,9.1,2025-11-01,2025-11-06,2025-11-06,Delivered,3.0,No,No
ORD103596,CUST12133,2025-09-08,Chennai,Chennai,Kochi,470.7,Beauty,5,9.53,Road,XpressBees,2432.56,432.26,9.91,2025-09-10,2025-09-15,2025-09-20,Delayed,4.0,No,No
ORD100995,CUST11809,2025-07-09,Pune,Pune,Nagpur,626.0,Home & Kitchen,7,4.46,Rail,Ecom Express,2091.23,656.32,7.56,2025-07-11,2025-07-18,2025-07-20,Delayed,4.0,No,No
ORD104275,CUST11393,2025-08-14,Mumbai,Mumbai,Vijayawada,98.3,Home & Kitchen,5,5.58,Road,Blue Dart,,59.73,6.16,2025-08-16,2025-08-22,2025-08-22,Delivered,5.0,No,No
ORD102772,CUST10685,2025-08-21,Mumbai,Mumbai,Chennai,314.4,Electronics,4,6.92,Road,DTDC,1399.03,334.03,10.04,2025-08-23,2025-08-29,2025-08-29,Delivered,4.0,No,No
ORD103141,CUST12179,2025-03-11,Bengaluru,Bengaluru,Jaipur,201.7,Books,3,3.64,Road,XpressBees,1001.03,187.65,4.27,2025-03-13,2025-03-19,2025-03-20,Delayed,3.0,No,No
ORD103913,CUST10832,2025-04-13,Chennai,Chennai,Kolkata,398.4,Clothing,3,3.68,Road,DTDC,1780.31,436.04,6.45,2025-04-15,2025-04-21,2025-04-21,Delivered,4.0,No,No
ORD104104,CUST10160,2025-03-15,Pune,Pune,Chennai,396.1,Home & Kitchen,3,3.41,Road,Blue Dart,1779.95,445.24,6.95,2025-03-18,2025-03-22,2025-03-23,Delayed,2.0,No,No
ORD101190,CUST12693,2025-04-05,Chennai,Chennai,Jaipur,463.3,Automotive,3,7.49,Air,Blue Dart,4316.18,466.82,6.69,2025-04-07,2025-04-11,2025-04-11,Delivered,5.0,No,No
ORD104707,CUST12091,2025-09-02,Delhi,Delhi,Indore,107.6,Beauty,6,6.1,Road,XpressBees,613.33,96.66,10.82,2025-09-05,2025-09-09,2025-09-09,Delivered,5.0,No,No
ORD101518,CUST10026,2025-07-10,Mumbai,Mumbai,Bhopal,534.5,Electronics,1,0.71,Air,Blue Dart,4706.54,407.86,8.05,2025-07-12,2025-07-16,2025-07-16,Delivered,5.0,No,No
ORD104335,CUST10517,2025-02-03,Chennai,Chennai,Ahmedabad,231.3,Automotive,7,5.2,Rail,Ecom Express,932.44,182.9,6.56,2025-02-05,2025-02-11,2025-02-11,Delivered,5.0,No,No
ORD103785,CUST10963,2025-04-09,Chennai,Chennai,Hyderabad,664.9,Clothing,1,3.85,Road,Ecom Express,2794.59,676.75,8.04,2025-04-10,2025-04-15,2025-04-15,Delivered,4.0,No,No
ORD102601,CUST10371,2025-08-13,Hyderabad,Hyderabad,Mumbai,232.8,Books,2,1.62,Air,Ecom Express,2072.55,189.17,7.19,2025-08-14,2025-08-17,2025-08-17,Delivered,5.0,No,No
ORD103592,CUST11888,2025-03-10,Hyderabad,Hyderabad,Coimbatore,159.8,Electronics,4,5.05,Air,XpressBees,1543.13,148.08,6.3,2025-03-12,2025-03-15,2025-03-15,Delivered,,No,No
ORD104751,CUST10579,2025-07-03,Chennai,Chennai,Kochi,726.1,Grocery,1,8.88,Rail,Ecom Express,2499.55,646.44,8.08,2025-07-05,2025-07-12,2025-07-12,Delivered,5.0,No,No
ORD102089,CUST11204,2025-12-13,Hyderabad,Hyderabad,Visakhapatnam,966.1,Beauty,5,6.69,Air,XpressBees,8849.78,,9.88,2025-12-17,2025-12-22,2025-12-22,Delivered,4.0,No,No
ORD100300,CUST12484,2025-06-09,Hyderabad,Hyderabad,Mumbai,28.8,Automotive,4,10.88,Rail,Delhivery,211.32,20.0,9.3,2025-06-11,2025-06-16,2025-06-20,Delayed,4.0,No,No
ORD103573,CUST10004,2025-05-01,Hyderabad,Hyderabad,Surat,617.3,Home & Kitchen,1,12.33,road,Delhivery,2901.64,589.23,7.28,2025-05-03,2025-05-09,2025-05-09,Delivered,4.0,No,No
ORD104210,CUST12394,2025-12-12,Pune,Pune,Indore,762.0,Books,4,0.23,Road,Delhivery,3418.42,622.92,4.48,2025-12-13,2025-12-19,2025-12-24,Delayed,4.0,No,No
ORD100808,CUST10036,2025-03-05,Delhi,Delhi,Surat,295.8,Books,5,2.66,Express,Delhivery,2225.37,301.47,7.82,2025-03-07,2025-03-11,2025-03-17,Delayed,3.0,No,No
ORD102088,CUST10371,2025-11-23,Delhi,Delhi,Nagpur,421.1,Home & Kitchen,6,0.77,Express,Ecom Express,2936.93,334.29,10.65,2025-11-26,2025-11-30,2025-11-30,Delivered,5.0,No,No
ORD104941,CUST10100,2025-04-08,Bengaluru,Bengaluru,Surat,152.3,Electronics,2,13.44,Road,Delhivery,825.24,145.32,4.56,2025-04-09,2025-04-14,2025-04-14,Delivered,5.0,No,No
ORD104590,CUST12627,2025-08-21,Mumbai,Mumbai,Hyderabad,83.7,Automotive,4,4.51,Express,DTDC,763.76,91.97,10.46,2025-08-24,2025-08-26,2025-08-26,Delivered,4.0,No,No
ORD101979,CUST10472,2025-09-24,Delhi,Delhi,Jaipur,87.4,Electronics,3,8.13,Air,Blue Dart,932.06,108.06,8.97,2025-09-26,2025-09-28,2025-09-28,Delivered,4.0,No,No
ORD104004,CUST10903,2025-07-04,Bengaluru,Bengaluru,Jaipur,1721.8,Beauty,6,7.08,Road,Blue Dart,7410.32,1224.42,7.36,2025-07-07,2025-07-15,2025-07-15,Delivered,4.0,No,No
ORD104555,CUST12165,2025-06-11,Mumbai,Mumbai,Delhi,246.9,Beauty,7,12.14,Road,Shadowfax,1253.21,237.64,10.01,2025-06-13,2025-06-17,2025-06-17,Delivered,5.0,No,No
ORD101149,CUST11540,2025-05-21,Pune,Pune,Coimbatore,249.7,Grocery,3,4.83,Express,Blue Dart,1888.85,271.42,6.21,2025-05-23,2025-05-26,2025-05-26,Delivered,5.0,No,No
ORD101671,CUST10396,2025-07-03,Pune,Pune,Delhi,412.7,Automotive,6,4.06,Road,Ecom Express,1818.84,451.57,8.92,2025-07-05,2025-07-10,2025-07-11,Delayed,4.0,No,No
ORD101544,CUST12738,2025-08-07,Mumbai,Mumbai,Hyderabad,617.1,Grocery,3,10.27,Road,Shadowfax,2838.41,671.25,9.25,2025-08-09,2025-08-14,2025-08-14,Delivered,4.0,No,No
ORD103026,CUST11373,2025-02-03,Hyderabad,Hyderabad,Indore,1282.6,Books,3,8.85,Air,Delhivery,11721.14,1312.56,2.0,2025-02-04,2025-02-09,2025-02-12,Delayed,3.0,No,No
ORD102055,CUST11337,2025-05-13,Delhi,Delhi,Chennai,396.2,Automotive,3,4.96,Express,Ecom Express,2929.22,427.72,12.74,2025-05-16,2025-05-22,2025-05-22,Delivered,5.0,No,No
ORD102132,CUST11215,2025-07-06,Pune,Pune,Mumbai,459.7,Clothing,7,9.34,Air,DTDC,4265.57,452.36,7.8,2025-07-08,2025-07-10,2025-07-10,Delivered,5.0,No,No
ORD100818,CUST11369,2025-05-11,Hyderabad,Hyderabad,Bengaluru,492.9,Home & Kitchen,1,3.8,Air,DTDC,4422.9,276.31,8.42,2025-05-13,2025-05-15,2025-05-15,Delivered,4.0,No,No
ORD104069,CUST11907,2025-02-06,Delhi,Delhi,Ahmedabad,923.3,Automotive,1,1.1,Express,xpressbees,6311.0,926.03,10.32,2025-02-08,2025-02-12,2025-02-12,Delivered,4.0,Yes,No
ORD101982,CUST12750,2025-01-18,Chennai,Chennai,Hyderabad,347.9,Home & Kitchen,5,1.04,Road,DTDC,1482.58,246.19,4.84,2025-01-19,2025-01-25,2025-01-27,Delayed,3.0,No,No
ORD100628,CUST11060,2025-07-23,Mumbai,Mumbai,Kolkata,345.7,Clothing,2,3.58,Road,Ecom Express,1434.03,368.29,11.9,2025-07-26,2025-08-01,2025-08-01,Delivered,4.0,No,No
ORD103012,CUST11439,2025-06-12,Pune,Pune,Lucknow,489.6,Books,2,6.26,Express,Ecom Express,3471.39,536.25,10.09,2025-06-14,2025-06-19,2025-06-19,Delivered,5.0,No,No
ORD103603,CUST10016,2025-09-23,Hyderabad,Hyderabad,Coimbatore,269.8,Home & Kitchen,6,3.61,Air,Shadowfax,2491.16,259.92,8.83,2025-09-26,2025-09-28,2025-09-30,Delayed,5.0,No,No
ORD102990,CUST10580,2025-10-17,Hyderabad,Hyderabad,Kochi,228.5,Clothing,7,7.26,Road,Shadowfax,1125.77,195.62,5.63,2025-10-19,2025-10-25,2025-10-25,Delivered,4.0,No,No
ORD103373,CUST10312,2025-12-23,Hyderabad,Hyderabad,Vijayawada,198.8,Grocery,6,1.59,Road,DTDC,801.41,208.51,7.9,2025-12-26,2025-12-31,2026-01-03,Delayed,3.0,No,Yes
ORD102711,CUST11214,2025-09-25,Mumbai,Mumbai,Vijayawada,70.4,Beauty,7,2.42,road,XpressBees,459.92,51.79,13.97,2025-09-29,2025-10-02,2025-10-07,Delayed,4.0,Yes,No
ORD104206,CUST12478,2025-12-06,Delhi,Delhi,Kochi,296.9,Automotive,5,1.11,Road,Delhivery,1262.06,344.49,9.96,2025-12-09,2025-12-13,2025-12-13,Delivered,5.0,No,No
ORD103217,CUST11029,2025-04-15,Hyderabad,Hyderabad,Kochi,350.4,Electronics,1,9.8,Air,Ecom Express,3298.49,274.24,4.5,2025-04-17,2025-04-21,2025-04-21,Delivered,5.0,No,No
ORD103343,CUST12694,2025-08-29,Chennai,Chennai,Indore,365.4,Automotive,3,3.61,Road,Delhivery,1647.67,355.67,4.83,2025-08-31,2025-09-05,2025-09-05,Delivered,4.0,No,No
ORD104144,CUST12046,2025-01-07,Delhi,Delhi,Coimbatore,521.4,Electronics,6,1.42,Road,Ecom Express,2209.33,615.5,10.11,2025-01-10,2025-01-16,2025-01-21,Delayed,4.0,No,No
ORD103094,CUST12302,2025-03-29,Bengaluru,Bengaluru,Nagpur,195.1,Clothing,7,5.92,Road,Delhivery,1018.99,111.3,10.14,2025-04-01,2025-04-05,2025-04-05,Delivered,5.0,No,No
ORD101943,CUST11748,2025-06-22,Hyderabad,Hyderabad,Ahmedabad,441.7,Beauty,7,7.38,Road,XpressBees,2059.34,308.91,5.35,2025-06-23,2025-06-29,2025-07-01,Delayed,2.0,No,Yes
ORD104996,CUST12406,2025-11-05,Chennai,Chennai,Mumbai,436.3,Sports,2,2.28,Road,DTDC,1805.03,405.62,7.45,2025-11-07,2025-11-14,2025-11-14,Delivered,5.0,No,No
ORD100685,CUST12562,2025-12-07,Delhi,Delhi,Bhopal,242.8,Beauty,2,2.29,Rail,Blue Dart,865.21,172.26,9.05,2025-12-10,2025-12-15,2025-12-15,Delivered,4.0,No,No
ORD100043,CUST12209,2025-08-30,Bengaluru,Bengaluru,Coimbatore,224.2,Grocery,7,1.46,Express,Shadowfax,1535.0,124.67,9.02,2025-09-01,2025-09-04,2025-09-04,Delivered,5.0,No,No
ORD102075,CUST11463,2025-12-29,Bengaluru,Bengaluru,Kochi,216.3,Grocery,7,3.53,Road,XpressBees,1005.87,299.78,6.34,2025-12-31,2026-01-06,2026-01-06,Delivered,5.0,No,No
ORD103224,CUST10087,2025-07-07,Chennai,Chennai,Indore,255.2,Clothing,4,1.6,Road,XpressBees,1161.22,241.3,5.74,2025-07-09,2025-07-13,2025-07-13,Delivered,4.0,No,No
ORD104154,CUST11846,2025-05-10,Bengaluru,Bengaluru,Mumbai,228.3,Clothing,6,3.04,Road,Ecom Express,1286.94,125.61,9.21,2025-05-11,2025-05-15,2025-05-15,Delivered,4.0,No,No
ORD102727,CUST11595,2025-02-24,Delhi,Delhi,Jaipur,477.2,Grocery,5,2.42,Rail,Blue Dart,1681.6,317.49,8.25,2025-02-26,2025-03-05,2025-03-07,Delayed,,No,No
ORD100922,CUST10446,2025-02-25,Chennai,Chennai,Vijayawada,203.0,Clothing,7,6.18,Rail,xpressbees,689.95,171.55,7.01,2025-03-01,2025-03-08,2025-03-08,Delivered,4.0,No,No
ORD101125,CUST11259,2025-04-09,Bengaluru,Bengaluru,Ahmedabad,1131.6,Sports,5,4.73,Air,Ecom Express,10482.62,901.35,6.96,2025-04-12,2025-04-16,2025-04-16,Delivered,5.0,No,No
ORD100380,CUST12343,2025-02-05,Pune,Pune,Lucknow,262.8,Home & Kitchen,5,5.69,Road,XpressBees,1304.86,289.74,10.84,2025-02-08,2025-02-13,2025-02-13,Delivered,4.0,No,No
ORD100091,CUST11156,2025-12-02,Chennai,Chennai,Kolkata,251.4,Electronics,5,3.2,Air,Blue Dart,2374.81,159.8,4.62,2025-12-04,2025-12-07,2025-12-07,Delivered,5.0,No,No
ORD102022,CUST11234,2025-05-11,Bengaluru,Bengaluru,Surat,679.6,Clothing,4,10.9,Rail,Ecom Express,2379.65,549.07,9.71,2025-05-13,2025-05-19,2025-05-19,Delivered,5.0,No,No
ORD104703,CUST11562,2025-06-18,Hyderabad,Hyderabad,Bengaluru,499.1,Grocery,2,6.23,Road,Blue Dart,2156.03,365.63,6.91,2025-06-21,2025-06-26,2025-06-26,Delivered,5.0,No,No
ORD102366,CUST11483,2025-08-06,Bengaluru,Bengaluru,Surat,138.3,Beauty,5,17.74,Express,Ecom Express,1358.93,151.02,10.72,2025-08-08,2025-08-11,2025-08-11,Delivered,4.0,No,No
ORD102137,CUST12233,2025-08-31,Chennai,Chennai,Pune,190.6,Automotive,5,10.08,Road,XpressBees,895.82,189.15,5.7,2025-09-01,2025-09-05,2025-09-11,Delayed,4.0,No,No
ORD101653,CUST10865,2025-08-11,Hyderabad,Hyderabad,Mumbai,225.9,Automotive,2,9.77,Road,Blue Dart,1150.75,289.2,7.51,2025-08-14,2025-08-20,2025-08-20,Delivered,4.0,No,No
ORD103750,CUST10450,2025-03-06,Chennai,Chennai,Vijayawada,263.1,Sports,3,4.51,Road,Ecom Express,1048.51,208.94,6.25,2025-03-08,2025-03-14,2025-03-15,Delayed,3.0,No,No
ORD104463,CUST11595,2025-10-10,Bengaluru,Bengaluru,Vijayawada,600.3,Sports,3,2.27,Road,Ecom Express,2633.9,438.57,9.67,2025-10-13,2025-10-19,2025-10-21,Delayed,4.0,No,No
ORD100287,CUST10849,2025-09-22,Mumbai,Mumbai,Surat,608.7,Sports,2,5.19,Air,Delhivery,,523.08,10.34,2025-09-25,2025-09-29,2025-09-29,Delivered,5.0,No,No
ORD102651,CUST10250,2025-06-02,Pune,Pune,Delhi,494.7,Home & Kitchen,7,2.48,Air,Delhivery,4658.59,460.98,9.48,2025-06-05,2025-06-08,2025-06-08,Delivered,4.0,No,No
ORD100916,CUST12151,2025-09-03,Pune,Pune,Nagpur,510.2,Electronics,3,1.84,Road,Delhivery,2215.45,401.69,10.78,2025-09-05,2025-09-10,2025-09-10,Delivered,,No,No
ORD104162,CUST12446,2025-04-10,Chennai,Chennai,Coimbatore,407.9,Electronics,3,5.47,Road,XpressBees,1823.28,374.42,8.03,2025-04-11,2025-04-14,2025-04-14,Delivered,4.0,No,No
ORD104390,CUST11074,2025-08-18,Mumbai,Mumbai,Jaipur,1569.2,Clothing,6,0.47,Express,Blue Dart,11063.74,1445.0,9.58,2025-08-20,2025-08-25,2025-08-25,Delivered,4.0,No,No
ORD103761,CUST10610,2025-04-21,Mumbai,Mumbai,Lucknow,468.0,Home & Kitchen,1,6.05,Road,Blue Dart,1941.96,303.16,8.86,2025-04-24,2025-04-29,2025-04-29,Delivered,4.0,No,No
ORD100371,CUST10150,2025-08-02,Bengaluru,Bengaluru,Kochi,583.9,Home & Kitchen,3,7.18,Rail,Shadowfax,2026.4,596.95,7.13,2025-08-05,2025-08-11,2025-08-11,Delivered,5.0,No,No
ORD100573,CUST11331,2025-11-23,Chennai,Chennai,Jaipur,452.9,Beauty,6,9.7,Road,Ecom Express,1984.92,484.11,6.81,2025-11-25,2025-12-01,2025-12-04,Delayed,4.0,No,No
ORD100032,CUST10075,2025-03-15,Hyderabad,Hyderabad,Kolkata,615.8,Grocery,2,7.45,Air,Ecom Express,5672.13,650.08,6.98,2025-03-16,2025-03-20,2025-03-21,Delayed,3.0,Yes,No
ORD100989,CUST11780,2025-11-20,Hyderabad,Hyderabad,Bhopal,433.7,Grocery,3,18.89,Rail,Shadowfax,1686.6,430.86,4.31,2025-11-22,2025-11-28,2025-11-28,Delivered,5.0,No,No
ORD100485,CUST10672,2025-06-03,Bengaluru,Bengaluru,Chennai,149.0,Automotive,2,7.0,Air,Shadowfax,1424.41,165.06,10.13,2025-06-06,2025-06-08,2025-06-13,Delayed,4.0,No,No
ORD103645,CUST12227,2025-05-19,Bengaluru,Bengaluru,Jaipur,256.6,Clothing,7,2.56,road,Delhivery,1233.25,169.81,7.81,2025-05-21,2025-05-25,2025-05-25,Delivered,4.0,No,No
ORD102886,CUST12417,2025-03-25,Chennai,Chennai,Surat,120.6,Beauty,7,10.22,Road,DTDC,753.54,133.67,2.9,2025-03-26,2025-03-30,2025-03-30,Delivered,4.0,No,No
ORD102460,CUST12001,2025-12-25,Chennai,Chennai,Delhi,100.5,Beauty,2,5.12,Rail,Shadowfax,376.43,110.11,4.56,2025-12-26,2026-01-01,2026-01-01,Delivered,4.0,No,No
ORD103127,CUST10020,2025-12-11,Hyderabad,Hyderabad,Nagpur,300.5,Sports,3,2.02,Road,XpressBees,1553.64,357.5,11.22,2025-12-13,2025-12-17,2025-12-19,Delayed,4.0,No,No
ORD104565,CUST10281,2025-07-02,Pune,Pune,Delhi,629.3,Sports,6,17.34,Air,DTDC,5992.11,568.49,6.72,2025-07-04,2025-07-06,2025-07-06,Delivered,4.0,No,No
ORD103241,CUST11693,2025-10-13,Delhi,Delhi,Jaipur,370.7,Books,5,4.32,Road,Shadowfax,1691.78,284.79,11.2,2025-10-16,2025-10-22,2025-10-22,Delivered,4.0,No,No
ORD102286,CUST11465,2025-03-20,Chennai,Chennai,Kochi,231.7,Sports,4,2.33,Road,Blue Dart,899.78,172.79,7.46,2025-03-22,2025-03-27,2025-03-27,Delivered,4.0,No,No
ORD103646,CUST12099,2025-10-08,Hyderabad,Hyderabad,Coimbatore,623.6,Automotive,2,5.56,Road,DTDC,2638.23,636.23,9.82,2025-10-11,2025-10-19,2025-10-19,Delivered,4.0,No,No
ORD100669,CUST10524,2025-01-22,Bengaluru,Bengaluru,Jaipur,445.2,Sports,3,2.31,Air,XpressBees,3999.09,367.57,7.81,2025-01-24,2025-01-27,2025-01-27,Delivered,4.0,No,No
ORD102424,CUST10872,2025-06-09,Mumbai,Mumbai,Jaipur,293.9,Clothing,3,4.26,Road,DTDC,1307.68,,12.7,2025-06-12,2025-06-17,2025-06-17,Delivered,3.0,No,No
ORD101988,CUST12321,2025-01-06,Hyderabad,Hyderabad,Visakhapatnam,322.0,Home & Kitchen,5,10.29,Road,Delhivery,1636.38,390.81,8.81,2025-01-09,2025-01-15,2025-01-15,Delivered,4.0,No,No
ORD103307,CUST11476,2025-03-22,Delhi,Delhi,Surat,560.9,Automotive,1,3.3,Road,XpressBees,2485.7,499.89,10.08,2025-03-24,2025-03-29,2025-04-01,Delayed,3.0,No,No
ORD102185,CUST11209,2025-09-24,Delhi,Delhi,Ahmedabad,278.2,Sports,4,1.16,Road,Delhivery,1313.6,259.48,6.89,2025-09-26,2025-10-02,2025-10-02,Delivered,5.0,No,No
ORD100688,CUST10746,2025-07-18,Pune,Pune,Vijayawada,407.3,Grocery,4,2.85,Rail,DTDC,1430.53,281.85,9.37,2025-07-20,2025-07-25,2025-07-28,Delayed,4.0,No,No
ORD102876,CUST12489,2025-11-15,Mumbai,Mumbai,Chennai,260.9,Beauty,4,4.3,Express,XpressBees,1888.12,325.44,10.51,2025-11-18,2025-11-21,2025-11-21,Delivered,5.0,No,No
ORD100816,CUST12433,2025-11-02,Hyderabad,Hyderabad,Delhi,606.3,Sports,2,1.3,Road,Blue Dart,2671.53,645.17,4.63,2025-11-03,2025-11-08,2025-11-08,Delivered,4.0,No,No
ORD101378,CUST12415,2025-05-09,Delhi,Delhi,Surat,316.0,Grocery,7,1.05,Express,Ecom Express,2331.01,302.23,14.17,2025-05-12,2025-05-17,2025-05-17,Delivered,4.0,No,No
ORD102584,CUST11897,2025-05-20,Chennai,Chennai,Coimbatore,430.9,Books,4,5.29,Road,XpressBees,1916.85,479.87,7.48,2025-05-22,2025-05-28,2025-05-28,Delivered,4.0,No,No
ORD100635,CUST12163,2025-10-18,Pune,Pune,Nagpur,44.8,Grocery,1,8.23,Rail,XpressBees,240.22,38.74,10.54,2025-10-21,2025-10-27,2025-10-27,Delivered,4.0,No,No
ORD101391,CUST10205,2025-06-01,Pune,Pune,Delhi,286.6,Electronics,1,5.57,Rail,DTDC,1001.69,256.83,8.54,2025-06-04,2025-06-10,2025-06-10,Delivered,5.0,No,No
ORD104075,CUST10067,2025-08-16,Pune,Pune,Hyderabad,436.8,Grocery,1,2.27,Road,Ecom Express,1882.2,414.7,9.27,2025-08-18,2025-08-24,2025-08-24,Delivered,4.0,No,No
ORD100496,CUST12481,2025-05-28,Pune,Pune,Coimbatore,302.3,Automotive,3,2.98,Air,Ecom Express,2805.25,244.79,6.01,2025-05-30,2025-06-01,2025-06-01,Delivered,4.0,No,No
ORD103102,CUST11194,2025-02-01,Pune,Pune,Surat,246.6,Books,5,10.05,Road,DTDC,1214.67,152.37,11.19,2025-02-04,2025-02-09,2025-02-09,Delivered,5.0,No,No
ORD102935,CUST12340,2025-02-21,Hyderabad,Hyderabad,Indore,206.6,Beauty,1,3.15,road,XpressBees,815.01,177.05,4.55,2025-02-23,2025-02-27,2025-02-27,Delivered,4.0,No,No
ORD101760,CUST12778,2025-03-28,Mumbai,Mumbai,Delhi,1017.8,Clothing,4,5.99,Road,Shadowfax,4359.15,1008.97,10.46,2025-03-29,2025-04-04,2025-04-04,Delivered,4.0,No,No
ORD103417,CUST10538,2025-02-06,Pune,Pune,Coimbatore,212.9,Beauty,1,6.11,Road,Delhivery,1083.94,117.94,9.46,2025-02-09,2025-02-15,2025-02-15,Delivered,4.0,No,No
ORD104187,CUST11379,2025-02-20,Mumbai,Mumbai,Visakhapatnam,764.7,Grocery,5,4.81,Express,DTDC,5443.7,564.88,8.99,2025-02-23,2025-02-28,2025-02-28,Delivered,4.0,No,Yes
ORD101443,CUST12494,2025-11-30,Pune,Pune,Lucknow,276.9,Electronics,3,10.14,Road,Blue Dart,1332.57,213.5,10.8,2025-12-02,2025-12-08,2025-12-08,Delivered,4.0,No,No
ORD104964,CUST11949,2025-06-23,Hyderabad,Hyderabad,Visakhapatnam,345.0,Clothing,2,1.99,Rail,XpressBees,1107.93,335.0,6.26,2025-06-25,2025-07-01,2025-07-01,Delivered,4.0,No,No
ORD102365,CUST10022,2025-04-08,Mumbai,Mumbai,Kolkata,503.4,Books,6,9.9,Road,Shadowfax,2425.2,538.62,10.08,2025-04-10,2025-04-16,2025-04-16,Delivered,4.0,No,No
ORD103932,CUST12060,2025-06-13,Chennai,Chennai,Bhopal,258.6,Clothing,5,5.09,Air,Blue Dart,2575.63,283.77,7.49,2025-06-15,2025-06-18,2025-06-19,Delayed,3.0,No,No
ORD101819,CUST12729,2025-07-08,Bengaluru,Bengaluru,Nagpur,466.4,Beauty,4,5.57,Rail,XpressBees,1543.81,456.68,8.69,2025-07-10,2025-07-17,2025-07-17,Delivered,4.0,No,No
ORD101247,CUST12468,2025-04-03,Hyderabad,Hyderabad,Nagpur,240.7,Automotive,7,5.02,Rail,XpressBees,906.21,153.74,5.46,2025-04-05,2025-04-11,2025-04-13,Delayed,4.0,No,No
ORD100858,CUST10902,2025-08-01,Mumbai,Mumbai,Chennai,826.3,Books,5,5.26,Road,Ecom Express,3726.94,893.68,11.28,2025-08-03,2025-08-08,2025-08-08,Delivered,5.0,No,No
ORD102896,CUST12446,2025-02-04,Bengaluru,Bengaluru,Kolkata,228.4,Grocery,2,7.77,Express,XpressBees,1762.47,216.72,4.43,2025-02-06,2025-02-08,2025-02-08,Delivered,4.0,No,No
ORD102291,CUST12254,2025-02-01,Hyderabad,Hyderabad,Mumbai,965.1,Grocery,2,4.52,Express,Delhivery,6827.78,956.79,7.07,2025-02-03,2025-02-07,2025-02-07,Delivered,4.0,No,No
ORD101293,CUST10926,2025-03-10,Pune,Pune,Chennai,579.8,Home & Kitchen,7,1.74,Road,Blue Dart,2511.46,500.0,10.25,2025-03-12,2025-03-18,2025-03-18,Delivered,3.0,No,No
ORD103117,CUST11004,2025-02-13,Mumbai,Mumbai,Ahmedabad,163.4,Books,5,1.39,Express,Blue Dart,1215.0,92.88,11.34,2025-02-16,2025-02-19,2025-02-19,Delivered,4.0,No,No
ORD100959,CUST12756,2025-09-23,Bengaluru,Bengaluru,Ahmedabad,404.6,Electronics,6,2.78,Road,Shadowfax,1872.17,274.3,8.44,2025-09-25,2025-09-30,2025-09-30,Delivered,4.0,No,No
ORD102889,CUST10135,2025-08-07,Delhi,Delhi,Lucknow,792.3,automotive,1,1.66,Express,XpressBees,5643.67,588.6,8.26,2025-08-09,2025-08-14,2025-08-14,Delivered,5.0,No,No
ORD101308,CUST11865,2025-04-04,Bengaluru,Bengaluru,Nagpur,429.4,Beauty,2,11.56,Air,XpressBees,4146.21,425.7,8.32,2025-04-08,2025-04-11,2025-04-11,Delivered,5.0,No,No
ORD100019,CUST12771,2025-04-30,Chennai,Chennai,Lucknow,166.4,Sports,1,0.56,Rail,Blue Dart,467.5,212.49,6.2,2025-05-02,2025-05-09,2025-05-09,Delivered,5.0,No,No
ORD100936,CUST10648,2025-04-18,Chennai,Chennai,Nagpur,351.9,Grocery,3,9.04,Express,Delhivery,2476.32,344.81,7.22,2025-04-20,2025-04-24,2025-04-24,Delivered,4.0,No,No
ORD104946,CUST10457,2025-12-25,Hyderabad,Hyderabad,Bhopal,1270.2,Home & Kitchen,4,9.85,Rail,XpressBees,4403.41,832.8,8.3,2025-12-27,2026-01-05,2026-01-05,Delivered,4.0,No,No
ORD102837,CUST12064,2025-03-13,Delhi,Delhi,Jaipur,457.4,Electronics,7,6.71,Rail,Ecom Express,1693.3,485.81,7.02,2025-03-14,2025-03-20,2025-03-20,Delivered,5.0,No,No
ORD101713,CUST12311,2025-09-28,Mumbai,Mumbai,Lucknow,227.3,Books,5,1.56,Road,Ecom Express,1039.99,178.16,11.15,2025-09-30,2025-10-05,2025-10-05,Delivered,3.0,No,No
ORD104617,CUST12127,2025-12-26,Hyderabad,Hyderabad,Kolkata,300.6,Clothing,3,4.35,Rail,Ecom Express,1003.44,271.15,12.44,2025-12-28,2026-01-03,2026-01-03,Delivered,4.0,No,No
ORD103966,CUST10651,2025-06-12,Chennai,Chennai,Mumbai,300.3,Sports,5,6.06,Road,Delhivery,1436.8,270.62,5.62,2025-06-14,2025-06-21,2025-06-21,Delivered,5.0,No,No
ORD100354,CUST10418,2025-10-01,Mumbai,Mumbai,Ahmedabad,435.1,Home & Kitchen,7,10.33,Air,Shadowfax,4145.59,325.16,14.85,2025-10-04,2025-10-06,2025-10-06,Delivered,4.0,No,No
ORD104948,CUST10095,2025-12-31,Pune,Pune,Surat,922.8,Home & Kitchen,6,3.15,Road,Shadowfax,3919.62,739.72,6.92,2026-01-02,2026-01-08,2026-01-08,Delivered,4.0,No,No
ORD100720,CUST12507,2025-07-02,Pune,Pune,Hyderabad,1239.9,Sports,6,10.61,Rail,Shadowfax,4165.68,848.88,4.39,2025-07-03,2025-07-10,2025-07-10,Delivered,5.0,No,No
ORD104076,CUST12000,2025-12-17,Delhi,Delhi,Nagpur,704.7,Grocery,5,2.33,Air,Delhivery,6459.79,529.81,10.62,2025-12-20,2025-12-24,2025-12-24,Delivered,4.0,No,Yes
ORD102468,CUST11678,2025-12-30,Hyderabad,Hyderabad,Bhopal,215.0,Grocery,4,4.73,Rail,Delhivery,746.03,105.43,6.47,2026-01-01,2026-01-05,2026-01-07,Delayed,3.0,No,No
ORD101515,CUST10900,2025-04-02,Hyderabad,Hyderabad,Bhopal,305.8,Home & Kitchen,6,3.6,Rail,XpressBees,1163.23,249.93,2.87,2025-04-03,2025-04-09,2025-04-09,Delivered,4.0,No,No
ORD100643,CUST12670,2025-09-28,Bengaluru,Bengaluru,Ahmedabad,273.0,Home & Kitchen,2,4.11,Air,Ecom Express,2598.18,213.75,8.41,2025-09-29,2025-10-01,2025-10-01,Delivered,5.0,No,No
ORD102372,CUST12375,2025-02-06,Bengaluru,Bengaluru,Hyderabad,519.5,Sports,7,4.82,Road,Delhivery,2359.46,515.47,6.84,2025-02-09,2025-02-15,2025-02-19,Delayed,3.0,No,No
ORD104175,CUST11847,2025-05-21,Bengaluru,Bengaluru,Ahmedabad,337.3,Clothing,7,3.23,Road,Shadowfax,1513.09,196.99,10.04,2025-05-24,2025-05-29,2025-05-29,Delivered,5.0,No,No
ORD100986,CUST11239,2025-11-14,Bengaluru,Bengaluru,Hyderabad,340.6,Books,7,14.7,Road,Delhivery,1703.52,285.67,8.64,2025-11-16,2025-11-20,2025-11-20,Delivered,5.0,No,No
ORD102077,CUST11876,2025-09-18,Delhi,Delhi,Kochi,384.1,Electronics,5,9.08,Road,Ecom Express,1776.01,378.02,7.82,2025-09-20,2025-09-26,2025-09-26,Delivered,4.0,No,No
ORD102197,CUST10410,2025-04-05,Bengaluru,Bengaluru,Jaipur,347.2,Clothing,7,5.45,Air,XpressBees,3167.99,338.7,11.42,2025-04-07,2025-04-09,2025-04-09,Delivered,4.0,No,No
ORD102667,CUST12515,2025-10-07,Hyderabad,Hyderabad,Hyderabad,285.0,Electronics,5,8.28,Road,Delhivery,1353.44,176.01,7.82,2025-10-09,2025-10-14,2025-10-14,Delivered,4.0,No,No
ORD103100,CUST12634,2025-10-16,Bengaluru,Bengaluru,Kochi,270.3,Books,3,5.76,Road,Blue Dart,1411.79,149.84,10.23,2025-10-19,2025-10-23,2025-10-23,Delivered,4.0,No,No
ORD101385,CUST11560,2025-09-07,Mumbai,Mumbai,Coimbatore,438.6,Home & Kitchen,2,7.97,Express,Delhivery,3179.69,329.95,8.9,2025-09-09,2025-09-13,2025-09-13,Delivered,5.0,No,No
ORD101105,CUST10869,2025-03-29,Hyderabad,Hyderabad,Chennai,410.3,Grocery,2,8.31,Rail,Delhivery,1541.84,223.97,8.51,2025-03-31,2025-04-07,2025-04-07,Delivered,3.0,No,No
ORD104332,CUST10235,2025-11-12,Hyderabad,Hyderabad,Indore,38.8,Sports,5,6.33,Rail,Blue Dart,323.74,68.87,6.99,2025-11-14,2025-11-21,2025-11-22,Delayed,4.0,No,No
ORD100778,CUST10016,2025-01-04,Mumbai,Mumbai,Pune,649.5,Electronics,5,22.04,Road,Ecom Express,3106.31,500.47,12.4,2025-01-06,2025-01-11,2025-01-11,Delivered,5.0,No,No
ORD102080,CUST12089,2025-05-25,Delhi,Delhi,Surat,443.1,Electronics,1,1.89,Road,Delhivery,1909.62,447.07,10.81,2025-05-28,2025-06-03,2025-06-03,Delivered,5.0,No,No
ORD100509,CUST10574,2025-01-08,Bengaluru,Bengaluru,Jaipur,90.4,Grocery,7,4.87,Road,DTDC,495.32,68.07,8.02,2025-01-10,2025-01-16,2025-01-16,Delivered,4.0,No,No
ORD100690,CUST10553,2025-07-13,Hyderabad,Hyderabad,Chennai,270.4,Home & Kitchen,1,7.05,Express,Blue Dart,2018.44,301.23,7.34,2025-07-15,2025-07-18,2025-07-18,Delivered,4.0,No,No
ORD101608,CUST11808,2025-04-15,Delhi,Delhi,Coimbatore,671.7,Electronics,3,1.48,Air,Delhivery,6154.58,569.58,8.4,2025-04-17,2025-04-20,2025-04-24,Delayed,3.0,No,No
ORD104533,CUST11842,2025-03-01,Hyderabad,Hyderabad,Bhopal,107.5,Sports,7,3.05,Rail,DTDC,467.67,72.04,5.64,2025-03-03,2025-03-10,2025-03-10,Delivered,,No,No
ORD103196,CUST11879,2025-08-26,Hyderabad,Hyderabad,Coimbatore,312.5,Beauty,3,9.33,Road,Shadowfax,1350.81,365.51,7.1,2025-08-28,2025-09-02,2025-09-07,Delayed,3.0,No,No
ORD100748,CUST11714,2025-12-03,Mumbai,Mumbai,Chennai,501.2,Books,7,11.91,Road,Ecom Express,2341.42,455.76,12.7,2025-12-05,2025-12-11,2025-12-11,Delivered,4.0,No,No
ORD100803,CUST10303,2025-02-13,Hyderabad,Hyderabad,Hyderabad,106.5,Books,6,9.95,Road,Shadowfax,597.53,157.1,6.8,2025-02-15,2025-02-19,2025-02-20,Delayed,4.0,No,No
ORD102152,CUST12229,2025-06-27,Mumbai,Mumbai,Ahmedabad,209.6,Beauty,5,2.91,Air,Ecom Express,1982.41,101.57,10.85,2025-06-29,2025-07-02,2025-07-02,Delivered,5.0,No,No
ORD103059,CUST12490,2025-11-03,Bengaluru,Bengaluru,Mumbai,1175.7,Automotive,7,1.56,Road,DTDC,4977.02,866.35,10.61,2025-11-06,2025-11-13,2025-11-13,Delivered,5.0,No,No
ORD103025,CUST11612,2025-04-15,Pune,Pune,Coimbatore,240.4,Books,2,1.1,Express,Shadowfax,1712.05,254.41,12.31,2025-04-17,2025-04-21,2025-04-21,Delivered,4.0,No,No
ORD103892,CUST12063,2025-04-30,Hyderabad,Hyderabad,Indore,623.1,Electronics,1,3.41,Rail,DTDC,2004.57,552.65,4.73,2025-05-01,2025-05-08,2025-05-08,Delivered,5.0,No,No
ORD100080,CUST12137,2025-08-03,Delhi,Delhi,Visakhapatnam,347.4,Sports,5,2.14,Road,XpressBees,1561.0,350.72,9.75,2025-08-05,2025-08-10,2025-08-14,Delayed,4.0,No,No
ORD103991,CUST10363,2025-08-11,Mumbai,Mumbai,Bengaluru,529.2,Books,7,8.05,Express,Delhivery,3901.87,607.47,10.21,2025-08-13,2025-08-17,2025-08-17,Delivered,4.0,No,No
ORD104456,CUST12032,2025-04-19,Bengaluru,Bengaluru,Vijayawada,793.4,Sports,3,1.13,Road,Delhivery,3446.96,700.63,9.04,2025-04-22,2025-04-28,2025-04-28,Delivered,5.0,No,No
ORD101362,CUST10510,2025-05-28,Hyderabad,Hyderabad,Indore,569.2,Sports,1,6.37,Air,DTDC,5287.86,499.44,3.4,2025-05-29,2025-06-01,2025-06-04,Delayed,4.0,No,No
ORD104896,CUST12137,2025-09-20,Mumbai,Mumbai,Pune,501.6,Sports,7,7.23,Road,XpressBees,2274.91,393.22,8.75,2025-09-22,2025-09-27,2025-09-30,Delayed,3.0,No,No
ORD102724,CUST10020,2025-01-11,Mumbai,Mumbai,Jaipur,281.0,Grocery,7,6.32,Road,Blue Dart,1573.37,236.17,12.56,2025-01-14,2025-01-18,2025-01-18,Delivered,4.0,No,No
ORD103152,CUST10576,2025-10-30,Bengaluru,Bengaluru,Vijayawada,334.8,Clothing,1,10.84,Road,Blue Dart,1516.54,315.08,5.59,2025-11-01,2025-11-06,2025-11-06,Delivered,5.0,No,No
ORD103170,CUST10912,2025-01-20,Chennai,Chennai,Jaipur,351.5,Beauty,3,3.3,Express,Ecom Express,2603.84,357.18,8.75,2025-01-23,2025-01-27,2025-01-29,Delayed,3.0,No,No
ORD102578,CUST12132,2025-01-28,Mumbai,Mumbai,Bengaluru,419.1,Electronics,5,2.99,Express,Blue Dart,3131.45,366.15,9.38,2025-01-30,2025-02-04,2025-02-04,Delivered,4.0,No,No
ORD104447,CUST10610,2025-11-29,Hyderabad,Hyderabad,Coimbatore,411.3,Grocery,6,9.68,Rail,DTDC,1529.0,321.56,6.37,2025-12-01,2025-12-07,2025-12-07,Delivered,5.0,No,No
ORD102359,CUST11493,2025-06-11,Hyderabad,Hyderabad,Delhi,355.1,Books,1,11.73,Air,Ecom Express,3562.21,394.21,10.24,2025-06-13,2025-06-16,2025-06-16,Delivered,4.0,No,No
ORD103933,CUST12714,2025-02-03,Hyderabad,Hyderabad,Surat,189.4,Grocery,2,0.37,Road,Ecom Express,821.24,180.82,6.88,2025-02-05,2025-02-09,2025-02-12,Delayed,4.0,No,Yes
ORD100549,CUST11631,2025-05-28,Chennai,Chennai,Ahmedabad,214.7,Electronics,5,2.93,Road,Blue Dart,1016.72,236.3,6.38,2025-05-29,2025-06-02,2025-06-02,Delivered,4.0,No,No
ORD104201,CUST10429,2025-02-08,Hyderabad,Hyderabad,Bengaluru,940.9,Electronics,4,5.47,Road,Shadowfax,4126.83,722.15,6.65,2025-02-10,2025-02-17,2025-02-18,Delayed,5.0,No,No
ORD103551,CUST10620,2025-10-19,Chennai,Chennai,Kochi,353.8,Sports,3,7.15,Rail,Delhivery,1397.06,223.1,6.02,2025-10-21,2025-10-28,2025-10-28,Delivered,5.0,No,No
ORD100096,CUST12328,2025-04-28,Pune,Pune,Chennai,232.9,Automotive,1,10.0,Rail,Delhivery,854.3,189.3,10.24,2025-04-30,2025-05-05,2025-05-05,Delivered,4.0,No,No
ORD102100,CUST10314,2025-06-20,Hyderabad,Hyderabad,Delhi,417.2,Sports,7,4.4,Air,XpressBees,3784.98,396.16,9.29,2025-06-23,2025-06-26,2025-06-26,Delivered,4.0,Yes,No
ORD100464,CUST10817,2025-11-27,Hyderabad,Hyderabad,Kolkata,443.0,Books,6,5.72,Rail,Ecom Express,1623.14,347.3,8.06,2025-11-29,2025-12-07,2025-12-07,Delivered,3.0,No,No
ORD101014,CUST11921,2025-12-11,Chennai,Chennai,Vijayawada,153.8,Home & Kitchen,5,4.85,Air,Shadowfax,1415.19,150.57,8.49,2025-12-13,2025-12-15,2025-12-15,Delivered,5.0,No,No
ORD104129,CUST12704,2025-01-31,Hyderabad,Hyderabad,Kolkata,426.8,Grocery,1,7.78,Air,Shadowfax,,249.89,6.78,2025-02-03,2025-02-06,2025-02-06,Delivered,4.0,No,No
ORD104454,CUST11808,2025-09-06,Bengaluru,Bengaluru,Indore,256.8,Clothing,4,2.22,Air,XpressBees,2337.6,,6.01,2025-09-08,2025-09-10,2025-09-10,Delivered,4.0,No,No
ORD104607,CUST11875,2025-08-13,Hyderabad,Hyderabad,Bhopal,482.2,Grocery,4,6.37,Rail,DTDC,1675.24,370.2,6.4,2025-08-15,2025-08-21,2025-08-22,Delayed,4.0,No,No
ORD102555,CUST11612,2025-07-07,Mumbai,Mumbai,Kolkata,361.1,Electronics,7,4.1,Air,XpressBees,3431.7,337.86,8.68,2025-07-09,2025-07-12,2025-07-12,Delivered,5.0,No,No
ORD104567,CUST12008,2025-02-15,Mumbai,Mumbai,Kolkata,88.0,Home & Kitchen,5,9.08,Road,Delhivery,490.45,31.9,9.43,2025-02-17,2025-02-22,2025-02-22,Delivered,,No,No
ORD102524,CUST10682,2025-08-16,Hyderabad,Hyderabad,Coimbatore,566.9,Home & Kitchen,2,2.52,Express,DTDC,4171.97,644.41,5.12,2025-08-18,2025-08-22,2025-08-22,Delivered,4.0,No,No
ORD101730,CUST12518,2025-03-05,Mumbai,Mumbai,Ahmedabad,737.9,Sports,3,3.28,Air,DTDC,6639.26,676.24,12.54,2025-03-07,2025-03-11,2025-03-11,Delivered,4.0,No,No
ORD104510,CUST10284,2025-09-10,Mumbai,Mumbai,Pune,842.3,Automotive,6,7.34,Air,Shadowfax,7700.82,842.26,7.57,2025-09-12,2025-09-16,2025-09-16,Delivered,5.0,No,No
ORD103925,CUST10159,2025-02-25,Hyderabad,Hyderabad,Visakhapatnam,118.5,Sports,4,7.33,Road,Blue Dart,663.46,123.05,6.12,2025-02-28,2025-03-05,2025-03-05,Delivered,5.0,No,No
ORD101604,CUST10842,2025-08-21,Delhi,Delhi,Mumbai,573.0,Automotive,4,4.15,Express,Ecom Express,4222.31,461.39,8.21,2025-08-23,2025-08-27,2025-08-28,Delayed,4.0,No,No
ORD104442,CUST10550,2025-06-27,Bengaluru,Bengaluru,Jaipur,317.1,Automotive,6,1.64,Road,Ecom Express,1240.95,326.86,8.61,2025-06-28,2025-07-03,2025-07-03,Delivered,4.0,No,No
ORD102005,CUST11912,2025-05-31,Chennai,Chennai,Jaipur,333.1,Grocery,5,2.56,Rail,Shadowfax,1142.94,362.31,7.42,2025-06-03,2025-06-09,2025-06-09,Delivered,4.0,No,No
ORD101689,CUST10062,2025-06-07,Chennai,Chennai,Delhi,708.4,Home & Kitchen,5,2.05,Road,DTDC,3002.91,519.71,12.61,2025-06-11,2025-06-18,2025-06-18,Delivered,5.0,No,No
ORD102383,CUST11161,2025-04-08,Bengaluru,Bengaluru,Vijayawada,161.1,Beauty,1,7.7,Rail,Blue Dart,610.3,117.47,8.35,2025-04-10,2025-04-15,2025-04-18,Delayed,3.0,No,No
ORD104266,CUST10050,2025-09-20,Pune,Pune,Mumbai,232.4,Electronics,3,3.38,Air,XpressBees,2268.96,238.03,9.64,2025-09-23,2025-09-26,2025-09-26,Delivered,4.0,No,No
ORD101859,CUST11020,2025-06-27,Hyderabad,Hyderabad,Vijayawada,113.3,Grocery,4,12.71,Road,XpressBees,657.57,64.08,9.28,2025-06-30,2025-07-05,2025-07-09,Delayed,4.0,No,No
ORD103860,CUST10116,2025-05-27,Chennai,Chennai,Hyderabad,794.4,Books,6,4.53,Road,XpressBees,3391.22,523.44,6.23,2025-05-28,2025-06-04,2025-06-09,Delayed,2.0,Yes,No
ORD102157,CUST12402,2025-04-21,Bengaluru,Bengaluru,Indore,197.4,Beauty,5,2.5,Road,DTDC,852.86,229.15,5.27,2025-04-23,2025-04-29,2025-05-02,Delayed,2.0,No,No
ORD101376,CUST10656,2025-11-13,Pune,Pune,Kolkata,304.8,Clothing,4,3.6,Rail,Delhivery,1018.84,386.48,8.38,2025-11-15,2025-11-21,2025-11-23,Delayed,3.0,No,No
ORD104481,CUST12349,2025-12-22,Hyderabad,Hyderabad,Ahmedabad,371.8,Beauty,1,6.13,Air,DTDC,3313.59,394.21,4.6,2025-12-24,2025-12-27,2025-12-27,Delivered,5.0,No,No
ORD103823,CUST11421,2025-08-30,Chennai,Chennai,Surat,446.2,Sports,4,2.36,Rail,Shadowfax,1566.33,399.23,9.77,2025-09-02,2025-09-09,2025-09-09,Delivered,4.0,No,No
ORD103615,CUST12631,2025-08-09,Mumbai,Mumbai,Kolkata,53.9,Sports,4,2.15,Road,XpressBees,366.49,49.25,10.97,2025-08-11,2025-08-15,2025-08-21,Delayed,3.0,No,No
ORD101232,CUST10325,2025-03-07,Delhi,Delhi,Mumbai,251.0,Sports,3,6.08,Road,Shadowfax,1158.35,265.21,8.62,2025-03-10,2025-03-16,2025-03-19,Delayed,3.0,No,No
ORD101907,CUST12524,2025-05-22,Pune,Pune,Coimbatore,410.7,Home & Kitchen,1,2.92,Road,XpressBees,1802.43,431.81,10.03,2025-05-24,2025-05-29,2025-05-29,Delivered,5.0,No,No
ORD104509,CUST12654,2025-11-06,hyderabad,Hyderabad,Kochi,619.4,Clothing,7,1.08,Rail,Blue Dart,2030.11,623.9,8.56,2025-11-08,2025-11-13,2025-11-13,Delivered,3.0,No,No
ORD102895,CUST11065,2025-12-21,Mumbai,Mumbai,Bengaluru,240.7,Sports,6,2.47,Rail,blue dart,964.67,198.72,12.13,2025-12-24,2025-12-29,2025-12-29,Delivered,4.0,No,No
ORD102522,CUST12620,2025-10-02,Delhi,Delhi,Coimbatore,388.8,Books,7,1.68,Road,Shadowfax,1758.13,299.4,12.01,2025-10-05,2025-10-11,2025-10-11,Delivered,4.0,No,No
ORD103580,CUST11357,2025-11-26,Chennai,Chennai,Bhopal,214.0,Electronics,2,15.46,Express,Delhivery,1780.25,197.98,3.93,2025-11-27,2025-12-01,2025-12-01,Delivered,3.0,No,No
ORD100263,CUST10939,2025-06-09,Mumbai,Mumbai,Nagpur,819.9,Books,1,5.6,Air,Ecom Express,7451.4,783.05,14.13,2025-06-12,2025-06-17,2025-06-17,Delivered,3.0,No,No
ORD101837,CUST12460,2025-01-20,Chennai,Chennai,Coimbatore,904.5,Sports,3,3.78,Air,DTDC,8262.66,619.3,6.52,2025-01-21,2025-01-24,2025-01-30,Delayed,4.0,No,No
ORD101773,CUST10071,2025-03-12,Pune,Pune,Indore,104.0,Home & Kitchen,1,7.9,Road,Ecom Express,383.37,55.22,10.67,2025-03-14,2025-03-19,2025-03-21,Delayed,3.0,No,No
ORD101902,CUST11571,2025-08-20,Hyderabad,Hyderabad,Mumbai,291.4,Electronics,5,4.9,Air,XpressBees,2778.16,311.41,7.13,2025-08-22,2025-08-25,2025-08-25,Delivered,5.0,No,No
ORD100204,CUST11484,2025-02-08,Pune,Pune,Nagpur,641.2,Clothing,5,12.3,Air,Ecom Express,6056.36,451.49,8.33,2025-02-11,2025-02-15,2025-02-15,Delivered,5.0,No,No
ORD102517,CUST11150,2025-10-23,Hyderabad,Hyderabad,Coimbatore,413.5,Sports,5,5.65,Road,Ecom Express,1906.22,384.01,4.44,2025-10-25,2025-10-31,2025-10-31,Delivered,4.0,No,No
ORD100651,CUST10112,2025-09-14,Chennai,Chennai,Kochi,135.9,Automotive,2,6.74,Express,Ecom Express,1082.99,84.89,5.71,2025-09-15,2025-09-18,2025-09-20,Delayed,3.0,No,No
ORD103206,CUST11639,2025-07-05,Delhi,Delhi,Bengaluru,191.3,Books,4,0.43,Road,Shadowfax,,164.33,7.97,2025-07-07,2025-07-11,2025-07-11,Delivered,4.0,No,No
ORD100171,CUST10689,2025-09-13,Pune,Pune,Delhi,296.9,Sports,3,14.28,Express,Blue Dart,2306.35,235.76,7.51,2025-09-15,2025-09-17,2025-09-17,Delivered,5.0,No,No
ORD104690,CUST12731,2025-01-23,Pune,Pune,Jaipur,598.8,Sports,1,3.67,Road,Ecom Express,2577.47,700.66,10.82,2025-01-26,2025-01-31,2025-01-31,Delivered,4.0,No,No
ORD104001,CUST10442,2025-12-15,Chennai,Chennai,Jaipur,635.9,Home & Kitchen,1,10.62,Road,Ecom Express,2882.64,765.9,6.46,2025-12-17,2025-12-24,2025-12-25,Delayed,3.0,No,No
ORD104351,CUST12035,2025-12-19,Chennai,Chennai,Nagpur,543.4,Home & Kitchen,1,5.79,Rail,Delhivery,1738.8,613.77,8.12,2025-12-22,2025-12-28,2025-12-28,Delivered,4.0,No,No
ORD100627,CUST10037,2025-02-21,Mumbai,Mumbai,Vijayawada,390.2,Books,7,3.34,Express,Delhivery,2900.62,313.32,8.51,2025-02-23,2025-02-28,2025-02-28,Delivered,4.0,No,No
ORD102324,CUST11118,2025-05-09,Chennai,Chennai,Lucknow,421.2,Clothing,2,7.08,Rail,Blue Dart,1401.28,304.44,9.95,2025-05-11,2025-05-17,2025-05-17,Delivered,5.0,No,No
ORD103110,CUST11254,2025-02-01,Pune,Pune,Indore,393.1,Electronics,1,2.35,Road,shadowfax,1583.08,422.85,8.96,2025-02-03,2025-02-08,2025-02-09,Delayed,2.0,No,Yes
ORD101131,CUST10051,2025-05-17,Hyderabad,Hyderabad,Surat,223.8,Automotive,7,1.52,Air,Blue Dart,,226.23,4.84,2025-05-18,2025-05-20,2025-05-20,Delivered,5.0,No,No
ORD104033,CUST10166,2025-10-04,Bengaluru,Bengaluru,Surat,110.1,Beauty,5,6.32,Road,Shadowfax,666.27,99.12,9.99,2025-10-07,2025-10-13,2025-10-13,Delivered,5.0,No,No
ORD102335,CUST10623,2025-01-20,Delhi,Delhi,Vijayawada,182.7,Beauty,5,9.47,Road,Delhivery,915.56,115.95,10.98,2025-01-22,2025-01-29,2025-01-29,Delivered,5.0,No,No
ORD102300,CUST12161,2025-09-21,Delhi,Delhi,Chennai,190.6,Automotive,4,13.17,Road,shadowfax,1122.69,226.17,11.67,2025-09-24,2025-09-29,2025-09-29,Delivered,4.0,No,No
ORD103058,CUST11652,2025-10-30,Pune,Pune,Indore,779.8,Sports,6,7.56,Road,XpressBees,3462.83,761.03,5.35,2025-10-31,2025-11-06,2025-11-06,Delivered,5.0,Yes,No
ORD102732,CUST11671,2025-06-18,Mumbai,Mumbai,Surat,250.4,Automotive,7,7.44,Road,Delhivery,1328.29,255.7,10.78,2025-06-22,2025-06-26,2025-06-28,Delayed,4.0,No,No
ORD101973,CUST10834,2025-08-19,Pune,Pune,Chennai,765.3,Home & Kitchen,6,10.01,Road,XpressBees,3546.38,857.74,8.31,2025-08-22,2025-08-28,2025-08-30,Delayed,3.0,No,No
ORD101954,CUST12049,2025-12-07,Hyderabad,Hyderabad,Bhopal,187.4,Clothing,6,4.31,Road,XpressBees,982.11,240.51,6.72,2025-12-09,2025-12-14,2025-12-14,Delivered,5.0,Yes,No
ORD102792,CUST10839,2025-03-27,Bengaluru,Bengaluru,Nagpur,324.1,Clothing,3,1.42,Express,Shadowfax,2260.95,234.84,5.98,2025-03-29,2025-04-01,2025-04-01,Delivered,3.0,No,No
ORD100981,CUST10635,2025-02-03,Bengaluru,Bengaluru,Hyderabad,803.5,Electronics,4,4.62,Road,Ecom Express,,614.99,9.06,2025-02-06,2025-02-12,2025-02-12,Delivered,5.0,No,No
ORD102447,CUST11005,2025-05-27,Pune,Pune,Bengaluru,104.4,Electronics,4,4.15,Road,Delhivery,600.3,82.07,7.69,2025-05-30,2025-06-04,2025-06-04,Delivered,5.0,No,No
ORD101162,CUST10743,2025-05-18,Bengaluru,Bengaluru,Kolkata,566.1,Grocery,5,0.31,Road,XpressBees,2511.3,592.29,6.73,2025-05-20,2025-05-27,2025-05-27,Delivered,5.0,No,No
ORD102210,CUST12598,2025-07-11,Hyderabad,Hyderabad,Coimbatore,260.5,Books,2,8.59,Road,Delhivery,1244.71,139.02,5.11,2025-07-13,2025-07-19,2025-07-19,Delivered,5.0,No,No
ORD100953,CUST12614,2025-10-03,Bengaluru,Bengaluru,Surat,417.1,Automotive,1,3.37,rail,DTDC,1458.15,435.17,7.22,2025-10-05,2025-10-12,2025-10-12,Delivered,3.0,No,No
ORD103135,CUST12522,2025-05-29,Bengaluru,Bengaluru,Visakhapatnam,248.4,Sports,7,10.04,Express,Blue Dart,2014.63,278.81,9.38,2025-05-31,2025-06-03,2025-06-03,Delivered,4.0,No,No
ORD100141,CUST11339,2025-01-22,Mumbai,Mumbai,Indore,905.4,Sports,1,6.0,Road,XpressBees,3991.1,966.7,11.57,2025-01-25,2025-01-31,2025-01-31,Delivered,5.0,No,No
ORD100830,CUST10622,2025-11-29,Chennai,Chennai,Visakhapatnam,242.9,Clothing,2,2.36,Road,DTDC,950.67,273.67,7.6,2025-12-01,2025-12-05,2025-12-05,Delivered,4.0,No,No
ORD104561,CUST10445,2025-09-17,Mumbai,Mumbai,Delhi,515.0,Automotive,5,2.37,Rail,Blue Dart,1749.62,554.79,7.55,2025-09-18,2025-09-25,2025-09-27,Delayed,4.0,No,No
ORD100170,CUST10321,2025-07-17,Delhi,Delhi,Mumbai,194.4,Clothing,4,0.92,Rail,Ecom Express,717.3,174.87,7.6,2025-07-19,2025-07-25,2025-07-31,Delayed,3.0,No,No
ORD100529,CUST11628,2025-12-25,Hyderabad,Hyderabad,Lucknow,46.5,Home & Kitchen,2,3.95,Road,Blue Dart,354.22,55.37,3.25,2025-12-27,2026-01-01,2026-01-01,Delivered,5.0,No,No
ORD103262,CUST10720,2025-11-29,Chennai,Chennai,Hyderabad,315.1,Books,7,10.83,Road,Blue Dart,1507.37,292.42,4.22,2025-12-01,2025-12-07,2025-12-07,Delivered,5.0,No,No
ORD102216,CUST10863,2025-02-25,Mumbai,Mumbai,Pune,233.4,Books,5,3.21,Express,Ecom Express,1645.32,219.85,13.82,2025-03-01,2025-03-03,2025-03-03,Delivered,5.0,No,No
ORD101577,CUST10175,2025-04-07,Delhi,Delhi,Indore,266.8,Books,6,5.41,Road,Shadowfax,1231.7,299.29,13.25,2025-04-10,2025-04-17,2025-04-17,Delivered,4.0,No,No
ORD102020,CUST10642,2025-12-08,Hyderabad,Hyderabad,Jaipur,215.4,Beauty,1,11.27,Express,Ecom Express,1686.29,199.12,8.48,2025-12-10,2025-12-12,2025-12-12,Delivered,4.0,No,No
ORD102179,CUST12335,2025-01-15,Chennai,Chennai,Jaipur,340.7,Clothing,2,10.65,Road,DTDC,1762.0,387.47,8.59,2025-01-17,2025-01-22,2025-01-22,Delivered,5.0,No,No
ORD101430,CUST10043,2025-05-02,Pune,Pune,Kolkata,194.9,Home & Kitchen,1,2.44,Road,Ecom Express,886.34,150.05,9.02,2025-05-04,2025-05-08,2025-05-08,Delivered,5.0,No,No
ORD100766,CUST11428,2025-05-20,Pune,Pune,Kochi,138.4,Grocery,2,1.13,Road,Ecom Express,558.41,108.83,10.96,2025-05-23,2025-05-27,2025-05-27,Delivered,5.0,No,No
ORD100961,CUST11281,2025-07-05,Hyderabad,Hyderabad,Delhi,121.3,Grocery,7,10.6,Air,Delhivery,1347.22,165.91,2.58,2025-07-07,2025-07-09,2025-07-09,Delivered,4.0,No,No
ORD104259,CUST12568,2025-12-15,Pune,Pune,Visakhapatnam,1626.9,Clothing,1,4.01,Road,DTDC,7022.1,1143.22,8.16,2025-12-18,2025-12-26,2025-12-27,Delayed,4.0,No,Yes
ORD104429,CUST10032,2025-12-01,Hyderabad,Hyderabad,Bengaluru,410.1,Electronics,6,6.94,Rail,XpressBees,1563.43,422.77,7.46,2025-12-03,2025-12-09,2025-12-09,Delivered,3.0,No,No
ORD101408,CUST12787,2025-12-21,Bengaluru,Bengaluru,Kolkata,364.3,Home & Kitchen,3,3.75,Rail,DTDC,1212.98,345.32,12.55,2025-12-24,2025-12-29,2025-12-29,Delivered,5.0,No,No
ORD100594,CUST10825,2025-06-30,Pune,Pune,Indore,295.6,Grocery,2,9.13,Air,Ecom Express,2821.8,316.93,9.9,2025-07-03,2025-07-05,2025-07-05,Delivered,5.0,No,No
ORD102703,CUST10053,2025-04-05,Hyderabad,Hyderabad,Coimbatore,396.1,automotive,5,6.19,Road,Delhivery,1793.45,433.79,6.69,2025-04-08,2025-04-11,2025-04-11,Delivered,4.0,No,No
ORD103000,CUST10248,2025-07-19,Chennai,Chennai,Delhi,594.6,Clothing,2,2.38,Rail,DTDC,1906.09,457.52,7.91,2025-07-22,2025-07-29,2025-07-29,Delivered,5.0,No,No
ORD100649,CUST12468,2025-03-13,Hyderabad,Hyderabad,Kochi,263.1,Automotive,7,4.23,Air,Ecom Express,2549.67,230.85,5.96,2025-03-15,2025-03-18,2025-03-18,Delivered,4.0,No,No
ORD103157,CUST10328,2025-06-10,Pune,Pune,Bengaluru,401.9,Grocery,6,2.55,Air,Ecom Express,3763.91,293.48,12.41,2025-06-13,2025-06-16,2025-06-17,Delayed,3.0,No,No
ORD101464,CUST12090,2025-01-12,Chennai,Chennai,Surat,75.4,Sports,1,9.29,Express,Delhivery,632.62,83.07,8.8,2025-01-14,2025-01-17,2025-01-17,Delivered,5.0,No,No
ORD100318,CUST11947,2025-05-30,Mumbai,Mumbai,Kochi,901.6,Beauty,6,3.31,Express,Ecom Express,6477.26,1007.07,7.5,2025-06-01,2025-06-07,2025-06-07,Delivered,5.0,No,No
ORD103994,CUST12484,2025-03-27,Hyderabad,Hyderabad,Kochi,388.3,Electronics,5,5.86,Air,Blue Dart,3589.2,238.75,7.27,2025-03-29,2025-04-01,2025-04-01,Delivered,4.0,No,No
ORD103868,CUST10415,2025-12-17,Delhi,Delhi,Pune,316.7,Clothing,4,10.52,Road,Delhivery,1626.94,346.71,10.56,2025-12-19,2025-12-24,2025-12-24,Delivered,4.0,No,Yes
ORD103054,CUST10486,2025-11-06,Delhi,Delhi,Visakhapatnam,1101.6,Grocery,7,1.6,Air,Delhivery,9923.36,881.7,10.49,2025-11-09,2025-11-13,2025-11-14,Delayed,4.0,No,No
ORD101189,CUST11036,2025-12-10,Hyderabad,Hyderabad,Surat,1065.1,Beauty,4,2.26,Road,Blue Dart,4485.55,1181.9,4.29,2025-12-12,2025-12-20,2025-12-24,Delayed,4.0,No,Yes
ORD101890,CUST10717,2025-03-06,Bengaluru,Bengaluru,Indore,476.0,Clothing,3,3.12,Road,DTDC,2065.82,366.4,7.37,2025-03-08,2025-03-13,2025-03-13,Delivered,4.0,No,No
ORD100094,CUST12477,2025-01-25,Delhi,Delhi,Pune,149.3,Clothing,4,3.61,Road,Ecom Express,642.99,167.55,12.13,2025-01-28,2025-02-03,2025-02-03,Delivered,5.0,No,No
ORD101663,CUST10761,2025-10-16,Chennai,Chennai,Jaipur,144.8,Electronics,7,3.98,Rail,DTDC,605.19,177.7,8.71,2025-10-18,2025-10-24,2025-10-24,Delivered,4.0,No,No
ORD103996,CUST11091,2025-08-08,Delhi,Delhi,Ahmedabad,199.6,Sports,1,2.66,Road,Blue Dart,900.45,153.3,13.55,2025-08-11,2025-08-17,2025-08-17,Delivered,5.0,No,No
ORD104098,CUST11182,2025-01-31,Mumbai,Mumbai,Nagpur,378.3,Sports,7,4.52,Road,Blue Dart,1722.51,279.95,11.28,2025-02-03,2025-02-09,2025-02-09,Delivered,5.0,No,No
ORD100794,CUST10886,2025-10-20,Pune,Pune,Lucknow,94.0,Automotive,4,0.35,Express,Ecom Express,657.16,95.36,11.42,2025-10-23,2025-10-27,2025-10-27,Delivered,4.0,No,No
ORD104766,CUST10714,2025-09-07,Pune,Pune,Surat,349.2,Electronics,4,14.56,Rail,Delhivery,1372.84,279.72,11.48,2025-09-10,2025-09-16,2025-09-16,Delivered,4.0,No,No
ORD100034,CUST11683,2025-06-30,Pune,Pune,Indore,371.9,Books,1,10.48,Air,XpressBees,3513.98,229.44,11.34,2025-07-03,2025-07-07,2025-07-07,Delivered,4.0,No,No
ORD101916,CUST10761,2025-11-14,Mumbai,Mumbai,Surat,207.6,Home & Kitchen,7,3.29,Express,Delhivery,1672.86,160.44,12.13,2025-11-18,2025-11-22,2025-11-22,Delivered,5.0,No,No
ORD104752,CUST12199,2025-01-03,Bengaluru,Bengaluru,Lucknow,944.1,Sports,5,12.22,Air,Blue Dart,8666.1,1073.01,9.63,2025-01-06,2025-01-10,2025-01-10,Delivered,4.0,No,No
ORD103125,CUST10769,2025-07-12,Pune,Pune,Visakhapatnam,449.9,Books,4,4.66,Road,XpressBees,2019.36,429.26,10.74,2025-07-14,2025-07-21,2025-07-21,Delivered,5.0,No,No
ORD104558,CUST11077,2025-02-02,Hyderabad,Hyderabad,Nagpur,157.8,Clothing,7,6.91,Road,Delhivery,834.9,140.3,6.91,2025-02-04,2025-02-09,2025-02-09,Delivered,5.0,No,No
ORD104831,CUST10017,2025-12-26,Pune,Pune,Chennai,717.0,Beauty,2,12.18,Road,Delhivery,3254.83,838.97,10.0,2025-12-29,2026-01-03,2026-01-03,Delivered,4.0,No,No
ORD104391,CUST10475,2025-11-03,Bengaluru,Bengaluru,Nagpur,341.3,Books,7,9.08,Rail,Ecom Express,1460.89,228.56,10.51,2025-11-05,2025-11-10,2025-11-10,Delivered,5.0,No,No
ORD101539,CUST11178,2025-04-03,Pune,Pune,Surat,239.3,Automotive,6,7.09,Rail,Blue Dart,964.81,177.94,8.62,2025-04-05,2025-04-12,2025-04-12,Delivered,4.0,No,No
ORD100020,CUST11169,2025-07-29,Mumbai,Mumbai,Visakhapatnam,505.4,Books,2,3.46,Road,DTDC,2167.85,298.96,9.15,2025-07-31,2025-08-05,2025-08-05,Delivered,5.0,No,No
ORD104697,CUST11636,2025-02-18,Chennai,Chennai,Mumbai,1365.4,Automotive,4,4.57,Road,XpressBees,5795.01,1463.45,6.02,2025-02-20,2025-03-01,2025-03-01,Delivered,5.0,No,No
ORD100947,CUST12094,2025-08-20,Hyderabad,Hyderabad,Lucknow,214.2,Clothing,5,0.68,Road,Delhivery,935.5,130.07,5.74,2025-08-22,2025-08-28,2025-08-28,Delivered,5.0,No,No
ORD103006,CUST12392,2025-10-12,Hyderabad,Hyderabad,Indore,276.0,Grocery,4,4.09,Express,XpressBees,2215.9,319.6,6.43,2025-10-14,2025-10-17,2025-10-17,Delivered,4.0,No,No
ORD104486,CUST10941,2025-10-31,Hyderabad,Hyderabad,Vijayawada,412.5,Beauty,2,3.23,Rail,DTDC,1454.99,300.41,8.34,2025-11-02,2025-11-08,2025-11-08,Delivered,5.0,No,No
ORD100456,CUST10115,2025-04-26,Bengaluru,Bengaluru,Delhi,357.2,Sports,5,9.71,Express,XpressBees,2679.52,267.66,9.55,2025-04-29,2025-05-02,2025-05-03,Delayed,3.0,No,No
ORD100902,CUST10046,2025-10-06,Delhi,Delhi,Lucknow,540.9,Electronics,5,2.3,Road,DTDC,2420.67,443.32,7.17,2025-10-08,2025-10-15,2025-10-15,Delivered,5.0,No,No
ORD100465,CUST11071,2025-07-01,Pune,Pune,Ahmedabad,454.2,Beauty,5,3.21,Road,XpressBees,2070.25,364.18,12.14,2025-07-03,2025-07-08,2025-07-08,Delivered,4.0,No,No
ORD100167,CUST11275,2025-03-21,Bengaluru,Bengaluru,Kolkata,86.1,Home & Kitchen,6,11.79,Road,Blue Dart,616.01,112.66,5.62,2025-03-23,2025-03-29,2025-03-29,Delivered,5.0,No,No
ORD103392,CUST11969,2025-03-09,Mumbai,Mumbai,Visakhapatnam,427.6,Beauty,5,9.02,Road,DTDC,1931.69,440.88,8.14,2025-03-12,2025-03-17,2025-03-17,Delivered,5.0,No,No
ORD101075,CUST12324,2025-01-19,Bengaluru,Bengaluru,Visakhapatnam,153.0,Automotive,1,8.05,Air,XpressBees,1587.86,170.66,9.83,2025-01-22,2025-01-25,2025-01-29,Delayed,4.0,No,No
ORD103871,CUST12620,2025-11-13,Bengaluru,Bengaluru,Visakhapatnam,222.8,Books,2,14.86,Air,DTDC,2327.71,213.9,9.71,2025-11-14,2025-11-17,2025-11-17,Delivered,5.0,No,No
ORD102330,CUST12372,2025-12-31,Chennai,Chennai,Pune,472.8,Beauty,1,3.64,Rail,Delhivery,1582.55,441.29,4.17,2026-01-01,2026-01-07,2026-01-14,Delayed,4.0,No,No
ORD102478,CUST11671,2025-03-17,Chennai,Chennai,Coimbatore,225.3,Sports,7,0.35,Road,Ecom Express,1026.34,145.38,3.46,2025-03-18,2025-03-23,2025-03-23,Delivered,4.0,No,No
ORD103243,CUST11310,2025-02-11,Mumbai,Mumbai,Kolkata,270.3,Clothing,2,7.09,Road,XpressBees,1342.77,210.24,10.21,2025-02-14,2025-02-19,2025-02-19,Delivered,4.0,No,No
ORD101238,CUST10882,2025-12-01,Hyderabad,Hyderabad,Kochi,72.6,Clothing,6,8.95,Rail,Delhivery,553.12,20.0,4.76,2025-12-03,2025-12-09,2025-12-09,Delivered,4.0,No,No
ORD101968,CUST10402,2025-07-25,Chennai,Chennai,Delhi,249.1,Books,4,3.68,Air,Ecom Express,2431.38,273.08,8.64,2025-07-27,2025-07-29,2025-07-29,Delivered,4.0,No,No
ORD103682,CUST10625,2025-12-02,Pune,Pune,Ahmedabad,703.6,Books,5,0.61,Express,Ecom Express,4993.89,682.99,10.86,2025-12-05,2025-12-09,2025-12-09,Delivered,5.0,No,No
ORD101963,CUST12163,2025-04-13,Delhi,Delhi,Bengaluru,431.7,Automotive,4,3.71,Air,XpressBees,4029.56,467.35,9.61,2025-04-16,2025-04-18,2025-04-18,Delivered,5.0,No,No
ORD100596,CUST10139,2025-10-06,Chennai,Chennai,Mumbai,1066.4,Automotive,7,2.85,Rail,Shadowfax,3589.16,1100.81,4.53,2025-10-08,2025-10-16,2025-10-16,Delivered,4.0,No,No
ORD102994,CUST11128,2025-08-31,Pune,Pune,Surat,456.7,Electronics,1,1.66,Rail,Delhivery,1558.23,347.42,8.34,2025-09-02,2025-09-09,2025-09-09,Delivered,5.0,Yes,No
ORD104564,CUST11289,2025-11-06,Mumbai,Mumbai,Vijayawada,556.8,Books,4,2.03,Road,DTDC,2407.53,537.06,13.46,2025-11-08,2025-11-14,2025-11-20,Delayed,3.0,No,No
ORD103469,CUST11285,2025-01-05,Hyderabad,Hyderabad,Jaipur,477.4,Sports,7,5.23,Road,Blue Dart,2025.82,390.21,6.86,2025-01-07,2025-01-13,2025-01-13,Delivered,,No,No
ORD103310,CUST11058,2025-08-20,Chennai,Chennai,Mumbai,287.7,Grocery,7,3.81,Road,Shadowfax,1417.23,330.53,7.25,2025-08-23,2025-08-29,2025-08-29,Delivered,3.0,No,No
ORD100385,CUST10590,2025-09-24,Mumbai,Mumbai,Coimbatore,656.6,Sports,5,0.4,Road,Shadowfax,2695.91,469.46,11.33,2025-09-25,2025-10-01,2025-10-03,Delayed,3.0,No,No
ORD101322,CUST11802,2025-08-11,Delhi,Delhi,Lucknow,822.0,Automotive,6,3.74,Road,Blue Dart,3563.45,779.71,9.44,2025-08-13,2025-08-20,2025-08-20,Delivered,4.0,No,No
ORD103545,CUST11671,2025-08-07,Chennai,Chennai,Indore,193.2,Electronics,2,4.24,Road,Shadowfax,,103.89,5.21,2025-08-09,2025-08-14,2025-08-14,Delivered,4.0,No,No
ORD100721,CUST11730,2025-08-22,Delhi,Delhi,Lucknow,467.9,Home & Kitchen,7,9.21,Road,Delhivery,2318.65,403.97,7.57,2025-08-25,2025-08-30,2025-09-02,Delayed,3.0,No,No
ORD104146,CUST12524,2025-12-30,Bengaluru,Bengaluru,Kochi,382.0,Electronics,7,1.89,Rail,Shadowfax,1333.09,254.47,2.0,2025-12-31,2026-01-05,2026-01-05,Delivered,4.0,No,No
ORD101233,CUST11202,2025-11-08,Bengaluru,Bengaluru,Indore,240.5,electronics,1,4.92,Express,DTDC,1754.77,264.59,7.15,2025-11-11,2025-11-14,2025-11-14,Delivered,,No,No
ORD103346,CUST12730,2025-10-03,Hyderabad,Hyderabad,Ahmedabad,133.7,Grocery,1,12.9,Road,Shadowfax,757.46,95.29,9.1,2025-10-04,2025-10-09,2025-10-09,Delivered,5.0,No,Yes
ORD100097,CUST11051,2025-10-06,Pune,Pune,Delhi,888.8,Automotive,4,3.4,Road,Blue Dart,3827.02,659.86,8.01,2025-10-08,2025-10-15,2025-10-15,Delivered,5.0,No,No
ORD101570,CUST12522,2025-09-19,Bengaluru,Bengaluru,Bhopal,579.4,Grocery,6,6.01,Road,Shadowfax,2684.09,625.07,9.14,2025-09-21,2025-09-25,2025-09-25,Delivered,5.0,No,No
ORD102220,CUST11264,2025-04-27,Hyderabad,Hyderabad,Kolkata,216.3,Beauty,1,1.21,Express,Ecom Express,1575.5,166.21,10.4,2025-04-29,2025-05-03,2025-05-06,Delayed,3.0,No,No
ORD102224,CUST10574,2025-09-02,Bengaluru,Bengaluru,Hyderabad,168.4,Electronics,5,6.2,Road,Blue Dart,905.93,114.67,8.75,2025-09-05,2025-09-09,2025-09-09,Delivered,4.0,No,No
ORD101490,CUST11668,2025-05-03,Pune,Pune,Jaipur,594.1,Grocery,1,5.19,Road,Shadowfax,2664.66,457.85,8.9,2025-05-05,2025-05-10,2025-05-15,Delayed,4.0,No,No
ORD104900,CUST11345,2025-03-27,Pune,Pune,Kolkata,177.7,Beauty,6,5.47,Air,Shadowfax,1678.94,37.08,11.49,2025-03-31,2025-04-03,2025-04-03,Delivered,5.0,No,No
ORD102095,CUST11296,2025-06-28,Delhi,Delhi,Indore,98.5,Automotive,7,5.61,Road,DTDC,621.59,,8.89,2025-06-29,2025-07-04,2025-07-04,Delivered,4.0,No,No
ORD100363,CUST12188,2025-03-08,Mumbai,Mumbai,Jaipur,669.4,Sports,5,6.35,Rail,Delhivery,2216.1,580.52,13.58,2025-03-11,2025-03-18,2025-03-20,Delayed,,No,No
ORD103212,CUST10676,2025-11-23,Bengaluru,Bengaluru,Surat,762.5,Books,4,8.21,Road,Ecom Express,3348.58,740.17,3.74,2025-11-24,2025-11-29,2025-11-29,Delivered,5.0,No,No
ORD100360,CUST10662,2025-06-20,Delhi,Delhi,Visakhapatnam,753.3,Electronics,5,3.57,Road,Delhivery,3353.17,772.34,12.52,2025-06-23,2025-06-30,2025-06-30,Delivered,5.0,No,No
ORD104768,CUST12027,2025-07-05,Mumbai,Mumbai,Pune,1269.0,Clothing,3,4.48,Air,XpressBees,11607.66,931.63,13.52,2025-07-09,2025-07-14,2025-07-15,Delayed,4.0,Yes,No
ORD102003,CUST10408,2025-04-30,Bengaluru,Bengaluru,Coimbatore,481.4,Clothing,2,0.51,Road,DTDC,2124.21,389.42,7.84,2025-05-02,2025-05-07,2025-05-09,Delayed,4.0,No,No
ORD100616,CUST11252,2025-05-26,Mumbai,Mumbai,Chennai,122.4,Clothing,7,12.56,Air,DTDC,1422.78,90.41,8.76,2025-05-29,2025-05-31,2025-05-31,Delivered,5.0,No,No
ORD102900,CUST12763,2025-02-25,Delhi,Delhi,Ahmedabad,728.0,Grocery,2,2.42,Rail,Blue Dart,,623.79,10.4,2025-02-28,2025-03-08,2025-03-08,Delivered,4.0,No,Yes
ORD100454,CUST10577,2025-06-20,Hyderabad,Hyderabad,Coimbatore,616.3,Clothing,3,6.43,Air,Shadowfax,5592.18,510.55,6.67,2025-06-22,2025-06-26,2025-06-26,Delivered,5.0,No,No
ORD103356,CUST10905,2025-12-04,Pune,Pune,Chennai,132.6,Grocery,5,4.05,Road,Shadowfax,760.75,92.03,7.97,2025-12-06,2025-12-10,2025-12-13,Delayed,2.0,No,No
ORD101504,CUST12265,2025-03-16,Mumbai,Mumbai,Jaipur,296.2,Clothing,2,1.82,Road,Shadowfax,1286.56,203.87,12.08,2025-03-19,2025-03-24,2025-03-24,Delivered,4.0,No,No
ORD103845,CUST12227,2025-04-21,Chennai,Chennai,Bhopal,221.7,Clothing,4,2.3,Rail,Delhivery,825.78,236.85,8.87,2025-04-24,2025-04-29,2025-05-01,Delayed,4.0,No,No
ORD102749,CUST11200,2025-07-24,Delhi,Delhi,Bengaluru,360.4,Clothing,3,7.02,Express,Shadowfax,2714.15,313.38,10.55,2025-07-27,2025-07-29,2025-07-29,Delivered,5.0,No,No
ORD101095,CUST11192,2025-11-24,Pune,Pune,Bengaluru,377.7,Clothing,4,8.65,Road,Delhivery,1727.53,354.69,5.86,2025-11-26,2025-11-30,2025-12-04,Delayed,4.0,Yes,No
ORD103330,CUST12614,2025-09-17,pune,Pune,Kochi,392.5,Grocery,1,4.72,Road,Blue Dart,1689.71,421.04,12.71,2025-09-20,2025-09-26,2025-09-26,Delivered,5.0,No,No
ORD100898,CUST12116,2025-03-02,Pune,Pune,Surat,543.0,Sports,7,14.4,Road,Blue Dart,2563.07,348.99,11.16,2025-03-05,2025-03-10,2025-03-10,Delivered,4.0,No,No
ORD104977,CUST10882,2025-04-21,Pune,Pune,Kochi,989.4,Books,1,1.53,Rail,Shadowfax,3276.34,977.43,9.59,2025-04-24,2025-05-01,2025-05-03,Delayed,3.0,No,No
ORD103046,CUST12658,2025-06-13,Hyderabad,Hyderabad,Visakhapatnam,786.3,Clothing,3,10.28,Rail,Ecom Express,2616.71,528.75,8.74,2025-06-15,2025-06-21,2025-06-21,Delivered,5.0,No,No
ORD100431,CUST11753,2025-04-18,Pune,Pune,Jaipur,168.9,Grocery,4,4.28,Road,Delhivery,874.49,213.31,9.65,2025-04-21,2025-04-26,2025-04-26,Delivered,5.0,No,No
ORD104414,CUST10878,2025-12-26,Bengaluru,Bengaluru,Bhopal,185.9,Books,2,5.8,Road,Delhivery,933.19,242.08,11.7,2025-12-29,2026-01-03,2026-01-09,Delayed,4.0,No,No
ORD102361,CUST10842,2025-04-11,Pune,Pune,Ahmedabad,188.7,Books,3,1.12,Road,Shadowfax,737.46,163.73,6.89,2025-04-14,2025-04-19,2025-04-19,Delivered,5.0,No,No
ORD104539,CUST10907,2025-08-09,Pune,Pune,Mumbai,338.5,electronics,5,2.87,Road,Blue Dart,1562.75,270.17,9.27,2025-08-12,2025-08-18,2025-08-18,Delivered,4.0,No,No
ORD101717,CUST10267,2025-07-01,Mumbai,Mumbai,Jaipur,674.3,Beauty,1,7.81,Air,Shadowfax,6221.58,485.09,10.79,2025-07-04,2025-07-07,2025-07-09,Delayed,4.0,No,No
ORD100978,CUST10241,2025-01-22,Pune,Pune,Bhopal,655.6,Clothing,4,3.19,Express,XpressBees,4591.74,599.38,9.86,2025-01-24,2025-01-28,2025-01-28,Delivered,3.0,No,No
ORD100665,CUST10401,2025-11-20,Hyderabad,Hyderabad,Mumbai,170.5,Books,1,11.02,Road,Blue Dart,777.82,201.17,8.58,2025-11-21,2025-11-26,2025-11-26,Delivered,4.0,No,No
ORD101040,CUST11656,2025-07-04,Bengaluru,Bengaluru,Bhopal,205.3,Automotive,7,1.81,Road,Shadowfax,1124.09,242.9,7.8,2025-07-07,2025-07-11,2025-07-13,Delayed,4.0,No,No
ORD102013,CUST11733,2025-03-22,Bengaluru,Bengaluru,Chennai,630.8,Grocery,4,2.25,Express,Ecom Express,4556.66,509.76,7.56,2025-03-24,2025-03-28,2025-04-02,Delayed,4.0,No,No
ORD100168,CUST10455,2025-04-18,Mumbai,Mumbai,Surat,294.4,Automotive,7,1.64,Air,XpressBees,2670.67,332.55,12.41,2025-04-21,2025-04-23,2025-04-25,Delayed,3.0,No,No
ORD100620,CUST12154,2025-11-26,Hyderabad,Hyderabad,Kochi,96.9,Electronics,7,3.15,Rail,DTDC,518.31,74.57,6.24,2025-11-28,2025-12-03,2025-12-03,Delivered,4.0,No,No
ORD101255,CUST10392,2025-06-23,Delhi,Delhi,Nagpur,173.2,Automotive,2,6.03,Road,Shadowfax,871.02,203.23,8.77,2025-06-26,2025-07-01,2025-07-01,Delivered,5.0,No,No
ORD104672,CUST12274,2025-09-03,Bengaluru,Bengaluru,Ahmedabad,115.7,Books,4,4.36,Road,DTDC,689.16,69.5,6.11,2025-09-05,2025-09-10,2025-09-10,Delivered,5.0,No,No
ORD100684,CUST10051,2025-02-12,Bengaluru,Bengaluru,Chennai,235.3,Home & Kitchen,1,2.51,Road,XpressBees,1141.89,176.68,10.66,2025-02-14,2025-02-18,2025-02-18,Delivered,4.0,No,No
ORD104089,CUST10734,2025-09-27,Hyderabad,Hyderabad,Bhopal,376.8,Books,6,1.03,Road,XpressBees,1695.17,430.56,2.0,2025-09-28,2025-10-03,2025-10-05,Delayed,5.0,No,No
ORD103910,CUST10463,2025-09-24,Delhi,Delhi,Bengaluru,254.3,Sports,7,7.6,Road,Shadowfax,1241.12,252.41,10.69,2025-09-26,2025-09-30,2025-10-01,Delayed,4.0,No,No
ORD100462,CUST10253,2025-10-25,Hyderabad,Hyderabad,Lucknow,224.0,Books,2,1.88,Express,XpressBees,1625.53,150.44,9.28,2025-10-28,2025-10-31,2025-10-31,Delivered,4.0,No,No
ORD101185,CUST11113,2025-08-25,Hyderabad,Hyderabad,Indore,544.6,Sports,6,5.0,Road,Shadowfax,2547.73,429.68,8.4,2025-08-28,2025-09-02,2025-09-02,Delivered,4.0,No,No
ORD104056,CUST11518,2025-04-04,Chennai,Chennai,Delhi,103.6,Home & Kitchen,2,1.68,Rail,Delhivery,390.24,86.36,7.61,2025-04-06,2025-04-12,2025-04-12,Delivered,4.0,No,No
ORD101045,CUST11828,2025-01-15,Pune,Pune,Bhopal,262.1,Automotive,1,6.4,Road,Shadowfax,1343.68,202.4,12.0,2025-01-19,2025-01-24,2025-01-24,Delivered,4.0,No,No
ORD103445,CUST12053,2025-04-03,Mumbai,Mumbai,Delhi,156.7,Beauty,6,7.57,Express,Shadowfax,1380.86,131.14,9.17,2025-04-04,2025-04-07,2025-04-07,Delivered,4.0,No,No
ORD100951,CUST12124,2025-11-24,Pune,Pune,Bhopal,330.4,Automotive,3,0.61,Road,DTDC,1475.86,246.34,9.26,2025-11-27,2025-12-02,2025-12-06,Delayed,3.0,No,No
ORD101858,CUST11907,2025-02-21,Pune,Pune,Surat,234.7,Automotive,5,2.17,Air,DTDC,2252.85,236.45,13.28,2025-02-25,2025-02-26,2025-02-26,Delivered,4.0,No,No
ORD102661,CUST10353,2025-12-09,Bengaluru,Bengaluru,Surat,505.9,Clothing,2,4.6,Air,Delhivery,4519.63,387.45,7.54,2025-12-12,2025-12-15,2025-12-15,Delivered,4.0,No,No
ORD101991,CUST11907,2025-03-02,Pune,Pune,Visakhapatnam,327.8,Sports,3,10.01,Express,Ecom Express,2462.93,293.64,8.31,2025-03-04,2025-03-07,2025-03-07,Delivered,5.0,No,No
ORD104527,CUST10776,2025-09-12,Hyderabad,Hyderabad,Kolkata,252.1,Sports,1,7.34,Air,Delhivery,2377.81,187.28,4.69,2025-09-14,2025-09-16,2025-09-16,Delivered,5.0,No,No
ORD101436,CUST10785,2025-04-25,Mumbai,Mumbai,Kolkata,131.4,Books,2,10.76,Express,Shadowfax,1147.21,104.19,11.08,2025-04-28,2025-05-01,2025-05-01,Delivered,5.0,No,No
ORD101849,CUST12756,2025-06-07,Bengaluru,Bengaluru,Hyderabad,63.8,Beauty,1,8.26,Road,Ecom Express,402.67,118.52,9.8,2025-06-10,2025-06-15,2025-06-15,Delivered,,No,No
ORD104274,CUST10557,2025-07-16,Pune,Pune,Jaipur,668.7,Books,4,11.94,Air,Delhivery,6280.29,606.33,12.67,2025-07-17,2025-07-21,2025-07-21,Delivered,5.0,No,No
ORD102373,CUST10740,2025-12-17,Pune,Pune,Kochi,303.0,Clothing,6,4.24,Express,DTDC,2309.56,326.97,9.63,2025-12-20,2025-12-23,2025-12-27,Delayed,4.0,No,No
ORD104808,CUST11721,2025-03-20,Delhi,Delhi,Surat,210.3,Beauty,5,6.36,Air,DTDC,2000.5,128.45,8.71,2025-03-21,2025-03-23,2025-03-23,Delivered,5.0,No,No
ORD102643,CUST12393,2025-12-31,Hyderabad,Hyderabad,Vijayawada,458.5,Grocery,2,4.31,Rail,Blue Dart,1613.53,427.48,10.32,2026-01-03,2026-01-10,2026-01-10,Delivered,4.0,Yes,No
ORD102526,CUST10267,2025-11-27,Pune,Pune,Coimbatore,294.6,Books,5,4.18,Road,Blue Dart,1344.82,345.38,7.58,2025-11-30,2025-12-05,2025-12-05,Delivered,5.0,No,No
ORD104627,CUST12265,2025-08-25,Chennai,Chennai,Coimbatore,129.9,Home & Kitchen,3,14.93,Rail,XpressBees,715.3,83.6,5.18,2025-08-27,2025-09-02,2025-09-02,Delivered,4.0,No,No
ORD102943,CUST12049,2025-12-04,Delhi,Delhi,Indore,355.3,Automotive,4,4.35,Express,Ecom Express,2556.3,236.51,11.28,2025-12-06,2025-12-07,2025-12-07,Delivered,4.0,No,No
ORD102333,CUST12490,2025-05-28,Hyderabad,Hyderabad,Vijayawada,1080.9,Sports,4,3.9,Road,DTDC,4514.16,929.3,6.65,2025-05-30,2025-06-06,2025-06-06,Delivered,5.0,No,No
ORD104020,CUST10193,2025-11-08,Mumbai,Mumbai,Kolkata,349.6,Books,1,9.21,Road,Blue Dart,1474.69,282.69,10.62,2025-11-10,2025-11-15,2025-11-15,Delivered,4.0,No,No
ORD104853,CUST12026,2025-10-31,Pune,Pune,Chennai,692.7,Sports,5,8.28,Express,Blue Dart,5111.81,639.87,7.2,2025-11-02,2025-11-06,2025-11-06,Delivered,5.0,No,No
ORD100566,CUST10591,2025-07-18,Bengaluru,Bengaluru,Indore,164.7,Books,1,11.92,Air,Blue Dart,1649.38,180.15,8.11,2025-07-20,2025-07-22,2025-07-23,Delayed,3.0,No,Yes
ORD102702,CUST11967,2025-09-14,Delhi,Delhi,Visakhapatnam,606.0,Home & Kitchen,4,5.56,Air,DTDC,5567.37,590.52,10.64,2025-09-16,2025-09-20,2025-09-20,Delivered,5.0,No,No
ORD102754,CUST12024,2025-12-17,Hyderabad,Hyderabad,Lucknow,145.1,Home & Kitchen,2,3.25,Rail,XpressBees,476.14,159.83,6.86,2025-12-19,2025-12-25,2025-12-25,Delivered,4.0,No,No
ORD102164,CUST12694,2025-01-31,Bengaluru,Bengaluru,Indore,658.6,Home & Kitchen,2,3.27,Road,XpressBees,2843.87,584.61,9.1,2025-02-02,2025-02-09,2025-02-09,Delivered,5.0,No,No
ORD103970,CUST12653,2025-03-14,Chennai,Chennai,Hyderabad,429.0,Books,5,2.26,Rail,Blue Dart,1367.98,493.81,7.18,2025-03-16,2025-03-21,2025-03-23,Delayed,3.0,No,No
ORD103354,CUST12688,2025-03-08,Hyderabad,Hyderabad,Delhi,768.7,Grocery,4,9.21,Road,XpressBees,3432.02,677.22,5.42,2025-03-10,2025-03-17,2025-03-17,Delivered,5.0,No,No
ORD104197,CUST10254,2025-06-14,Bengaluru,Bengaluru,Chennai,355.5,Home & Kitchen,2,9.08,Road,Delhivery,1630.25,249.46,7.16,2025-06-17,2025-06-21,2025-06-21,Delivered,4.0,No,No
ORD103319,CUST11561,2025-06-20,Mumbai,Mumbai,Hyderabad,184.1,Clothing,4,5.75,Air,DTDC,1841.99,194.96,12.07,2025-06-22,2025-06-24,2025-06-24,Delivered,4.0,No,No
ORD104053,CUST12037,2025-12-26,Pune,Pune,Visakhapatnam,535.8,Home & Kitchen,4,0.45,Road,Shadowfax,2410.41,433.84,7.09,2025-12-28,2026-01-03,2026-01-03,Delivered,4.0,No,No
ORD101618,CUST12708,2025-04-13,Bengaluru,Bengaluru,Chennai,420.5,Books,2,5.0,Road,DTDC,1873.17,347.27,7.86,2025-04-16,2025-04-22,2025-04-24,Delayed,4.0,No,No
ORD102464,CUST10731,2025-10-10,Chennai,Chennai,Pune,63.7,Books,3,5.74,Road,Blue Dart,478.16,74.94,7.16,2025-10-12,2025-10-16,2025-10-16,Delivered,4.0,No,Yes
ORD101831,CUST12690,2025-06-26,Delhi,Delhi,Nagpur,375.2,Grocery,6,12.68,Road,Delhivery,1586.79,335.97,10.36,2025-06-27,2025-07-02,2025-07-02,Delivered,4.0,No,No
ORD103311,CUST11770,2025-11-09,Delhi,Delhi,Kolkata,579.9,Beauty,1,5.63,Road,Delhivery,2568.07,492.37,6.7,2025-11-12,2025-11-18,2025-11-18,Delivered,4.0,No,No
ORD102974,CUST10539,2025-06-18,Bengaluru,Bengaluru,Indore,237.6,Electronics,4,19.45,Express,Ecom Express,2127.74,144.08,6.99,2025-06-20,2025-06-23,2025-06-23,Delivered,5.0,No,No
ORD104592,CUST11804,2025-07-21,Bengaluru,Bengaluru,Coimbatore,135.7,Books,1,5.4,Road,Ecom Express,633.23,151.99,9.71,2025-07-23,2025-07-28,2025-08-01,Delayed,3.0,Yes,No
ORD104560,CUST12451,2025-06-03,Hyderabad,Hyderabad,Ahmedabad,66.9,Grocery,7,11.48,Express,XpressBees,680.69,49.43,4.76,2025-06-06,2025-06-10,2025-06-10,Delivered,4.0,No,No
ORD101404,CUST10941,2025-09-13,Mumbai,Mumbai,Kochi,906.4,Clothing,6,1.29,Express,Shadowfax,6322.34,889.79,12.64,2025-09-16,2025-09-21,2025-09-21,Delivered,5.0,No,No
ORD103166,CUST11120,2025-03-11,Hyderabad,Hyderabad,Bengaluru,394.3,Books,1,2.25,Road,Delhivery,1611.6,399.47,4.57,2025-03-13,2025-03-18,2025-03-18,Delivered,4.0,No,No
ORD103651,CUST12734,2025-06-17,Bengaluru,Bengaluru,Kochi,178.6,Clothing,3,8.31,Express,XpressBees,1425.59,131.69,5.91,2025-06-19,2025-06-21,2025-06-21,Delivered,5.0,No,No
ORD100890,CUST10489,2025-03-25,Bengaluru,Bengaluru,Surat,754.1,Clothing,3,5.28,Road,Blue Dart,3190.89,569.75,9.73,2025-03-27,2025-04-02,2025-04-02,Delivered,5.0,No,No
ORD102380,CUST10142,2025-11-08,Delhi,Delhi,Pune,847.0,Home & Kitchen,6,4.55,road,Delhivery,3730.35,736.76,7.49,2025-11-10,2025-11-18,2025-11-21,Delayed,3.0,Yes,No
ORD102523,CUST12745,2025-12-06,Delhi,Delhi,Pune,708.5,Automotive,2,2.22,Air,Blue Dart,6503.77,636.26,10.74,2025-12-08,2025-12-11,2025-12-11,Delivered,4.0,No,No
ORD100410,CUST11855,2025-05-28,Hyderabad,Hyderabad,Indore,83.8,Beauty,4,12.04,Road,XpressBees,540.16,129.13,8.59,2025-06-01,2025-06-06,2025-06-06,Delivered,4.0,No,No
ORD101015,CUST10970,2025-02-18,Hyderabad,Hyderabad,Pune,984.0,Electronics,5,8.76,Road,DTDC,4211.95,912.3,4.34,2025-02-19,2025-02-26,2025-02-26,Delivered,4.0,No,No
ORD100760,CUST10324,2025-11-09,Hyderabad,Hyderabad,Surat,718.4,Grocery,3,6.56,Air,Blue Dart,6636.33,699.22,4.7,2025-11-11,2025-11-16,2025-11-16,Delivered,4.0,No,No
ORD100012,CUST11049,2025-04-18,Pune,Pune,Ahmedabad,558.6,Electronics,4,12.78,Road,DTDC,2557.65,348.96,8.7,2025-04-20,2025-04-26,2025-04-27,Delayed,3.0,No,No
ORD104340,CUST10368,2025-05-26,Bengaluru,Bengaluru,Chennai,436.6,Home & Kitchen,1,10.88,Rail,Ecom Express,1747.54,429.22,8.4,2025-05-29,2025-06-06,2025-06-06,Delivered,4.0,No,No
ORD101957,CUST11307,2025-11-24,Mumbai,Mumbai,Pune,342.8,Electronics,4,10.69,Road,Delhivery,1625.88,402.05,8.66,2025-11-26,2025-12-02,2025-12-02,Delivered,4.0,No,No
ORD100715,CUST11167,2025-05-12,Hyderabad,Hyderabad,Bhopal,410.7,Grocery,6,2.17,Road,DTDC,1736.29,401.12,7.93,2025-05-14,2025-05-20,2025-05-20,Delivered,4.0,No,No
ORD101457,CUST11349,2025-12-07,Chennai,Chennai,Indore,228.6,Books,4,1.14,Rail,Blue Dart,902.85,195.43,8.28,2025-12-10,2025-12-16,2025-12-16,Delivered,4.0,No,No
ORD102414,CUST11860,2025-02-21,Hyderabad,Hyderabad,Surat,553.6,Sports,7,2.44,Road,XpressBees,2373.17,445.59,4.85,2025-02-24,2025-03-03,2025-03-05,Delayed,4.0,No,No
ORD100224,CUST11825,2025-08-23,Chennai,Chennai,Coimbatore,170.3,Grocery,6,1.87,Rail,Ecom Express,668.54,148.99,10.44,2025-08-25,2025-08-31,2025-08-31,Delivered,5.0,No,No
ORD104897,CUST11236,2025-06-08,Chennai,Chennai,Indore,954.4,Grocery,3,0.43,Road,DTDC,4049.06,905.36,5.33,2025-06-09,2025-06-16,2025-06-16,Delivered,4.0,No,No
ORD104833,CUST11071,2025-08-12,Pune,Pune,Kochi,914.5,Books,7,17.23,Express,DTDC,6868.74,802.47,7.06,2025-08-13,2025-08-18,2025-08-23,Delayed,3.0,No,No
ORD103099,CUST10186,2025-04-18,Delhi,Delhi,Kochi,234.9,Electronics,2,8.35,Road,Delhivery,1187.41,210.4,9.2,2025-04-21,2025-04-27,2025-04-27,Delivered,5.0,No,No
ORD103918,CUST10627,2025-07-18,Hyderabad,Hyderabad,Nagpur,561.4,Automotive,6,7.09,Air,Shadowfax,5199.4,620.44,6.64,2025-07-19,2025-07-21,2025-07-21,Delivered,4.0,No,No
ORD101159,CUST12521,2025-04-21,Pune,Pune,Nagpur,676.0,Clothing,3,3.29,Air,Delhivery,6293.96,527.52,10.5,2025-04-24,2025-04-26,2025-04-26,Delivered,4.0,No,No
ORD100904,CUST12240,2025-01-21,Mumbai,Mumbai,Jaipur,557.0,Grocery,3,5.64,Road,Delhivery,2573.59,594.11,10.7,2025-01-23,2025-01-29,2025-01-29,Delivered,4.0,No,No
ORD103623,CUST12534,2025-01-12,Mumbai,Mumbai,Chennai,587.3,Home & Kitchen,2,3.1,Road,XpressBees,2389.85,652.61,11.2,2025-01-15,2025-01-22,2025-01-22,Delivered,5.0,No,No
ORD101170,CUST10458,2025-10-12,Hyderabad,Hyderabad,Visakhapatnam,448.1,Grocery,7,0.2,Road,DTDC,1919.86,439.81,6.12,2025-10-14,2025-10-20,2025-10-20,Delivered,4.0,No,No
ORD101698,CUST11693,2025-03-28,Delhi,Delhi,Hyderabad,346.5,Sports,5,3.57,Road,XpressBees,1592.85,347.95,6.59,2025-03-30,2025-04-05,2025-04-08,Delayed,3.0,No,No
ORD104550,CUST12643,2025-07-25,Delhi,Delhi,Kochi,332.7,Books,1,3.62,Rail,DTDC,1150.72,294.04,11.95,2025-07-28,2025-08-03,2025-08-05,Delayed,3.0,Yes,No
ORD103357,CUST10967,2025-12-13,Bengaluru,Bengaluru,Hyderabad,337.5,Grocery,2,4.76,Road,Blue Dart,1394.55,324.75,9.38,2025-12-15,2025-12-19,2025-12-19,Delivered,5.0,No,Yes
ORD104958,CUST10082,2025-06-17,Bengaluru,Bengaluru,Indore,238.8,Grocery,3,18.03,Rail,XpressBees,949.04,146.97,6.99,2025-06-20,2025-06-26,2025-06-27,Delayed,3.0,No,No
ORD102190,CUST11513,2025-09-16,Hyderabad,Hyderabad,Kochi,229.4,Books,7,1.17,Road,XpressBees,1148.28,177.85,5.72,2025-09-18,2025-09-23,2025-09-28,Delayed,3.0,Yes,No
ORD104738,CUST11715,2025-02-18,Chennai,Chennai,Pune,1467.3,Books,4,3.59,Road,XpressBees,6243.05,1447.91,3.69,2025-02-20,2025-02-27,2025-02-27,Delivered,4.0,No,No
ORD103300,CUST12120,2025-11-03,Pune,Pune,Delhi,231.9,Grocery,6,5.37,Rail,Delhivery,1049.43,198.06,13.58,2025-11-06,2025-11-12,2025-11-12,Delivered,4.0,No,No
ORD104405,CUST10340,2025-01-02,Hyderabad,Hyderabad,Visakhapatnam,299.6,Sports,7,3.0,Road,XpressBees,1327.09,305.82,5.75,2025-01-05,2025-01-10,2025-01-12,Delayed,4.0,No,No
ORD100432,CUST10553,2025-06-17,Chennai,Chennai,Bhopal,504.0,Automotive,5,4.32,Road,XpressBees,2133.14,355.28,6.35,2025-06-19,2025-06-26,2025-06-26,Delivered,5.0,No,No
ORD101231,CUST12144,2025-10-22,Bengaluru,Bengaluru,Jaipur,139.4,Books,4,4.35,Road,Delhivery,734.21,101.15,7.22,2025-10-23,2025-10-27,2025-10-27,Delivered,5.0,No,No
ORD104588,CUST11442,2025-10-09,Chennai,Chennai,Kolkata,699.2,Electronics,5,4.3,Road,DTDC,3015.31,653.07,7.67,2025-10-12,2025-10-18,2025-10-20,Delayed,4.0,No,No
ORD102207,CUST11571,2025-09-04,Hyderabad,Hyderabad,Surat,419.9,Sports,5,1.46,Road,XpressBees,1693.31,454.03,9.95,2025-09-06,2025-09-12,2025-09-12,Delivered,4.0,No,No
ORD102129,CUST10605,2025-07-10,Delhi,Delhi,Ahmedabad,83.6,Grocery,6,3.91,Road,XpressBees,591.71,93.47,9.73,2025-07-12,2025-07-17,2025-07-17,Delivered,4.0,No,No
ORD100999,CUST12585,2025-10-17,Mumbai,Mumbai,Indore,258.9,Electronics,4,1.15,Road,Delhivery,1139.21,192.25,9.96,2025-10-20,2025-10-25,2025-10-26,Delayed,4.0,No,Yes
ORD104819,CUST10936,2025-06-01,Chennai,Chennai,Bhopal,244.6,Grocery,4,1.36,Road,Shadowfax,1111.65,189.8,2.76,2025-06-03,2025-06-08,2025-06-14,Delayed,3.0,No,No
ORD101224,CUST10324,2025-05-31,Bengaluru,Bengaluru,Coimbatore,270.2,Automotive,3,10.31,Air,Shadowfax,2650.69,272.27,10.69,2025-06-02,2025-06-04,2025-06-05,Delayed,4.0,No,No
ORD100625,CUST11877,2025-10-18,Bengaluru,Bengaluru,Hyderabad,518.0,Beauty,5,4.29,Road,Blue Dart,2311.52,616.64,11.57,2025-10-21,2025-10-27,2025-10-29,Delayed,3.0,No,No
ORD103147,CUST10465,2025-10-27,Bengaluru,Bengaluru,,296.6,Books,3,6.47,Rail,Delhivery,1037.81,295.9,10.32,2025-10-29,2025-11-03,2025-11-05,Delayed,,No,No
ORD103649,CUST11742,2025-08-15,Chennai,Chennai,Hyderabad,190.0,Automotive,2,7.0,Road,Ecom Express,929.2,147.03,7.51,2025-08-17,2025-08-21,2025-08-21,Delivered,4.0,No,No
ORD100261,CUST12417,2025-01-06,Mumbai,Mumbai,Nagpur,146.2,Electronics,6,7.76,Road,XpressBees,755.91,184.74,10.03,2025-01-08,2025-01-14,2025-01-17,Delayed,2.0,No,No
ORD101237,CUST12402,2025-06-14,Chennai,Chennai,Jaipur,83.9,Home & Kitchen,1,1.54,Rail,Shadowfax,407.47,73.49,7.2,2025-06-16,2025-06-23,2025-06-23,Delivered,5.0,No,No
ORD104523,CUST10997,2025-02-22,Hyderabad,Hyderabad,Coimbatore,349.1,Electronics,5,4.79,Express,XpressBees,2577.7,270.71,9.51,2025-02-25,2025-02-28,2025-03-03,Delayed,4.0,No,No
ORD101966,CUST12362,2025-12-04,Hyderabad,Hyderabad,Kochi,87.7,Grocery,2,11.98,Road,Delhivery,627.29,60.32,6.49,2025-12-06,2025-12-10,2025-12-17,Delayed,3.0,No,No
ORD103309,CUST11365,2025-02-01,Chennai,Chennai,Vijayawada,312.4,Automotive,6,8.33,Express,Blue Dart,2394.07,352.63,8.85,2025-02-03,2025-02-07,2025-02-09,Delayed,3.0,No,No
ORD103880,CUST11027,2025-04-01,Delhi,Delhi,Surat,416.1,Home & Kitchen,6,14.15,Air,Delhivery,3977.02,453.98,10.15,2025-04-04,2025-04-07,2025-04-07,Delivered,4.0,No,No
ORD100870,CUST12589,2025-04-29,Delhi,Delhi,Visakhapatnam,383.2,Home & Kitchen,3,10.81,Rail,DTDC,1439.31,400.75,8.09,2025-05-02,2025-05-08,2025-05-08,Delivered,5.0,No,No
ORD103017,CUST12549,2025-04-24,Hyderabad,Hyderabad,Mumbai,174.3,Books,3,4.69,Express,Blue Dart,1345.99,173.72,2.39,2025-04-26,2025-04-30,2025-04-30,Delivered,5.0,No,No
ORD104857,CUST11784,2025-12-15,Pune,Pune,Jaipur,986.2,Sports,3,17.85,Rail,Shadowfax,3444.15,943.94,9.66,2025-12-17,2025-12-26,2025-12-27,Delayed,3.0,No,No
ORD101333,CUST12552,2025-06-04,Bengaluru,Bengaluru,Kochi,368.8,Automotive,7,2.74,Road,DTDC,1695.55,422.42,10.53,2025-06-07,2025-06-12,2025-06-12,Delivered,5.0,No,No
ORD101113,CUST12252,2025-01-15,Hyderabad,Hyderabad,Jaipur,264.5,Clothing,1,1.19,Road,Delhivery,1087.86,305.45,8.67,2025-01-17,2025-01-22,2025-01-22,Delivered,4.0,No,No
ORD101657,CUST11481,2025-02-23,Mumbai,Mumbai,Chennai,131.7,Sports,3,8.19,Road,Delhivery,582.01,125.3,8.75,2025-02-24,2025-03-01,2025-03-01,Delivered,5.0,No,No
ORD100253,CUST11046,2025-04-26,Pune,Pune,Visakhapatnam,190.9,Beauty,2,7.75,Rail,Blue Dart,756.98,146.78,8.62,2025-04-28,2025-05-06,2025-05-06,Delivered,4.0,No,No
ORD104484,CUST11648,2025-11-05,Delhi,Delhi,Coimbatore,511.9,Grocery,4,4.01,Air,Ecom Express,,326.64,8.19,2025-11-07,2025-11-10,2025-11-10,Delivered,4.0,No,No
ORD102122,CUST10480,2025-11-01,Delhi,Delhi,Bhopal,533.9,Sports,7,6.69,Air,Ecom Express,5026.64,584.91,3.8,2025-11-03,2025-11-06,2025-11-06,Delivered,5.0,No,No
ORD100736,CUST12490,2025-12-18,Bengaluru,Bengaluru,Bhopal,654.9,Beauty,4,2.59,Road,DTDC,2731.9,718.22,4.29,2025-12-19,2025-12-24,2025-12-24,Delivered,4.0,No,No
ORD102777,CUST11749,2025-08-23,Mumbai,Mumbai,Kochi,963.5,Automotive,5,1.67,Road,Shadowfax,4158.1,657.34,10.18,2025-08-25,2025-09-02,2025-09-08,Delayed,4.0,No,No
ORD102139,CUST11873,2025-01-12,Mumbai,Mumbai,Jaipur,68.8,Beauty,4,3.08,Road,Delhivery,364.1,90.29,12.25,2025-01-15,2025-01-21,2025-01-21,Delivered,5.0,No,No
ORD102135,CUST10470,2025-01-31,Delhi,Delhi,Bhopal,876.9,Automotive,1,11.2,Road,Shadowfax,3835.02,596.32,5.92,2025-02-02,2025-02-09,2025-02-09,Delivered,5.0,No,No
ORD101587,CUST10445,2025-05-15,Hyderabad,Hyderabad,Pune,305.5,Beauty,7,3.76,Rail,Ecom Express,1138.52,313.49,11.28,2025-05-18,2025-05-24,2025-05-24,Delivered,5.0,No,No
ORD100990,CUST11149,2025-12-26,Pune,Pune,Bhopal,117.2,Electronics,6,6.29,Rail,XpressBees,525.32,167.86,11.14,2025-12-28,2026-01-03,2026-01-03,Delivered,4.0,No,No
ORD104725,CUST11854,2025-12-17,Hyderabad,Hyderabad,Coimbatore,140.4,Electronics,4,1.78,Air,Delhivery,1494.64,90.86,9.1,2025-12-19,2025-12-21,2025-12-21,Delivered,5.0,No,No
ORD102880,CUST12235,2025-06-01,Pune,Pune,Indore,194.2,Books,4,3.03,Rail,Shadowfax,688.49,148.31,10.32,2025-06-03,2025-06-08,2025-06-08,Delivered,4.0,No,No
ORD104640,CUST12327,2025-08-17,Pune,Pune,Coimbatore,1239.7,Sports,4,12.08,Rail,Ecom Express,4132.38,997.57,10.19,2025-08-20,2025-08-29,2025-08-30,Delayed,4.0,No,No
ORD104610,CUST10235,2025-07-14,Bengaluru,Bengaluru,Surat,709.4,Automotive,6,1.17,Rail,Delhivery,2372.16,651.01,7.55,2025-07-16,2025-07-23,2025-07-23,Delivered,4.0,No,No
ORD102729,CUST12022,2025-12-26,Chennai,Chennai,Coimbatore,228.6,Home & Kitchen,5,2.12,Road,Blue Dart,1083.55,227.81,5.98,2025-12-28,2026-01-01,2026-01-01,Delivered,4.0,No,No
ORD104114,CUST10307,2025-07-04,Bengaluru,Bengaluru,Delhi,295.0,Electronics,7,11.26,Road,Delhivery,1467.54,332.59,6.34,2025-07-06,2025-07-11,2025-07-14,Delayed,,No,No
ORD104375,CUST12569,2025-11-04,Bengaluru,Bengaluru,Coimbatore,275.5,Grocery,6,7.0,Express,DTDC,2269.97,367.38,8.74,2025-11-06,2025-11-11,2025-11-11,Delivered,5.0,No,No
ORD100560,CUST10363,2025-08-11,Mumbai,Mumbai,Surat,392.3,Beauty,2,5.21,Road,XpressBees,1810.09,410.08,9.86,2025-08-13,2025-08-19,2025-08-19,Delivered,4.0,No,No
ORD101323,CUST10004,2025-07-14,Delhi,Delhi,Coimbatore,196.2,Grocery,4,5.97,Air,Ecom Express,1828.88,127.51,10.24,2025-07-15,2025-07-18,2025-07-20,Delayed,4.0,No,No
ORD100475,CUST10120,2025-03-07,bengaluru,Bengaluru,Coimbatore,1127.5,Sports,4,2.86,Express,Ecom Express,8034.6,1161.81,4.76,2025-03-08,2025-03-14,2025-03-14,Delivered,5.0,No,Yes
ORD100692,CUST10966,2025-04-05,Pune,Pune,Coimbatore,281.3,Beauty,1,4.59,Air,Shadowfax,2677.09,215.57,9.3,2025-04-07,2025-04-10,2025-04-10,Delivered,5.0,No,No
ORD100837,CUST11647,2025-04-22,Chennai,Chennai,Pune,477.8,Home & Kitchen,6,3.27,Express,Blue Dart,3525.09,516.1,7.77,2025-04-25,2025-04-29,2025-05-06,Delayed,4.0,No,No
ORD100940,CUST10079,2025-03-24,Bengaluru,Bengaluru,Kolkata,639.6,Books,3,0.2,Road,Delhivery,2819.7,637.77,8.55,2025-03-26,2025-04-01,2025-04-01,Delivered,4.0,No,No
ORD104254,CUST12587,2025-09-18,Chennai,Chennai,Mumbai,721.0,Grocery,4,4.14,Air,DTDC,6473.99,507.85,8.22,2025-09-20,2025-09-24,2025-09-24,Delivered,5.0,No,No
ORD101621,CUST11431,2025-08-11,Hyderabad,Hyderabad,Kochi,300.7,Automotive,1,1.63,Road,Blue Dart,1277.28,248.64,6.15,2025-08-13,2025-08-18,2025-08-21,Delayed,5.0,No,No
ORD103223,CUST10410,2025-12-18,Chennai,Chennai,Kolkata,336.0,Automotive,3,5.41,Rail,DTDC,1121.22,370.58,9.47,2025-12-20,2025-12-27,2025-12-27,Delivered,4.0,No,No
ORD104164,CUST10415,2025-05-11,Mumbai,Mumbai,Visakhapatnam,563.1,Automotive,3,5.58,Road,Shadowfax,2608.94,430.92,14.19,2025-05-15,2025-05-20,2025-05-20,Delivered,5.0,No,No
ORD102559,CUST11484,2025-01-25,Hyderabad,Hyderabad,Pune,147.7,Grocery,3,5.78,Road,DTDC,766.12,64.86,7.03,2025-01-28,2025-02-01,2025-02-01,Delivered,5.0,No,No
ORD102697,CUST11915,2025-05-25,Hyderabad,Hyderabad,Chennai,84.2,Beauty,7,10.96,Road,XpressBees,563.77,78.81,5.67,2025-05-27,2025-06-01,2025-06-01,Delivered,5.0,No,No
ORD100967,CUST10505,2025-05-01,Pune,Pune,Delhi,314.1,Beauty,6,10.0,Express,Ecom Express,2470.13,256.59,7.66,2025-05-03,2025-05-07,2025-05-07,Delivered,5.0,No,No
ORD103268,CUST12171,2025-03-16,Bengaluru,Bengaluru,Pune,437.2,Automotive,7,4.69,Rail,Shadowfax,1589.97,405.04,8.6,2025-03-19,2025-03-26,2025-03-26,Delivered,5.0,No,No
ORD103825,CUST12141,2025-03-16,Bengaluru,Bengaluru,Surat,422.3,Beauty,3,8.9,Road,DTDC,1916.94,331.79,9.68,2025-03-18,2025-03-24,2025-03-24,Delivered,4.0,No,No
ORD102737,CUST11057,2025-09-11,Hyderabad,Hyderabad,Surat,553.7,Clothing,1,3.86,Road,Delhivery,2349.7,372.89,5.57,2025-09-13,2025-09-18,2025-09-24,Delayed,4.0,No,No
ORD100544,CUST10760,2025-06-22,Chennai,Chennai,Mumbai,254.6,Automotive,6,8.9,Road,Delhivery,1331.38,248.32,4.1,2025-06-24,2025-06-28,2025-06-28,Delivered,4.0,No,No
ORD103104,CUST12677,2025-06-24,Delhi,Delhi,Delhi,238.2,Electronics,6,5.85,Road,XpressBees,1074.97,219.79,10.53,2025-06-26,2025-07-01,2025-07-01,Delivered,4.0,No,No
ORD103015,CUST12141,2025-12-07,Chennai,Chennai,Ahmedabad,162.9,Clothing,7,2.81,Road,Shadowfax,883.72,122.27,5.15,2025-12-08,2025-12-13,2025-12-13,Delivered,3.0,No,No
ORD102619,CUST11128,2025-02-12,Bengaluru,Bengaluru,Nagpur,351.4,Books,1,9.0,Air,XpressBees,3451.04,393.22,11.04,2025-02-15,2025-02-19,2025-02-19,Delivered,4.0,No,No
ORD101214,CUST12237,2025-08-11,Pune,Pune,Bhopal,64.2,Sports,4,12.6,Road,Blue Dart,469.13,27.57,10.8,2025-08-13,2025-08-19,2025-08-19,Delivered,4.0,No,No
ORD100672,CUST12619,2025-11-01,Delhi,Delhi,Indore,111.8,Home & Kitchen,5,10.99,Air,Shadowfax,1254.72,92.69,9.58,2025-11-04,2025-11-06,2025-11-06,Delivered,5.0,No,No
ORD104534,CUST10395,2025-12-25,Mumbai,Mumbai,Indore,255.4,Books,6,10.06,Air,Ecom Express,2528.27,281.39,6.37,2025-12-28,2026-01-01,2026-01-01,Delivered,4.0,No,No
ORD104581,CUST12372,2025-12-05,Hyderabad,Hyderabad,Nagpur,454.7,Grocery,7,2.12,Road,DTDC,1917.53,501.52,7.1,2025-12-07,2025-12-12,2025-12-14,Delayed,3.0,No,No
ORD104569,CUST11138,2025-02-27,Bengaluru,Bengaluru,Chennai,344.8,Automotive,2,4.59,Air,Blue Dart,3258.72,307.5,6.24,2025-02-28,2025-03-03,2025-03-03,Delivered,4.0,No,No
ORD104754,CUST12490,2025-08-23,Mumbai,Mumbai,Coimbatore,261.0,Beauty,5,1.05,Express,Delhivery,1811.56,217.29,11.45,2025-08-25,2025-08-27,2025-08-27,Delivered,4.0,No,No
ORD102318,CUST11810,2025-07-01,Hyderabad,Hyderabad,Vijayawada,597.3,Automotive,2,10.53,Road,Delhivery,2719.56,486.86,6.24,2025-07-04,2025-07-10,2025-07-14,Delayed,3.0,No,No
ORD103349,CUST10080,2025-10-15,Pune,Pune,Kolkata,202.5,Clothing,1,2.72,Air,Blue Dart,1812.96,229.98,12.42,2025-10-17,2025-10-21,2025-10-21,Delivered,5.0,No,No
ORD100713,CUST12216,2025-07-04,Mumbai,Mumbai,Chennai,488.0,Clothing,2,5.99,Air,Ecom Express,4563.97,544.65,10.77,2025-07-07,2025-07-10,2025-07-10,Delivered,4.0,No,No
ORD102019,CUST11559,2025-10-21,Pune,Pune,Jaipur,226.7,Books,7,4.09,Air,Blue Dart,2286.49,152.37,8.93,2025-10-24,2025-10-26,2025-10-26,Delivered,5.0,No,No
ORD100655,CUST11203,2025-05-23,Hyderabad,Hyderabad,Bengaluru,225.4,Beauty,3,6.82,Rail,Ecom Express,926.5,188.27,7.21,2025-05-26,2025-06-01,2025-06-05,Delayed,2.0,No,No
ORD104115,CUST11434,2025-06-26,Pune,Pune,Bhopal,56.4,Beauty,3,17.36,Rail,Delhivery,514.56,20.0,9.49,2025-06-29,2025-07-03,2025-07-03,Delivered,4.0,No,No
ORD104622,CUST12524,2025-01-25,Bengaluru,Bengaluru,Kochi,249.1,Books,3,1.11,Express,Ecom Express,1756.2,225.4,4.99,2025-01-27,2025-01-31,2025-01-31,Delivered,4.0,No,No
ORD101466,CUST11330,2025-06-04,Delhi,Delhi,Bhopal,212.2,Automotive,3,4.07,Express,Ecom Express,1627.25,119.5,8.18,2025-06-06,2025-06-09,2025-06-09,Delivered,4.0,No,No
ORD101637,CUST10093,2025-02-19,Chennai,Chennai,Bhopal,39.7,Books,4,3.35,Air,DTDC,524.94,20.0,9.96,2025-02-21,2025-02-22,2025-02-22,Delivered,4.0,No,No
ORD103197,CUST12637,2025-05-26,Delhi,Delhi,Kochi,628.2,Books,1,1.39,Express,Ecom Express,4365.68,401.11,8.47,2025-05-28,2025-06-02,2025-06-02,Delivered,3.0,No,No
ORD101282,CUST11721,2025-11-11,Mumbai,Mumbai,Bengaluru,312.7,Books,4,6.33,Road,Blue Dart,1507.12,304.73,13.32,2025-11-15,2025-11-20,2025-11-20,Delivered,,No,No
ORD104571,CUST11039,2025-07-06,Hyderabad,Hyderabad,Visakhapatnam,335.9,Grocery,7,6.14,Road,Blue Dart,1497.85,397.48,10.55,2025-07-08,2025-07-12,2025-07-12,Delivered,4.0,No,No
ORD103652,CUST11927,2025-12-07,Hyderabad,Hyderabad,Chennai,431.9,Beauty,4,2.86,Road,DTDC,1904.17,253.77,6.38,2025-12-08,2025-12-14,2025-12-17,Delayed,2.0,No,No
ORD104520,CUST11503,2025-06-07,Chennai,Chennai,Bhopal,266.5,Books,4,2.72,Air,Ecom Express,2350.81,206.63,5.91,2025-06-09,2025-06-11,2025-06-11,Delivered,5.0,No,No
ORD104280,CUST12005,2025-02-01,Delhi,Delhi,,287.1,Clothing,2,1.1,Road,DTDC,1217.62,288.25,5.36,2025-02-03,2025-02-07,2025-02-08,Delayed,4.0,No,Yes
ORD100028,CUST10107,2025-02-12,Hyderabad,Hyderabad,Pune,293.8,Clothing,5,1.99,Road,Delhivery,1344.35,301.43,5.63,2025-02-14,2025-02-19,2025-02-21,Delayed,4.0,No,No
ORD104236,CUST10783,2025-11-28,Hyderabad,Hyderabad,Visakhapatnam,297.8,Sports,1,5.9,Air,XpressBees,2842.92,292.14,6.64,2025-11-30,2025-12-03,2025-12-03,Delivered,4.0,No,No
ORD100773,CUST10569,2025-04-21,Hyderabad,Hyderabad,Pune,239.8,Grocery,3,4.95,Air,Delhivery,2278.17,238.03,4.92,2025-04-23,2025-04-26,2025-04-28,Delayed,4.0,No,No
ORD104691,CUST11525,2025-05-04,Delhi,Delhi,Jaipur,491.2,Sports,6,2.44,Road,Ecom Express,2195.84,491.93,9.81,2025-05-07,2025-05-13,2025-05-13,Delivered,4.0,No,No
ORD100589,CUST11414,2025-07-19,Chennai,Chennai,Surat,440.5,Electronics,7,2.39,Rail,Shadowfax,1472.5,497.06,3.66,2025-07-22,2025-07-29,2025-07-31,Delayed,4.0,No,No
ORD101136,CUST11480,2025-06-05,Mumbai,Mumbai,Pune,258.7,Home & Kitchen,5,5.91,Rail,Ecom Express,944.83,179.4,9.36,2025-06-08,2025-06-15,2025-06-17,Delayed,3.0,No,No
ORD101640,CUST10665,2025-10-01,Hyderabad,Hyderabad,Pune,374.8,Clothing,4,17.89,Road,XpressBees,1773.99,266.59,7.05,2025-10-03,2025-10-08,2025-10-11,Delayed,4.0,No,No
ORD101318,CUST10421,2025-01-18,Hyderabad,Hyderabad,Vijayawada,625.2,Books,7,10.87,Rail,Delhivery,2275.55,570.42,8.25,2025-01-20,2025-01-27,2025-01-27,Delivered,5.0,No,No
ORD102666,CUST10969,2025-11-25,Hyderabad,Hyderabad,Kochi,292.8,Books,7,6.72,Road,XpressBees,1517.91,312.38,7.71,2025-11-28,2025-12-03,2025-12-06,Delayed,3.0,No,No
ORD104920,CUST11755,2025-07-18,Mumbai,Mumbai,Bhopal,424.4,Electronics,5,0.25,Road,XpressBees,1868.19,327.38,10.92,2025-07-21,2025-07-25,2025-07-25,Delivered,4.0,No,No
ORD101179,CUST11579,2025-08-22,Bengaluru,Bengaluru,Nagpur,685.9,Electronics,4,16.63,Rail,Delhivery,2507.47,443.89,7.18,2025-08-23,2025-08-30,2025-08-30,Delivered,5.0,No,Yes
ORD103076,CUST10147,2025-06-27,Bengaluru,Bengaluru,Vijayawada,764.2,Grocery,3,16.11,Rail,Blue Dart,2680.47,525.7,5.36,2025-06-30,2025-07-06,2025-07-06,Delivered,4.0,No,No
ORD104118,CUST11773,2025-03-31,Hyderabad,Hyderabad,Visakhapatnam,529.2,Sports,4,2.81,Road,XpressBees,2227.16,546.82,5.65,2025-04-03,2025-04-10,2025-04-10,Delivered,5.0,No,No
ORD101552,CUST12705,2025-08-30,Bengaluru,Bengaluru,Bhopal,541.8,Automotive,5,0.79,Road,Shadowfax,2402.38,662.67,10.68,2025-09-02,2025-09-07,2025-09-07,Delivered,5.0,No,No
ORD104171,CUST11902,2025-04-21,Mumbai,Mumbai,Bengaluru,949.9,Beauty,4,8.35,Road,Shadowfax,4289.44,951.6,10.44,2025-04-23,2025-04-29,2025-04-29,Delivered,5.0,No,No
ORD101833,CUST10287,2025-04-12,Delhi,Delhi,Surat,160.2,Books,5,7.52,Road,Ecom Express,756.74,152.21,11.12,2025-04-15,2025-04-21,2025-04-21,Delivered,4.0,No,No
ORD103884,CUST11527,2025-01-06,Pune,Pune,Hyderabad,911.1,Automotive,3,5.33,Express,DTDC,6673.86,563.28,7.71,2025-01-08,2025-01-12,2025-01-12,Delivered,5.0,No,No
ORD102706,CUST10658,2025-08-27,hyderabad,Hyderabad,Ahmedabad,250.7,Books,7,7.02,Road,Ecom Express,1318.1,222.24,8.07,2025-08-30,2025-09-04,2025-09-04,Delivered,4.0,No,No
ORD100880,CUST12518,2025-01-27,Bengaluru,Bengaluru,Vijayawada,248.1,Automotive,6,21.32,Air,Ecom Express,2625.1,203.42,10.29,2025-01-30,2025-02-01,2025-02-01,Delivered,5.0,No,No
ORD104873,CUST10657,2025-04-18,Bengaluru,Bengaluru,Delhi,209.1,Beauty,2,5.54,Road,XpressBees,1091.34,187.24,7.76,2025-04-20,2025-04-24,2025-04-24,Delivered,4.0,No,No
ORD100147,CUST12068,2025-01-06,Bengaluru,Bengaluru,Coimbatore,142.0,Clothing,7,3.79,Rail,Blue Dart,528.92,133.51,8.79,2025-01-08,2025-01-13,2025-01-13,Delivered,4.0,No,No
ORD104337,CUST10201,2025-08-27,Bengaluru,Bengaluru,Mumbai,403.5,Grocery,3,4.89,Rail,Shadowfax,1453.23,480.71,8.6,2025-08-29,2025-09-04,2025-09-04,Delivered,5.0,No,No
ORD102242,CUST10511,2025-04-16,Bengaluru,Bengaluru,Jaipur,476.5,Electronics,1,10.83,Road,Shadowfax,2165.85,339.47,12.69,2025-04-19,2025-04-23,2025-04-23,Delivered,3.0,No,No
ORD100107,CUST10792,2025-04-21,Bengaluru,Bengaluru,Ahmedabad,231.0,Sports,6,3.52,Road,Ecom Express,1098.24,215.14,9.49,2025-04-24,2025-04-29,2025-04-29,Delivered,5.0,No,No
ORD102992,CUST10446,2025-08-26,Chennai,Chennai,Kochi,596.6,Automotive,7,9.52,Air,DTDC,5551.09,618.52,8.1,2025-08-28,2025-09-01,2025-09-01,Delivered,4.0,Yes,No
ORD102264,CUST12499,2025-03-19,Chennai,Chennai,Surat,262.0,Electronics,2,2.61,Road,DTDC,1206.0,200.06,8.96,2025-03-22,2025-03-28,2025-03-28,Delivered,4.0,No,No
ORD101085,CUST11461,2025-10-19,Hyderabad,Hyderabad,Visakhapatnam,136.4,Electronics,1,6.79,Express,Delhivery,1141.2,125.72,3.09,2025-10-20,2025-10-23,2025-10-25,Delayed,4.0,No,No
ORD104127,CUST11426,2025-06-30,Pune,Pune,Hyderabad,299.7,Beauty,6,10.04,Rail,Delhivery,1217.41,217.51,12.89,2025-07-03,2025-07-10,2025-07-10,Delivered,3.0,No,No
ORD101119,CUST11797,2025-09-17,Mumbai,Mumbai,Kolkata,310.6,Clothing,3,3.24,Air,Delhivery,2932.8,267.58,8.42,2025-09-18,2025-09-21,2025-09-21,Delivered,4.0,No,No
ORD101925,CUST10511,2025-04-24,Hyderabad,Hyderabad,Bhopal,929.8,Sports,7,3.68,Road,Ecom Express,4127.85,582.71,4.59,2025-04-26,2025-05-02,2025-05-02,Delivered,4.0,No,No
ORD100617,CUST10618,2025-08-06,Pune,Pune,Delhi,69.7,Sports,4,2.97,Rail,Ecom Express,188.31,20.0,8.12,2025-08-09,2025-08-14,2025-08-14,Delivered,5.0,No,No
ORD104318,CUST12542,2025-10-11,Chennai,Chennai,Hyderabad,605.5,Electronics,6,6.6,Air,Shadowfax,5633.88,531.78,6.24,2025-10-13,2025-10-16,2025-10-16,Delivered,5.0,No,No
ORD103576,CUST11763,2025-11-05,Pune,Pune,Bhopal,307.5,Clothing,2,4.74,Air,Shadowfax,2793.6,248.56,6.27,2025-11-07,2025-11-09,2025-11-09,Delivered,5.0,No,No
ORD101486,CUST11336,2025-07-09,Pune,Pune,Bengaluru,530.2,Beauty,7,1.89,Express,Delhivery,3847.49,484.14,12.23,2025-07-12,2025-07-16,2025-07-20,Delayed,3.0,No,No
ORD101215,CUST11042,2025-01-20,Mumbai,Mumbai,Bhopal,139.6,Books,1,4.34,Express,Blue Dart,1204.2,158.84,11.44,2025-01-22,2025-01-23,2025-01-23,Delivered,5.0,No,No
ORD100691,CUST12358,2025-06-21,Hyderabad,Hyderabad,Ahmedabad,314.6,Grocery,7,2.88,Road,Blue Dart,1525.06,310.99,7.62,2025-06-22,2025-06-28,2025-06-28,Delivered,4.0,No,No
ORD101183,CUST11982,2025-01-03,Hyderabad,Hyderabad,Indore,317.3,Electronics,4,7.35,Rail,Delhivery,1171.91,349.33,5.4,2025-01-06,2025-01-13,2025-01-13,Delivered,4.0,No,No
ORD103028,CUST12281,2025-05-08,Bengaluru,Bengaluru,Hyderabad,169.5,Electronics,6,1.46,Rail,Shadowfax,733.05,190.95,6.04,2025-05-10,2025-05-14,2025-05-14,Delivered,4.0,No,No
ORD103163,CUST10229,2025-11-15,Mumbai,Mumbai,Bengaluru,119.5,Home & Kitchen,7,4.94,Express,Delhivery,989.75,65.07,9.61,2025-11-18,2025-11-22,2025-11-22,Delivered,4.0,No,Yes
ORD100686,CUST10947,2025-01-15,Chennai,Chennai,Surat,161.5,Books,4,3.31,Road,Ecom Express,778.82,128.73,9.08,2025-01-17,2025-01-21,2025-01-21,Delivered,4.0,No,No
ORD103297,CUST12159,2025-06-25,Bengaluru,Bengaluru,Coimbatore,406.5,Sports,2,3.63,Rail,Ecom Express,1425.41,365.44,9.22,2025-06-27,2025-07-03,2025-07-03,Delivered,5.0,No,No
ORD102888,CUST11520,2025-01-24,Hyderabad,Hyderabad,Coimbatore,238.4,Sports,3,3.46,Air,Shadowfax,2259.17,214.45,7.5,2025-01-26,2025-01-30,2025-01-30,Delivered,4.0,No,No
ORD103431,CUST10819,2025-05-14,Bengaluru,Bengaluru,Delhi,114.5,Beauty,5,1.56,Rail,Blue Dart,378.74,71.36,8.41,2025-05-16,2025-05-21,2025-05-21,Delivered,5.0,No,No
ORD103327,CUST11316,2025-05-03,Delhi,Delhi,Lucknow,121.2,Automotive,3,2.57,Road,Ecom Express,485.59,93.15,11.05,2025-05-05,2025-05-10,2025-05-11,Delayed,4.0,No,No
ORD104117,CUST11955,2025-12-20,Pune,Pune,Vijayawada,543.0,Grocery,3,1.73,Air,Blue Dart,4949.42,530.54,10.93,2025-12-23,2025-12-28,2025-12-28,Delivered,4.0,No,No
ORD102398,CUST12744,2025-09-30,Bengaluru,Bengaluru,Kolkata,763.9,Electronics,6,2.7,Road,Shadowfax,3462.51,643.76,12.57,2025-10-02,2025-10-08,2025-10-08,Delivered,4.0,No,No
ORD104026,CUST10877,2025-10-29,Hyderabad,Hyderabad,Pune,739.7,Books,6,3.55,Air,Blue Dart,6772.46,855.99,5.04,2025-10-31,2025-11-02,2025-11-02,Delivered,5.0,No,No
ORD103917,CUST11407,2025-12-09,Hyderabad,Hyderabad,Visakhapatnam,123.2,Beauty,5,16.54,Road,Delhivery,702.37,154.25,6.78,2025-12-10,2025-12-17,2025-12-17,Delivered,5.0,No,No
ORD102241,CUST11526,2025-05-09,Hyderabad,Hyderabad,Mumbai,178.5,Grocery,7,5.8,Road,Blue Dart,954.37,172.72,9.76,2025-05-11,2025-05-13,2025-05-13,Delivered,3.0,No,No
ORD101284,CUST11692,2025-03-29,Chennai,Chennai,Kochi,877.6,Electronics,2,16.36,Road,Shadowfax,3938.39,971.75,10.62,2025-04-01,2025-04-07,2025-04-07,Delivered,4.0,No,No
ORD103789,CUST10156,2025-12-16,Pune,Pune,Nagpur,226.4,Grocery,1,1.56,Rail,Delhivery,772.82,133.05,6.45,2025-12-17,2025-12-22,2025-12-22,Delivered,5.0,No,No
ORD103689,CUST11629,2025-10-20,Hyderabad,Hyderabad,Jaipur,192.0,Beauty,2,6.34,Road,DTDC,1100.58,197.54,8.72,2025-10-22,2025-10-26,2025-10-26,Delivered,4.0,No,No
ORD103897,CUST12307,2025-07-13,Delhi,Delhi,Lucknow,672.7,Home & Kitchen,3,18.1,Rail,Ecom Express,2345.18,751.09,10.32,2025-07-16,2025-07-23,2025-07-23,Delivered,5.0,No,No
ORD101222,CUST11437,2025-02-28,Chennai,Chennai,Bengaluru,227.6,Sports,4,4.98,Rail,Delhivery,809.99,183.91,6.6,2025-03-03,2025-03-09,2025-03-09,Delivered,4.0,Yes,No
ORD103595,CUST12268,2025-06-10,Pune,Pune,Visakhapatnam,422.8,Sports,3,8.52,Rail,Delhivery,1705.84,270.52,4.75,2025-06-13,2025-06-19,2025-06-19,Delivered,5.0,No,No
ORD104874,CUST12012,2025-09-23,Mumbai,Mumbai,Pune,354.3,Home & Kitchen,5,3.51,Express,Shadowfax,2608.89,384.81,10.37,2025-09-26,2025-10-01,2025-10-01,Delivered,4.0,No,No
ORD104068,CUST12530,2025-09-05,Bengaluru,Bengaluru,Nagpur,52.2,Home & Kitchen,5,4.77,Road,Delhivery,238.73,20.0,6.3,2025-09-08,2025-09-13,2025-09-16,Delayed,4.0,No,No
ORD104137,CUST12757,2025-01-09,Hyderabad,Hyderabad,Kochi,163.0,Automotive,4,5.7,Road,Delhivery,823.29,158.01,7.04,2025-01-11,2025-01-15,2025-01-15,Delivered,5.0,No,No
ORD102289,CUST10927,2025-05-07,Bengaluru,Bengaluru,Lucknow,444.7,Automotive,5,11.76,Road,XpressBees,1962.92,389.66,11.11,2025-05-09,2025-05-15,2025-05-20,Delayed,3.0,No,No
ORD104244,CUST10595,2025-06-20,Mumbai,Mumbai,Vijayawada,348.7,Sports,7,4.02,Road,Ecom Express,1459.26,375.98,8.15,2025-06-22,2025-06-28,2025-06-30,Delayed,5.0,No,No
ORD101948,CUST11005,2025-03-17,Hyderabad,Hyderabad,Kolkata,291.0,Clothing,4,3.48,Road,Ecom Express,1229.14,282.95,8.93,2025-03-19,2025-03-25,2025-03-25,Delivered,4.0,No,No
ORD102292,CUST11085,2025-05-05,Delhi,Delhi,Surat,421.4,Sports,3,11.49,Road,DTDC,2098.87,386.84,,2025-05-07,2025-05-13,2025-05-13,Delivered,4.0,No,No
ORD102613,CUST11245,2025-01-08,Pune,Pune,Jaipur,301.3,Sports,3,0.94,Rail,Delhivery,991.87,237.85,9.84,2025-01-10,2025-01-15,2025-01-15,Delivered,4.0,No,No
ORD101627,CUST11244,2025-05-22,Hyderabad,Hyderabad,Lucknow,151.2,Electronics,4,4.38,Express,XpressBees,1208.98,105.17,4.42,2025-05-24,2025-05-27,2025-05-27,Delivered,4.0,No,No
ORD104010,CUST11684,2025-11-15,Chennai,Chennai,Ahmedabad,780.0,Electronics,1,4.97,Road,Blue Dart,3316.52,561.27,7.45,2025-11-17,2025-11-23,2025-11-27,Delayed,3.0,No,No
ORD100820,CUST12446,2025-01-29,Mumbai,Mumbai,Delhi,671.5,Electronics,6,1.86,Rail,Blue Dart,,699.09,8.85,2025-02-01,2025-02-08,2025-02-10,Delayed,3.0,No,No
ORD104184,CUST12439,2025-06-10,Hyderabad,Hyderabad,Surat,393.5,Home & Kitchen,7,0.87,Rail,XpressBees,1543.5,395.41,4.82,2025-06-11,2025-06-17,2025-06-17,Delivered,4.0,No,No
ORD101745,CUST10337,2025-05-03,Chennai,Chennai,Visakhapatnam,141.6,Beauty,4,2.1,Air,Delhivery,1249.04,196.46,7.88,2025-05-06,2025-05-08,2025-05-08,Delivered,4.0,No,No
ORD104478,CUST10770,2025-07-13,Bengaluru,Bengaluru,Nagpur,190.9,Grocery,1,6.24,Express,Ecom Express,1527.68,92.66,8.02,2025-07-16,2025-07-18,2025-07-24,Delayed,4.0,No,No
ORD101497,CUST10875,2025-06-01,Mumbai,Mumbai,Lucknow,428.5,Home & Kitchen,4,2.97,Road,Blue Dart,1843.7,404.88,5.02,2025-06-03,2025-06-10,2025-06-10,Delivered,4.0,No,No
ORD100822,CUST10058,2025-12-14,Pune,Pune,Kolkata,369.8,Grocery,4,0.39,Air,Blue Dart,3372.69,370.67,5.36,2025-12-15,2025-12-17,2025-12-17,Delivered,5.0,No,No
ORD104111,CUST10121,2025-04-28,Hyderabad,Hyderabad,Bengaluru,199.8,Grocery,4,1.1,Rail,Blue Dart,736.8,154.78,4.21,2025-04-29,2025-05-06,2025-05-06,Delivered,5.0,No,No
ORD102322,CUST10442,2025-02-10,Hyderabad,Hyderabad,Delhi,271.7,Electronics,2,3.57,Air,XpressBees,2526.05,270.36,8.87,2025-02-12,2025-02-14,2025-02-16,Delayed,3.0,No,No
ORD101093,CUST10171,2025-12-03,Bengaluru,Bengaluru,Nagpur,555.5,Home & Kitchen,3,14.76,Rail,Ecom Express,2059.25,431.95,11.16,2025-12-06,2025-12-11,2025-12-11,Delivered,5.0,No,No
ORD103308,CUST11814,2025-11-23,Chennai,Chennai,Mumbai,614.7,Grocery,3,5.17,Road,Ecom Express,2749.2,578.19,2.0,2025-11-24,2025-11-30,2025-11-30,Delivered,5.0,No,No
ORD104202,CUST11934,2025-10-06,Chennai,Chennai,Indore,94.3,Automotive,2,3.74,Road,Delhivery,533.1,145.86,8.11,2025-10-08,2025-10-12,2025-10-12,Delivered,5.0,Yes,No
ORD104899,CUST10501,2025-02-21,Delhi,Delhi,Bhopal,646.5,Automotive,1,1.62,Rail,Ecom Express,2122.34,614.01,8.37,2025-02-23,2025-03-02,2025-03-04,Delayed,4.0,No,No
ORD104717,CUST11402,2025-01-05,Hyderabad,Hyderabad,Vijayawada,231.6,Sports,3,2.34,Road,Delhivery,1106.22,138.81,5.76,2025-01-07,2025-01-12,2025-01-15,Delayed,4.0,No,No
ORD103827,CUST11853,2025-07-04,Mumbai,Mumbai,Visakhapatnam,201.4,Sports,2,2.31,Road,XpressBees,910.32,134.86,8.1,2025-07-06,2025-07-11,2025-07-11,Delivered,5.0,Yes,Yes
ORD102266,CUST10033,2025-03-07,Delhi,Delhi,Mumbai,858.1,Beauty,5,7.1,Road,Shadowfax,3932.3,722.48,7.41,2025-03-10,2025-03-16,2025-03-18,Delayed,4.0,No,No
ORD103485,CUST12644,2025-05-22,Mumbai,Mumbai,Indore,178.7,Books,5,5.91,Road,DTDC,871.0,142.15,7.37,2025-05-23,2025-05-29,2025-05-30,Delayed,4.0,Yes,Yes
ORD103928,CUST10571,2025-05-07,Bengaluru,Bengaluru,Visakhapatnam,332.9,Books,6,6.82,Express,Ecom Express,2477.71,232.96,4.41,2025-05-09,2025-05-12,2025-05-12,Delivered,5.0,No,No
ORD103435,CUST11012,2025-07-23,Chennai,Chennai,Kolkata,551.6,Beauty,1,1.06,Road,DTDC,2309.73,581.48,8.35,2025-07-25,2025-07-31,2025-07-31,Delivered,5.0,No,No
ORD103205,CUST10534,2025-11-24,Bengaluru,Bengaluru,Kolkata,254.6,Electronics,3,5.33,Express,Blue Dart,1996.72,268.55,6.16,2025-11-25,2025-11-28,2025-11-28,Delivered,5.0,No,No
ORD101936,CUST11735,2025-04-24,Bengaluru,Bengaluru,Vijayawada,1117.6,Electronics,3,4.99,Road,Blue Dart,4910.0,1130.39,7.76,2025-04-27,2025-05-05,2025-05-05,Delivered,4.0,No,No
ORD100187,CUST10554,2025-01-03,Bengaluru,Bengaluru,Mumbai,121.0,Sports,1,1.16,Road,Blue Dart,484.6,66.02,8.15,2025-01-06,2025-01-10,2025-01-10,Delivered,4.0,No,No
ORD102025,CUST11727,2025-01-04,Pune,Pune,Lucknow,253.3,Sports,4,5.12,Air,XpressBees,2459.78,257.94,9.84,2025-01-07,2025-01-09,2025-01-09,Delivered,4.0,No,No
ORD103839,CUST11380,2025-12-12,Mumbai,Mumbai,Indore,429.2,Books,6,9.01,Air,XpressBees,4125.46,417.28,11.02,2025-12-15,2025-12-19,2025-12-19,Delivered,5.0,No,No
ORD101349,CUST10546,2025-02-10,Pune,Pune,Vijayawada,940.7,Home & Kitchen,6,7.08,Air,XpressBees,8725.76,1072.89,9.65,2025-02-12,2025-02-16,2025-02-16,Delivered,4.0,No,No
ORD100754,CUST11638,2025-08-21,Pune,Pune,Surat,513.0,Home & Kitchen,3,0.51,Road,Ecom Express,2212.11,291.85,9.12,2025-08-22,2025-08-29,2025-08-29,Delivered,4.0,No,No
ORD100751,CUST11463,2025-12-10,Hyderabad,Hyderabad,Bhopal,168.2,Beauty,1,2.91,Rail,Blue Dart,453.33,166.05,7.3,2025-12-12,2025-12-19,2025-12-19,Delivered,4.0,No,No
ORD100703,CUST11978,2025-01-19,Mumbai,Mumbai,Hyderabad,303.8,Beauty,4,2.51,Rail,DTDC,1072.22,340.23,9.44,2025-01-22,2025-01-28,2025-01-28,Delivered,5.0,No,No
ORD104110,CUST12423,2025-06-22,Pune,Pune,Chennai,325.6,Automotive,1,4.88,Road,Delhivery,1537.54,282.27,11.47,2025-06-24,2025-07-01,2025-07-01,Delivered,4.0,No,No
ORD102798,CUST11189,2025-08-19,Bengaluru,Bengaluru,Bhopal,115.0,Grocery,6,4.38,Road,Blue Dart,523.58,,5.14,2025-08-21,2025-08-26,2025-08-30,Delayed,4.0,No,No
ORD102358,CUST11117,2025-01-02,Bengaluru,Bengaluru,Ahmedabad,273.7,Automotive,1,3.27,Road,Ecom Express,1272.52,228.05,9.46,2025-01-04,2025-01-10,2025-01-11,Delayed,5.0,No,No
ORD104939,CUST10646,2025-09-16,Chennai,Chennai,,839.1,Sports,2,8.91,Air,DTDC,7867.11,756.8,2.0,2025-09-17,2025-09-20,2025-09-23,Delayed,4.0,No,No
ORD104099,CUST12295,2025-01-12,Bengaluru,Bengaluru,Mumbai,72.3,Books,1,6.62,Rail,DTDC,415.14,37.65,7.84,2025-01-14,2025-01-21,2025-01-27,Delayed,5.0,No,No
ORD104893,CUST10470,2025-10-04,Mumbai,Mumbai,Coimbatore,215.3,Books,4,6.36,Road,Ecom Express,1077.86,241.0,13.0,2025-10-07,2025-10-12,2025-10-12,Delivered,3.0,No,No
ORD103370,CUST11858,2025-08-24,Pune,Pune,Bengaluru,397.8,Books,6,2.43,Road,DTDC,1808.73,363.62,7.92,2025-08-26,2025-09-01,2025-09-04,Delayed,3.0,No,No
ORD100525,CUST11436,2025-04-21,Pune,Pune,Surat,1127.7,Beauty,4,1.77,Road,Shadowfax,4781.86,862.35,13.0,2025-04-24,2025-04-30,2025-04-30,Delivered,5.0,No,No
ORD103552,CUST12790,2025-01-16,Hyderabad,Hyderabad,Coimbatore,472.3,Books,4,6.51,Road,Delhivery,2325.3,453.72,6.92,2025-01-18,2025-01-24,2025-01-24,Delivered,5.0,No,No
ORD101667,CUST12572,2025-11-10,Bengaluru,Bengaluru,Vijayawada,224.5,Beauty,5,0.7,Express,Blue Dart,1678.71,214.35,7.09,2025-11-13,2025-11-16,2025-11-16,Delivered,4.0,No,Yes
ORD101835,CUST10200,2025-12-19,Hyderabad,Hyderabad,Surat,482.3,Beauty,3,7.75,Road,Blue Dart,2191.18,525.11,4.39,2025-12-21,2025-12-28,2025-12-30,Delayed,4.0,No,No
ORD104342,CUST10047,2025-06-06,Hyderabad,Hyderabad,Nagpur,516.9,Electronics,1,2.04,Rail,DTDC,1661.28,529.24,6.41,2025-06-08,2025-06-14,2025-06-14,Delivered,4.0,No,No
ORD103754,CUST10387,2025-10-01,Bengaluru,Bengaluru,Kochi,222.0,Books,3,2.35,Road,Shadowfax,1159.95,,7.21,2025-10-03,2025-10-07,2025-10-11,Delayed,4.0,No,No
ORD104749,CUST10939,2025-06-07,Pune,Pune,Coimbatore,1402.5,Automotive,1,2.81,Road,Delhivery,6018.27,1284.35,11.28,2025-06-09,2025-06-18,2025-06-18,Delivered,5.0,No,No
ORD101648,CUST12519,2025-08-09,Chennai,Chennai,Ahmedabad,103.1,Electronics,1,2.16,Road,Ecom Express,416.04,51.86,3.6,2025-08-12,2025-08-17,2025-08-17,Delivered,5.0,No,No
ORD102593,CUST11496,2025-02-13,Delhi,Delhi,Nagpur,221.4,Home & Kitchen,1,0.47,Road,XpressBees,893.6,274.58,8.41,2025-02-14,2025-02-19,2025-02-19,Delivered,5.0,No,No
ORD103267,CUST10197,2025-05-16,Bengaluru,Bengaluru,Nagpur,188.5,Automotive,1,4.18,Express,Blue Dart,1440.05,182.42,6.93,2025-05-19,2025-05-21,2025-05-23,Delayed,4.0,No,No
ORD102349,CUST12267,2025-05-16,bengaluru,Bengaluru,Pune,60.1,Books,4,6.59,Road,DTDC,430.85,71.71,8.19,2025-05-18,2025-05-23,2025-05-27,Delayed,4.0,No,No
ORD104606,CUST11779,2025-09-17,Bengaluru,Bengaluru,Jaipur,280.2,Books,4,2.91,Air,Blue Dart,2723.49,224.48,8.27,2025-09-19,2025-09-23,2025-09-23,Delivered,5.0,No,No
ORD103269,CUST10717,2025-05-18,Hyderabad,Hyderabad,Vijayawada,672.7,Beauty,5,9.69,Road,Ecom Express,2969.55,511.79,8.86,2025-05-20,2025-05-25,2025-05-25,Delivered,4.0,No,No
ORD102622,CUST10220,2025-03-22,Bengaluru,Bengaluru,Vijayawada,578.6,Sports,4,7.45,Road,Ecom Express,2697.35,584.72,6.37,2025-03-24,2025-03-31,2025-03-31,Delivered,5.0,No,No
ORD103972,CUST10687,2025-05-25,hyderabad,Hyderabad,Jaipur,377.3,Grocery,7,6.56,Road,Ecom Express,1762.01,359.72,10.22,2025-05-28,2025-06-01,2025-06-05,Delayed,5.0,No,No
ORD100851,CUST10181,2025-10-21,Delhi,Delhi,Ahmedabad,270.5,Grocery,6,5.41,Air,XpressBees,2706.04,246.65,12.13,2025-10-25,2025-10-27,2025-10-27,Delivered,4.0,No,No
ORD102023,CUST10280,2025-03-25,Hyderabad,Hyderabad,Bengaluru,237.2,Beauty,1,13.04,Rail,Delhivery,911.47,254.16,5.76,2025-03-26,2025-03-31,2025-03-31,Delivered,4.0,No,No
ORD101600,CUST12120,2025-06-10,Hyderabad,Hyderabad,Delhi,376.1,Home & Kitchen,4,3.52,Express,Ecom Express,2652.98,437.15,2.74,2025-06-11,2025-06-14,2025-06-14,Delivered,4.0,No,No
ORD104399,CUST10345,2025-10-12,Chennai,Chennai,Kolkata,694.9,Automotive,6,8.31,Road,Blue Dart,3028.56,575.24,12.45,2025-10-14,2025-10-20,2025-10-21,Delayed,4.0,No,No
ORD100577,CUST11968,2025-02-16,Chennai,Chennai,Coimbatore,926.2,Beauty,2,2.31,Express,Blue Dart,6559.97,806.16,11.83,2025-02-18,2025-02-23,2025-02-23,Delivered,4.0,No,No
ORD104387,CUST11190,2025-12-15,Hyderabad,Hyderabad,Vijayawada,277.9,Electronics,5,1.07,Road,Delhivery,1224.28,197.37,2.0,2025-12-16,2025-12-22,2025-12-23,Delayed,4.0,No,No
ORD104807,CUST11713,2025-08-25,Delhi,Delhi,Pune,487.0,Home & Kitchen,2,4.77,Express,DTDC,3596.05,544.57,9.15,2025-08-27,2025-09-01,2025-09-01,Delivered,4.0,No,No
ORD103409,CUST11754,2025-09-20,Pune,Pune,Chennai,611.4,Automotive,5,8.17,Road,Blue Dart,2663.87,561.84,9.16,2025-09-22,2025-09-28,2025-09-28,Delivered,5.0,No,No
ORD100785,CUST12070,2025-08-17,Mumbai,Mumbai,Indore,919.3,Home & Kitchen,2,5.88,Road,Shadowfax,4069.53,1044.18,10.3,2025-08-19,2025-08-26,2025-08-26,Delivered,4.0,No,No
ORD101536,CUST10987,2025-01-08,Pune,Pune,Chennai,409.3,Grocery,4,10.01,Rail,Ecom Express,1570.14,306.25,6.39,2025-01-10,2025-01-16,2025-01-16,Delivered,5.0,No,No
ORD101076,CUST10172,2025-05-10,Hyderabad,Hyderabad,Bhopal,105.4,Electronics,5,5.37,Air,Ecom Express,1101.16,63.08,4.76,2025-05-11,2025-05-13,2025-05-13,Delivered,4.0,No,No
ORD102158,CUST10169,2025-02-26,Bengaluru,Bengaluru,Kochi,275.5,Books,4,4.99,Rail,Blue Dart,988.64,287.97,8.72,2025-02-28,2025-03-07,2025-03-07,Delivered,4.0,No,No
ORD101477,CUST12561,2025-12-17,Hyderabad,Hyderabad,Coimbatore,270.2,Home & Kitchen,7,3.69,Road,XpressBees,1283.96,199.81,7.05,2025-12-20,2025-12-25,2025-12-29,Delayed,3.0,No,No
ORD103844,CUST11160,2025-09-07,Chennai,Chennai,Indore,424.8,Beauty,4,6.36,Road,XpressBees,1965.75,411.3,10.8,2025-09-10,2025-09-15,2025-09-15,Delivered,5.0,No,No
ORD100100,CUST11590,2025-05-02,Chennai,Chennai,Kolkata,1144.2,Sports,5,7.08,Road,Delhivery,5064.27,1037.59,7.17,2025-05-03,2025-05-09,2025-05-09,Delivered,4.0,No,No
ORD101327,CUST10246,2025-08-21,Mumbai,Mumbai,Hyderabad,307.1,Books,3,2.95,Air,Blue Dart,2771.29,291.08,12.59,2025-08-24,2025-08-29,2025-08-29,Delivered,4.0,No,No
ORD104579,CUST11265,2025-10-08,Bengaluru,Bengaluru,Ahmedabad,323.0,Beauty,4,10.23,Road,XpressBees,1584.58,374.57,10.86,2025-10-10,2025-10-15,2025-10-15,Delivered,4.0,No,No
ORD104811,CUST12142,2025-12-16,Pune,Pune,Vijayawada,212.8,Electronics,2,13.08,Express,Delhivery,1736.11,144.31,9.6,2025-12-19,2025-12-22,2025-12-22,Delivered,4.0,No,No
ORD100853,CUST11927,2025-07-03,Bengaluru,Bengaluru,Chennai,139.3,Clothing,2,9.52,Road,Ecom Express,755.99,64.36,9.2,2025-07-06,2025-07-11,2025-07-11,Delivered,4.0,No,No
ORD103606,CUST11262,2025-06-18,Delhi,Delhi,Ahmedabad,96.5,Beauty,3,6.26,Road,Shadowfax,374.88,85.65,9.24,2025-06-20,2025-06-25,2025-06-28,Delayed,4.0,No,No
ORD103500,CUST12135,2025-03-02,Chennai,Chennai,Bengaluru,241.0,Home & Kitchen,4,0.41,Air,Shadowfax,2163.57,191.45,6.0,2025-03-04,2025-03-07,2025-03-07,Delivered,3.0,No,No
ORD102039,CUST10270,2025-01-23,Chennai,Chennai,Nagpur,85.9,Home & Kitchen,4,9.31,Road,XpressBees,612.35,54.45,10.3,2025-01-26,2025-01-29,2025-02-03,Delayed,4.0,No,No
ORD100357,CUST11200,2025-08-09,Bengaluru,Bengaluru,Ahmedabad,332.1,Books,6,4.41,Air,Delhivery,3159.32,337.76,5.0,2025-08-11,2025-08-14,2025-08-16,Delayed,3.0,No,Yes
ORD103402,CUST11800,2025-04-18,Chennai,Chennai,Coimbatore,171.7,Home & Kitchen,4,2.76,Express,DTDC,1317.05,52.82,6.38,2025-04-20,2025-04-24,2025-04-27,Delayed,5.0,Yes,No
ORD100964,CUST12409,2025-06-18,Delhi,Delhi,Lucknow,793.5,Books,4,0.47,Air,Shadowfax,7331.33,780.39,8.55,2025-06-19,2025-06-24,2025-06-24,Delivered,,No,No
ORD103788,CUST11856,2025-09-25,Delhi,Delhi,Visakhapatnam,69.3,Grocery,1,2.48,Road,Delhivery,332.7,36.33,8.1,2025-09-27,2025-10-02,2025-10-02,Delivered,4.0,No,No
ORD100247,CUST12494,2025-01-29,Chennai,Chennai,Hyderabad,1255.5,Books,2,4.65,Road,Ecom Express,5179.27,1373.0,8.86,2025-02-01,2025-02-09,2025-02-10,Delayed,4.0,No,No
ORD101035,CUST10216,2025-08-15,Delhi,Delhi,,155.5,Sports,1,2.58,Air,Delhivery,1394.93,156.22,10.76,2025-08-18,2025-08-21,2025-08-21,Delivered,5.0,No,No
ORD103540,CUST12034,2025-12-06,Delhi,Delhi,Ahmedabad,144.9,Books,7,5.72,Rail,XpressBees,616.26,104.9,11.27,2025-12-07,2025-12-13,2025-12-13,Delivered,4.0,No,No
ORD100478,CUST12088,2025-11-06,Mumbai,Mumbai,Chennai,363.7,Automotive,4,7.87,Road,Delhivery,1607.25,409.88,13.64,2025-11-09,2025-11-14,2025-11-14,Delivered,4.0,No,No
ORD102458,CUST12057,2025-01-22,Chennai,Chennai,Ahmedabad,553.8,Automotive,6,2.54,Road,XpressBees,2165.52,614.24,7.92,2025-01-24,2025-01-31,2025-01-31,Delivered,4.0,No,No
ORD100905,CUST12334,2025-08-05,Bengaluru,Bengaluru,Kochi,273.0,Home & Kitchen,2,1.64,Air,Ecom Express,2332.28,285.91,7.02,2025-08-07,2025-08-09,2025-08-11,Delayed,3.0,No,No
ORD104953,CUST10144,2025-04-01,Delhi,Delhi,Lucknow,353.7,Sports,6,3.37,Road,Shadowfax,1564.19,333.2,8.76,2025-04-03,2025-04-08,2025-04-08,Delivered,,No,No
ORD100695,CUST12263,2025-01-08,Chennai,Chennai,Ahmedabad,203.3,Books,6,1.81,Air,DTDC,1870.69,133.36,9.39,2025-01-10,2025-01-13,2025-01-13,Delivered,5.0,No,No
ORD104297,CUST12204,2025-04-04,Hyderabad,Hyderabad,Bhopal,127.5,Automotive,1,10.95,Air,Shadowfax,1189.94,133.71,5.14,2025-04-05,2025-04-07,2025-04-07,Delivered,3.0,No,No
ORD104348,CUST10085,2025-07-18,Pune,Pune,Nagpur,620.9,Electronics,5,4.13,Road,Blue Dart,2597.45,492.13,10.89,2025-07-21,2025-07-28,2025-07-28,Delivered,4.0,No,No
ORD104713,CUST11347,2025-06-02,Chennai,Chennai,Indore,438.6,Books,3,3.91,Rail,Delhivery,1378.15,403.84,4.52,2025-06-03,2025-06-08,2025-06-08,Delivered,5.0,No,No
ORD104838,CUST11395,2025-03-20,Chennai,Chennai,Hyderabad,492.5,Automotive,5,3.2,Rail,Delhivery,1707.77,450.57,6.32,2025-03-22,2025-03-29,2025-03-29,Delivered,4.0,No,No
ORD100325,CUST11734,2025-04-04,Hyderabad,Hyderabad,Bhopal,521.0,Home & Kitchen,1,17.3,Rail,Shadowfax,1903.82,470.3,5.17,2025-04-05,2025-04-14,2025-04-16,Delayed,3.0,No,No
ORD102980,CUST11526,2025-10-12,Chennai,Chennai,Kolkata,388.1,Electronics,2,7.23,Road,Shadowfax,1723.6,337.72,5.58,2025-10-14,2025-10-19,2025-10-22,Delayed,3.0,No,No
ORD103160,CUST11465,2025-01-08,Hyderabad,Hyderabad,Delhi,104.3,Home & Kitchen,1,4.9,Air,Blue Dart,1047.12,69.76,8.76,2025-01-11,2025-01-14,2025-01-14,Delivered,5.0,No,No
ORD101860,CUST11485,2025-05-26,Hyderabad,Hyderabad,Visakhapatnam,485.4,Automotive,3,4.94,Rail,Blue Dart,1648.65,362.37,7.02,2025-05-28,2025-06-03,2025-06-08,Delayed,3.0,No,Yes
ORD101872,CUST11607,2025-04-02,Hyderabad,Hyderabad,Nagpur,490.8,Automotive,1,9.28,Road,Ecom Express,2053.61,383.1,5.45,2025-04-04,2025-04-10,2025-04-10,Delivered,3.0,No,No
ORD100463,CUST11371,2025-03-16,Chennai,Chennai,Bengaluru,284.9,Grocery,7,3.05,Road,Ecom Express,1299.69,200.18,7.79,2025-03-18,2025-03-23,2025-03-23,Delivered,4.0,No,No
ORD102796,CUST10255,2025-07-14,Hyderabad,Hyderabad,Vijayawada,98.3,Beauty,3,3.0,Rail,Ecom Express,396.18,109.16,3.49,2025-07-16,2025-07-22,2025-07-22,Delivered,4.0,No,No
ORD103977,CUST10371,2025-11-10,Bengaluru,Bengaluru,Vijayawada,241.9,Electronics,2,3.36,Road,Shadowfax,1100.52,177.69,8.92,2025-11-12,2025-11-18,2025-11-18,Delivered,3.0,No,No
ORD104452,CUST10891,2025-04-15,Delhi,Delhi,Ahmedabad,423.7,Grocery,5,3.65,Rail,Shadowfax,1490.33,473.51,10.82,2025-04-18,2025-04-24,2025-04-24,Delivered,5.0,No,No
ORD100955,CUST10356,2025-12-30,Hyderabad,Hyderabad,Ahmedabad,188.6,Grocery,3,6.12,Rail,Ecom Express,599.99,189.04,8.15,2026-01-01,2026-01-07,2026-01-07,Delivered,5.0,No,No
ORD100341,CUST12532,2025-05-22,Chennai,Chennai,Vijayawada,296.0,Automotive,3,4.67,Air,Ecom Express,2718.88,220.43,5.72,2025-05-24,2025-05-27,2025-05-30,Delayed,4.0,No,No
ORD104216,CUST10400,2025-02-08,Delhi,Delhi,Ahmedabad,348.6,Automotive,7,4.06,Road,DTDC,1653.09,230.25,10.78,2025-02-10,2025-02-16,2025-02-17,Delayed,3.0,No,Yes
ORD103381,CUST10378,2025-01-16,Mumbai,Mumbai,Bhopal,183.8,Grocery,3,1.93,Road,Blue Dart,843.47,230.45,13.03,2025-01-19,2025-01-23,2025-01-24,Delayed,3.0,No,No
ORD101072,CUST10423,2025-02-15,Bengaluru,Bengaluru,Bhopal,421.8,Electronics,5,4.66,Road,Blue Dart,1858.82,482.5,4.06,2025-02-17,2025-02-22,2025-02-22,Delivered,5.0,No,No
ORD101622,CUST12008,2025-09-11,Pune,Pune,Coimbatore,970.5,Automotive,5,6.85,Rail,Delhivery,3283.21,1023.17,10.38,2025-09-14,2025-09-20,2025-09-21,Delayed,3.0,No,No
ORD101998,CUST12620,2025-08-11,Pune,Pune,Nagpur,470.2,Home & Kitchen,7,3.83,Road,Blue Dart,2093.62,527.93,9.11,2025-08-14,2025-08-21,2025-08-21,Delivered,4.0,No,No
ORD101535,CUST10403,2025-09-26,Hyderabad,Hyderabad,Delhi,716.5,Grocery,5,2.31,Express,Shadowfax,5169.33,610.73,5.47,2025-09-28,2025-10-02,2025-10-02,Delivered,4.0,No,No
ORD103680,CUST12186,2025-08-23,Pune,Pune,Bhopal,214.8,Books,3,12.2,Road,XpressBees,1112.19,202.16,9.26,2025-08-25,2025-09-01,2025-09-03,Delayed,4.0,No,No
ORD101701,CUST10498,2025-06-13,Pune,Pune,Vijayawada,557.1,Electronics,7,6.3,Air,Blue Dart,5333.47,401.97,5.4,2025-06-15,2025-06-19,2025-06-19,Delivered,5.0,No,No
ORD101055,CUST11229,2025-02-24,Bengaluru,Bengaluru,Indore,243.6,Automotive,1,12.11,Express,DTDC,1925.12,289.81,9.37,2025-02-25,2025-03-01,2025-03-01,Delivered,3.0,No,No
ORD104158,CUST11335,2025-04-26,Chennai,Chennai,Vijayawada,258.7,Home & Kitchen,5,6.38,Express,Shadowfax,1977.69,301.24,6.57,2025-04-28,2025-05-01,2025-05-01,Delivered,3.0,No,No
ORD102678,CUST10536,2025-04-16,Hyderabad,Hyderabad,Delhi,111.2,Home & Kitchen,3,4.46,Rail,Shadowfax,416.82,119.87,5.28,2025-04-17,2025-04-23,2025-04-23,Delivered,4.0,No,No
ORD103822,CUST10713,2025-02-21,Chennai,Chennai,Jaipur,332.0,Sports,4,8.73,Road,DTDC,1583.41,300.44,6.51,2025-02-23,2025-03-01,2025-03-01,Delivered,4.0,No,No
ORD102923,CUST12546,2025-05-28,Hyderabad,Hyderabad,Kochi,306.4,Automotive,7,6.52,Road,Shadowfax,1464.43,,2.7,2025-05-30,2025-06-04,2025-06-04,Delivered,5.0,No,No
ORD102921,CUST11030,2025-07-30,Chennai,Chennai,Kolkata,251.0,Sports,4,6.81,Road,XpressBees,1312.41,207.06,9.79,2025-08-02,2025-08-07,2025-08-07,Delivered,5.0,No,No
ORD102362,CUST10694,2025-05-28,Pune,Pune,Bhopal,87.1,Home & Kitchen,4,3.91,Road,Ecom Express,520.94,63.46,7.65,2025-05-31,2025-06-03,2025-06-03,Delivered,4.0,No,No
ORD101027,CUST12152,2025-07-06,Delhi,Delhi,Ahmedabad,248.8,Sports,1,10.0,Air,XpressBees,2302.37,192.13,3.98,2025-07-07,2025-07-10,2025-07-10,Delivered,4.0,No,No
ORD101167,CUST12515,2025-08-06,Pune,Pune,Nagpur,326.6,Home & Kitchen,7,2.98,Road,XpressBees,1536.51,286.95,9.2,2025-08-08,2025-08-14,2025-08-15,Delayed,3.0,No,No
ORD103574,CUST11026,2025-11-02,Pune,Pune,Mumbai,121.8,Home & Kitchen,6,4.38,Road,Delhivery,656.45,88.17,7.76,2025-11-04,2025-11-10,2025-11-10,Delivered,4.0,No,No
ORD104050,CUST11092,2025-08-04,Bengaluru,Bengaluru,Indore,253.0,Automotive,3,3.76,Road,DTDC,1084.46,181.58,8.31,2025-08-07,2025-08-12,2025-08-15,Delayed,4.0,No,Yes
ORD104140,CUST10345,2025-02-28,Chennai,Chennai,Coimbatore,365.2,Clothing,1,18.9,Air,XpressBees,3469.72,327.21,6.91,2025-03-03,2025-03-05,2025-03-05,Delivered,4.0,No,No
ORD102756,CUST12699,2025-03-01,Delhi,Delhi,Kochi,397.1,Clothing,2,5.46,Express,Ecom Express,2868.71,424.06,10.18,2025-03-03,2025-03-05,2025-03-05,Delivered,5.0,No,No
ORD103671,CUST12086,2025-10-01,Pune,Pune,Mumbai,324.9,Home & Kitchen,1,10.45,Rail,Delhivery,1204.71,419.32,7.28,2025-10-03,2025-10-10,2025-10-10,Delivered,4.0,No,No
ORD102670,CUST12764,2025-12-15,Pune,Pune,Bengaluru,302.1,Grocery,1,3.25,Air,Ecom Express,2806.96,399.9,5.89,2025-12-17,2025-12-20,2025-12-20,Delivered,4.0,No,No
ORD101712,CUST10487,2025-05-03,Bengaluru,Bengaluru,Surat,247.7,Electronics,6,8.35,Road,Delhivery,1190.27,222.19,6.94,2025-05-05,2025-05-11,2025-05-11,Delivered,4.0,No,No
ORD104444,CUST11357,2025-10-22,Mumbai,Mumbai,Mumbai,66.7,Home & Kitchen,4,9.63,Express,Delhivery,769.84,106.87,7.06,2025-10-23,2025-10-24,2025-10-24,Delivered,4.0,No,No
ORD100411,CUST11033,2025-02-14,Delhi,Delhi,Jaipur,883.5,Electronics,5,3.25,Road,XpressBees,3931.94,779.73,8.19,2025-02-16,2025-02-22,2025-02-22,Delivered,5.0,No,No
ORD100896,CUST12561,2025-10-27,Hyderabad,Hyderabad,Bengaluru,365.8,Clothing,5,9.92,Road,Shadowfax,1802.15,375.08,6.22,2025-10-30,2025-11-04,2025-11-04,Delivered,5.0,No,No
ORD100614,CUST11913,2025-02-23,Hyderabad,Hyderabad,Delhi,223.9,Home & Kitchen,7,3.8,Air,Delhivery,2018.36,241.36,7.18,2025-02-25,2025-03-01,2025-03-01,Delivered,5.0,No,No
ORD102856,CUST10512,2025-10-18,Pune,Pune,Lucknow,135.2,Electronics,6,0.84,Road,Blue Dart,576.97,122.59,8.0,2025-10-21,2025-10-27,2025-10-27,Delivered,5.0,No,Yes
ORD103971,CUST12234,2025-05-06,Mumbai,Mumbai,Nagpur,216.3,Electronics,4,6.06,Express,DTDC,1586.88,177.41,10.65,2025-05-09,2025-05-13,2025-05-13,Delivered,5.0,No,No
ORD101845,CUST12351,2025-10-10,Hyderabad,Hyderabad,Indore,146.4,Books,4,8.3,Road,Delhivery,790.75,73.59,5.9,2025-10-12,2025-10-18,2025-10-18,Delivered,4.0,No,No
ORD103093,CUST11243,2025-07-09,Pune,Pune,Bengaluru,388.9,Automotive,7,7.6,Air,Ecom Express,3778.81,335.35,9.0,2025-07-10,2025-07-13,2025-07-13,Delivered,4.0,No,No
ORD104453,CUST11558,2025-04-21,Bengaluru,Bengaluru,Nagpur,667.8,Books,3,4.92,Air,Shadowfax,6120.16,388.36,,2025-04-24,2025-04-28,2025-04-28,Delivered,4.0,No,No
ORD104061,CUST10480,2025-01-13,Chennai,Chennai,Indore,451.3,Electronics,3,5.85,Air,Blue Dart,4177.69,484.4,6.85,2025-01-15,2025-01-17,2025-01-19,Delayed,2.0,No,No
ORD102766,CUST10363,2025-08-22,Hyderabad,Hyderabad,Mumbai,858.1,Grocery,4,2.4,Express,Delhivery,6226.62,602.17,9.09,2025-08-25,2025-08-31,2025-08-31,Delivered,4.0,No,No
ORD100979,CUST10587,2025-04-16,Delhi,Delhi,Hyderabad,913.5,Electronics,2,8.37,Road,XpressBees,3852.4,814.66,9.18,2025-04-19,2025-04-26,2025-04-26,Delivered,4.0,No,No
ORD104085,CUST11703,2025-07-27,Mumbai,Mumbai,Ahmedabad,1079.1,Beauty,4,3.19,Rail,DTDC,3465.44,1045.81,10.8,2025-07-29,2025-08-06,2025-08-06,Delivered,4.0,No,No
ORD102483,CUST12557,2025-12-16,Delhi,Delhi,Chennai,322.8,Sports,3,17.26,Road,DTDC,1594.25,273.95,9.31,2025-12-18,2025-12-22,2025-12-22,Delivered,4.0,No,No
ORD100910,CUST10302,2025-11-01,Hyderabad,Hyderabad,Nagpur,551.2,Sports,6,1.78,Air,DTDC,5207.91,630.63,6.45,2025-11-02,2025-11-04,2025-11-04,Delivered,4.0,No,No
ORD101757,CUST12215,2025-02-15,Delhi,Delhi,Indore,207.7,Home & Kitchen,7,10.17,Road,Shadowfax,1097.54,177.56,8.78,2025-02-17,2025-02-21,2025-02-21,Delivered,5.0,No,No
ORD100791,CUST11974,2025-12-13,Hyderabad,Hyderabad,Surat,870.4,Books,1,6.06,Road,Ecom Express,3774.02,717.97,4.17,2025-12-14,2025-12-21,2025-12-21,Delivered,4.0,No,No
ORD103179,CUST12428,2025-05-30,Hyderabad,Hyderabad,Ahmedabad,337.3,Clothing,6,5.4,Road,XpressBees,1538.53,192.13,5.1,2025-06-01,2025-06-06,2025-06-06,Delivered,4.0,No,No
ORD102208,CUST10213,2025-04-01,Bengaluru,Bengaluru,Chennai,982.7,Electronics,2,0.57,Express,DTDC,6942.63,869.45,8.09,2025-04-04,2025-04-09,2025-04-09,Delivered,5.0,No,No
ORD101595,CUST12253,2025-07-15,Hyderabad,Hyderabad,Mumbai,604.3,Home & Kitchen,1,5.19,Air,XpressBees,5601.52,535.61,7.38,2025-07-17,2025-07-19,2025-07-19,Delivered,3.0,No,No
ORD104660,CUST11867,2025-02-07,Delhi,Delhi,Jaipur,112.2,Beauty,4,7.1,Road,XpressBees,,53.25,4.65,2025-02-08,2025-02-13,2025-02-18,Delayed,4.0,No,No
ORD100335,CUST10369,2025-03-20,Bengaluru,Bengaluru,Chennai,1595.3,Automotive,2,2.81,Air,DTDC,14459.01,1444.66,8.31,2025-03-22,2025-03-30,2025-03-30,Delivered,5.0,No,No
ORD100800,CUST10166,2025-07-21,Hyderabad,Hyderabad,Surat,920.7,Beauty,3,6.59,Rail,DTDC,3201.23,771.56,9.35,2025-07-24,2025-08-01,2025-08-01,Delivered,4.0,No,No
ORD104638,CUST12318,2025-08-12,Hyderabad,Hyderabad,Delhi,389.1,Clothing,4,3.82,Road,Blue Dart,1745.42,340.62,7.66,2025-08-13,2025-08-18,2025-08-18,Delivered,4.0,No,No
ORD100893,CUST11007,2025-03-15,Pune,Pune,Delhi,1012.6,Beauty,4,5.34,Air,Ecom Express,9247.24,1021.47,9.0,2025-03-17,2025-03-21,2025-03-21,Delivered,5.0,No,No
ORD104663,CUST11291,2025-06-29,Pune,Pune,Ahmedabad,630.3,Electronics,5,5.7,Rail,DTDC,2091.03,472.68,7.19,2025-07-01,2025-07-08,2025-07-08,Delivered,4.0,No,No
ORD100142,CUST10926,2025-06-09,Bengaluru,Bengaluru,Coimbatore,307.3,Electronics,7,3.09,Express,DTDC,2191.01,198.79,10.05,2025-06-11,2025-06-14,2025-06-14,Delivered,4.0,No,No
ORD101127,CUST11018,2025-06-05,Chennai,Chennai,Nagpur,501.5,Grocery,5,9.56,Express,delhivery,3853.96,427.47,6.54,2025-06-08,2025-06-12,2025-06-13,Delayed,3.0,No,No
ORD104350,CUST10046,2025-05-11,Chennai,Chennai,Kolkata,154.0,Automotive,7,19.89,Road,Shadowfax,957.01,191.14,7.98,2025-05-15,2025-05-21,2025-05-24,Delayed,4.0,No,No
ORD103133,CUST12130,2025-11-16,Chennai,Chennai,Ahmedabad,118.2,Clothing,1,13.65,Air,Ecom Express,1410.58,39.73,8.73,2025-11-19,2025-11-20,2025-11-26,Delayed,4.0,No,No
ORD100038,CUST11615,2025-05-14,Mumbai,Mumbai,Kochi,35.4,Grocery,3,7.02,Road,Shadowfax,315.73,20.0,7.83,2025-05-17,2025-05-24,2025-05-26,Delayed,5.0,No,No
ORD104927,CUST11067,2025-09-20,Chennai,Chennai,Delhi,182.3,Books,6,1.81,Air,Ecom Express,1630.32,168.17,5.06,2025-09-21,2025-09-23,2025-09-23,Delivered,4.0,No,No
ORD100035,CUST10123,2025-11-05,Bengaluru,Bengaluru,Bhopal,155.4,Automotive,2,3.67,Rail,XpressBees,715.33,127.88,8.94,2025-11-07,2025-11-13,2025-11-14,Delayed,3.0,No,No
ORD102790,CUST10281,2025-10-02,Chennai,Chennai,Surat,466.4,Automotive,3,2.78,Road,Delhivery,2051.2,523.59,12.05,2025-10-05,2025-10-09,2025-10-09,Delivered,4.0,No,No
ORD103433,CUST12743,2025-09-26,Hyderabad,Hyderabad,Delhi,325.5,Sports,1,5.74,Rail,XpressBees,1154.28,332.9,6.32,2025-09-27,2025-10-04,2025-10-05,Delayed,3.0,No,No
ORD103776,CUST12753,2025-08-10,Hyderabad,Hyderabad,Delhi,183.4,Books,7,5.91,Road,Shadowfax,1176.42,108.11,11.11,2025-08-13,2025-08-18,2025-08-18,Delivered,4.0,No,No
ORD103906,CUST10111,2025-05-27,Chennai,Chennai,Coimbatore,813.7,Beauty,3,2.69,Express,Shadowfax,5661.94,609.14,6.58,2025-05-29,2025-06-03,2025-06-05,Delayed,4.0,No,No
ORD100613,CUST11830,2025-09-29,Delhi,Delhi,Coimbatore,134.3,Clothing,3,1.56,Road,Delhivery,665.55,135.3,5.92,2025-10-01,2025-10-07,2025-10-07,Delivered,4.0,No,Yes
ORD100181,CUST12117,2025-02-18,Bengaluru,Bengaluru,Kolkata,838.2,Beauty,4,4.73,Rail,Shadowfax,2790.54,951.79,10.47,2025-02-20,2025-02-27,2025-02-27,Delivered,3.0,No,No
ORD102032,CUST11369,2025-03-24,Bengaluru,Bengaluru,Lucknow,511.8,Home & Kitchen,3,3.25,Road,Blue Dart,2201.3,625.87,10.29,2025-03-26,2025-03-30,2025-04-06,Delayed,3.0,No,No
ORD103833,CUST12053,2025-11-24,Delhi,Delhi,Coimbatore,242.0,Beauty,7,13.01,Road,Blue Dart,1217.25,221.8,6.24,2025-11-26,2025-12-02,2025-12-02,Delivered,5.0,No,No
ORD104759,CUST10179,2025-06-18,Chennai,Chennai,Surat,742.0,Beauty,1,1.94,Rail,Blue Dart,2483.86,789.12,4.63,2025-06-19,2025-06-24,2025-06-24,Delivered,4.0,No,No
ORD103840,CUST10788,2025-01-08,Mumbai,Mumbai,Visakhapatnam,1006.4,Sports,7,2.03,Rail,DTDC,3358.89,1023.76,8.02,2025-01-10,2025-01-18,2025-01-18,Delivered,4.0,No,No
ORD101852,CUST10374,2025-10-23,Bengaluru,Bengaluru,Ahmedabad,541.3,Beauty,5,5.22,Rail,DTDC,1994.72,565.52,7.95,2025-10-25,2025-11-01,2025-11-01,Delivered,5.0,No,No
ORD102755,CUST10291,2025-04-29,Bengaluru,Bengaluru,Delhi,90.8,Electronics,2,5.19,Road,XpressBees,499.62,139.12,7.13,2025-05-01,2025-05-05,2025-05-08,Delayed,3.0,No,No
ORD100468,CUST11482,2025-06-03,Delhi,Delhi,Bhopal,128.6,Electronics,5,2.09,Road,Ecom Express,816.58,166.09,9.09,2025-06-04,2025-06-10,2025-06-10,Delivered,5.0,No,No
ORD101400,CUST11618,2025-11-12,Chennai,Chennai,Bhopal,194.9,Automotive,4,3.14,Road,Delhivery,919.02,146.37,4.1,2025-11-13,2025-11-18,2025-11-18,Delivered,5.0,No,Yes
ORD100737,CUST10460,2025-08-23,Delhi,Delhi,Hyderabad,301.0,Electronics,1,9.54,Express,DTDC,2414.79,225.55,10.29,2025-08-26,2025-08-28,2025-08-29,Delayed,4.0,No,No
ORD101992,CUST11214,2025-03-17,Bengaluru,Bengaluru,Kolkata,120.7,Electronics,2,7.15,Express,Shadowfax,1037.95,129.73,11.89,2025-03-20,2025-03-23,2025-03-27,Delayed,4.0,No,No
ORD102246,CUST10331,2025-04-09,Mumbai,Mumbai,Jaipur,1340.7,Clothing,4,4.18,Road,Blue Dart,5738.71,1369.68,8.3,2025-04-13,2025-04-22,2025-04-22,Delivered,4.0,No,No
ORD100195,CUST11146,2025-02-18,Delhi,Delhi,Pune,364.7,Books,1,4.49,Air,DTDC,3560.31,430.45,8.89,2025-02-21,2025-02-23,2025-02-28,Delayed,3.0,No,No
ORD101684,CUST11108,2025-07-05,Chennai,Chennai,Vijayawada,189.9,Beauty,2,4.43,Road,DTDC,935.68,159.12,6.66,2025-07-07,2025-07-12,2025-07-12,Delivered,5.0,No,No
ORD100316,CUST12390,2025-02-20,Delhi,Delhi,Coimbatore,84.4,Beauty,2,5.16,Road,Ecom Express,506.86,111.87,12.81,2025-02-23,2025-02-27,2025-02-27,Delivered,4.0,No,No
ORD104876,CUST11301,2025-02-09,Bengaluru,Bengaluru,Coimbatore,542.8,Sports,1,2.23,Road,Delhivery,2224.95,443.03,8.57,2025-02-12,2025-02-17,2025-02-19,Delayed,3.0,No,No
ORD104459,CUST12790,2025-01-19,Pune,Pune,Ahmedabad,370.9,Clothing,4,5.07,Rail,DTDC,1244.79,381.42,10.56,2025-01-21,2025-01-27,2025-01-27,Delivered,4.0,No,No
ORD101572,CUST12111,2025-06-09,Bengaluru,Bengaluru,Jaipur,72.8,Grocery,5,3.37,Road,Shadowfax,328.94,28.9,7.19,2025-06-11,2025-06-16,2025-06-16,Delivered,5.0,No,No
ORD102352,CUST10929,2025-11-21,Hyderabad,Hyderabad,Vijayawada,249.4,Sports,2,4.1,Air,DTDC,2429.74,289.11,6.18,2025-11-22,2025-11-24,2025-11-25,Delayed,4.0,No,No
ORD104290,CUST10661,2025-10-02,Hyderabad,Hyderabad,Nagpur,207.4,Sports,4,0.44,Road,Blue Dart,884.76,191.56,2.03,2025-10-04,2025-10-09,2025-10-09,Delivered,5.0,No,No
ORD104408,CUST11158,2025-05-01,Delhi,Delhi,Nagpur,51.8,Electronics,1,3.64,Road,Shadowfax,301.04,34.74,10.39,2025-05-03,2025-05-09,2025-05-09,Delivered,4.0,No,No
ORD100336,CUST11658,2025-05-08,Bengaluru,Bengaluru,Kolkata,165.8,Clothing,2,4.61,Express,Shadowfax,1315.71,200.78,10.65,2025-05-11,2025-05-14,2025-05-14,Delivered,4.0,No,No
ORD102887,CUST11417,2025-09-22,Mumbai,Mumbai,Kochi,476.2,Sports,1,3.12,Rail,Shadowfax,1564.05,520.18,10.05,2025-09-24,2025-09-30,2025-09-30,Delivered,4.0,No,No
ORD103199,CUST10895,2025-03-12,Hyderabad,Hyderabad,Indore,497.0,Beauty,5,5.75,Express,Shadowfax,3632.28,564.1,5.31,2025-03-13,2025-03-16,2025-03-16,Delivered,5.0,No,Yes
ORD104879,CUST10463,2025-02-17,Pune,Pune,Surat,164.7,Automotive,2,2.52,Air,Delhivery,1649.47,161.13,11.45,2025-02-19,2025-02-21,2025-02-21,Delivered,4.0,No,No
ORD104513,CUST11300,2025-02-28,Delhi,Delhi,Coimbatore,369.2,Books,5,2.85,Air,Blue Dart,3389.8,406.3,13.16,2025-03-03,2025-03-06,2025-03-06,Delivered,5.0,No,No
ORD102607,CUST10187,2025-01-28,Delhi,Delhi,Bengaluru,220.1,Sports,5,5.07,Road,XpressBees,1082.71,120.16,7.64,2025-01-30,2025-02-05,2025-02-05,Delivered,4.0,No,No
ORD103209,CUST10960,2025-06-21,Bengaluru,Bengaluru,Vijayawada,222.1,Books,4,0.2,Air,Ecom Express,1998.01,146.02,5.74,2025-06-22,2025-06-24,2025-06-24,Delivered,4.0,No,No
ORD101972,CUST10967,2025-03-29,Bengaluru,Bengaluru,Lucknow,119.9,Sports,3,7.56,Road,Shadowfax,678.31,151.7,6.29,2025-03-31,2025-04-04,2025-04-04,Delivered,4.0,Yes,No
ORD100717,CUST12573,2025-11-11,Chennai,Chennai,Bengaluru,102.2,Grocery,1,5.73,Road,Ecom Express,483.87,109.84,10.83,2025-11-13,2025-11-18,2025-11-18,Delivered,5.0,No,No
ORD104191,CUST10697,2025-05-02,Delhi,Delhi,Indore,398.0,Books,4,2.78,Air,Shadowfax,3703.77,313.65,8.37,2025-05-04,2025-05-06,2025-05-06,Delivered,5.0,No,No
ORD101208,CUST10831,2025-03-14,Chennai,Chennai,Bhopal,861.6,Grocery,3,4.13,Road,DTDC,3962.17,1002.52,9.41,2025-03-17,2025-03-23,2025-03-23,Delivered,5.0,No,No
ORD101751,CUST11771,2025-04-05,Bengaluru,Bengaluru,Kolkata,515.7,Electronics,1,4.41,Air,Ecom Express,4790.11,526.6,7.42,2025-04-06,2025-04-10,2025-04-10,Delivered,5.0,No,No
ORD101512,CUST10609,2025-09-21,Bengaluru,Bengaluru,Delhi,201.1,Electronics,5,12.34,Road,Delhivery,1152.61,189.13,9.21,2025-09-23,2025-09-29,2025-09-29,Delivered,4.0,No,No
ORD100777,CUST12645,2025-09-08,Chennai,Chennai,Jaipur,175.9,Automotive,1,2.8,Express,Ecom Express,1209.47,143.22,7.94,2025-09-10,2025-09-13,2025-09-13,Delivered,3.0,No,No
ORD101880,CUST10946,2025-09-09,Pune,Pune,Lucknow,151.2,Automotive,1,3.59,Road,Blue Dart,679.06,148.57,9.86,2025-09-12,2025-09-18,2025-09-18,Delivered,4.0,No,No
ORD103240,CUST12471,2025-09-02,Mumbai,Mumbai,Indore,286.1,Home & Kitchen,1,3.54,Express,XpressBees,2031.5,290.29,8.58,2025-09-05,2025-09-08,2025-09-08,Delivered,4.0,No,No
ORD100641,CUST11568,2025-05-02,Pune,Pune,Hyderabad,81.8,Beauty,4,2.61,Rail,Shadowfax,376.69,90.15,,2025-05-04,2025-05-09,2025-05-09,Delivered,4.0,No,No
ORD102370,CUST10351,2025-06-03,Pune,Pune,Ahmedabad,347.6,Automotive,7,23.75,Express,Ecom Express,2909.7,354.65,10.36,2025-06-05,2025-06-07,2025-06-13,Delayed,3.0,No,No
ORD101753,CUST11181,2025-09-09,Pune,Pune,Indore,757.7,Electronics,6,0.2,Road,Delhivery,3199.09,838.72,11.54,2025-09-11,2025-09-18,2025-09-18,Delivered,4.0,No,No
ORD103361,CUST10577,2025-02-22,Bengaluru,Bengaluru,Hyderabad,693.5,Home & Kitchen,3,10.38,Road,Blue Dart,3141.66,704.57,8.01,2025-02-25,2025-03-03,2025-03-05,Delayed,4.0,No,No
ORD100503,CUST10965,2025-09-15,Mumbai,Mumbai,Bhopal,180.9,Electronics,2,2.72,Road,XpressBees,843.22,220.59,9.37,2025-09-17,2025-09-23,2025-09-23,Delivered,4.0,No,No
ORD103467,CUST12371,2025-07-10,Hyderabad,Hyderabad,Nagpur,190.5,Clothing,6,1.06,Road,DTDC,938.57,191.82,7.69,2025-07-12,2025-07-16,2025-07-18,Delayed,3.0,No,No
ORD103749,CUST12679,2025-09-30,Delhi,Delhi,Surat,197.7,Automotive,3,3.02,Road,DTDC,998.59,,8.8,2025-10-02,2025-10-10,2025-10-16,Delayed,3.0,No,No
ORD104289,CUST10353,2025-05-16,Mumbai,Mumbai,Kochi,594.3,Grocery,2,2.95,Road,Blue Dart,2535.12,463.52,11.75,2025-05-18,2025-05-24,2025-05-24,Delivered,4.0,No,No
ORD104969,CUST10666,2025-02-05,Chennai,Chennai,Kolkata,146.7,Books,3,2.27,Rail,XpressBees,721.48,138.77,9.81,2025-02-07,2025-02-13,2025-02-14,Delayed,4.0,No,No
ORD101310,CUST12211,2025-07-30,Pune,Pune,Vijayawada,203.1,Home & Kitchen,2,18.29,Air,Shadowfax,2156.42,154.37,12.04,2025-08-01,2025-08-04,2025-08-04,Delivered,5.0,No,No
ORD102568,CUST10371,2025-04-26,Delhi,Delhi,Jaipur,534.2,Electronics,2,2.29,Air,XpressBees,4791.12,480.54,11.3,2025-04-29,2025-05-03,2025-05-03,Delivered,5.0,No,No
ORD102977,CUST10027,2025-01-02,Delhi,Delhi,Nagpur,420.1,Grocery,3,5.9,Road,Blue Dart,,277.63,9.58,2025-01-04,2025-01-10,2025-01-10,Delivered,4.0,No,No
ORD102389,CUST11476,2025-05-24,Hyderabad,Hyderabad,Coimbatore,345.9,Books,1,2.36,Road,Ecom Express,1427.0,307.57,8.19,2025-05-26,2025-05-31,2025-05-31,Delivered,4.0,No,No
ORD103460,CUST11671,2025-12-26,Chennai,Chennai,Nagpur,117.2,Sports,5,5.03,Road,Shadowfax,476.14,60.52,6.78,2025-12-28,2026-01-02,2026-01-05,Delayed,4.0,No,No
ORD100885,CUST11902,2025-01-01,Delhi,Delhi,Hyderabad,852.8,Home & Kitchen,4,3.92,Road,Delhivery,3728.96,1003.18,9.76,2025-01-03,2025-01-08,2025-01-08,Delivered,4.0,No,No
ORD102998,CUST12401,2025-07-07,Bengaluru,Bengaluru,Delhi,114.5,Home & Kitchen,2,1.93,Road,DTDC,614.57,91.75,5.58,2025-07-09,2025-07-15,2025-07-15,Delivered,5.0,No,No
ORD100391,CUST10603,2025-04-27,Bengaluru,Bengaluru,Nagpur,114.9,Books,6,1.54,Express,Delhivery,759.92,130.27,7.15,2025-04-29,2025-05-02,2025-05-06,Delayed,3.0,No,Yes
ORD100511,CUST12033,2025-07-26,Hyderabad,Hyderabad,Nagpur,734.9,Clothing,2,9.48,Road,Shadowfax,3367.3,569.2,5.76,2025-07-28,2025-08-02,2025-08-02,Delivered,4.0,No,No
ORD101387,CUST12316,2025-02-27,Hyderabad,Hyderabad,Lucknow,519.1,Grocery,3,1.2,Road,Ecom Express,2167.49,491.13,5.16,2025-02-28,2025-03-06,2025-03-06,Delivered,4.0,No,No
ORD101509,CUST10852,2025-09-24,Hyderabad,Hyderabad,Chennai,101.8,Grocery,7,2.01,Road,Ecom Express,645.76,112.14,4.24,2025-09-26,2025-09-30,2025-09-30,Delivered,5.0,No,No
ORD102865,CUST11467,2025-02-04,Delhi,Delhi,Indore,260.8,Beauty,5,5.96,Rail,XpressBees,960.1,173.07,9.63,2025-02-06,2025-02-11,2025-02-13,Delayed,3.0,No,No
ORD102072,CUST12633,2025-06-28,Chennai,Chennai,Lucknow,514.6,Electronics,5,10.14,Road,XpressBees,2374.54,574.95,8.74,2025-06-30,2025-07-05,2025-07-05,Delivered,3.0,No,No
ORD103275,CUST12386,2025-08-21,Mumbai,Mumbai,Delhi,617.0,Beauty,1,3.5,Road,Blue Dart,2568.68,572.87,6.78,2025-08-23,2025-08-30,2025-08-30,Delivered,5.0,No,No
ORD104878,CUST10655,2025-06-13,Delhi,Delhi,Chennai,399.7,Books,1,4.05,Road,Blue Dart,1749.67,346.36,5.9,2025-06-15,2025-06-20,2025-06-20,Delivered,4.0,No,No
ORD100733,CUST11685,2025-07-23,Chennai,Chennai,Hyderabad,373.2,Home & Kitchen,6,3.23,Road,Shadowfax,1636.42,264.44,4.42,2025-07-25,2025-07-29,2025-07-29,Delivered,4.0,No,No
ORD101459,CUST11865,2025-03-07,Pune,Pune,Bengaluru,336.9,Clothing,3,14.93,Road,Delhivery,1628.0,345.05,11.48,2025-03-10,2025-03-16,2025-03-16,Delivered,4.0,No,No
ORD104255,CUST10445,2025-01-21,Mumbai,Mumbai,Indore,571.8,Sports,3,3.81,Road,DTDC,2313.4,559.65,7.7,2025-01-23,2025-01-29,2025-01-31,Delayed,3.0,No,No
ORD104177,CUST10285,2025-07-17,Pune,Pune,Jaipur,371.0,Clothing,1,5.52,Road,Shadowfax,1640.7,338.0,10.84,2025-07-19,2025-07-26,2025-07-31,Delayed,4.0,No,No
ORD103335,CUST11588,2025-11-12,Pune,Pune,Nagpur,583.5,Automotive,6,3.87,Air,Ecom Express,5386.32,372.48,8.43,2025-11-15,2025-11-18,2025-11-18,Delivered,3.0,No,No
ORD100343,CUST10157,2025-06-18,Pune,Pune,Jaipur,174.0,Clothing,3,10.63,Road,XpressBees,789.73,195.12,6.43,2025-06-20,2025-06-25,2025-06-25,Delivered,4.0,No,No
ORD100110,CUST12453,2025-02-28,Mumbai,Mumbai,Delhi,214.6,Grocery,7,9.27,Air,XpressBees,2092.55,271.39,8.8,2025-03-02,2025-03-05,2025-03-06,Delayed,3.0,No,No
ORD100863,CUST12054,2025-05-04,Chennai,Chennai,Indore,476.7,Home & Kitchen,1,2.48,Road,XpressBees,2144.61,340.6,9.37,2025-05-07,2025-05-11,2025-05-11,Delivered,4.0,No,No
ORD100506,CUST11918,2025-11-03,Chennai,Chennai,Ahmedabad,679.1,Home & Kitchen,3,3.49,Air,Shadowfax,6123.78,761.01,10.14,2025-11-05,2025-11-09,2025-11-09,Delivered,4.0,No,No
ORD101720,CUST11140,2025-09-28,Pune,Pune,Visakhapatnam,388.6,Electronics,7,9.38,Road,Delhivery,1927.09,407.0,7.67,2025-09-30,2025-10-05,2025-10-06,Delayed,4.0,No,No
ORD101530,CUST11985,2025-03-20,Mumbai,Mumbai,Kochi,298.2,Electronics,5,10.15,Road,XpressBees,1481.54,292.69,10.98,2025-03-23,2025-03-28,2025-03-28,Delivered,5.0,Yes,No
ORD104790,CUST10396,2025-12-22,Hyderabad,Hyderabad,Nagpur,260.2,Books,4,4.05,Road,XpressBees,1272.87,227.6,6.59,2025-12-24,2025-12-29,2025-12-29,Delivered,4.0,No,No
ORD102408,CUST11551,2025-01-30,Chennai,Chennai,Bengaluru,306.7,Beauty,6,5.45,Rail,Blue Dart,1127.04,316.34,8.73,2025-02-01,2025-02-09,2025-02-09,Delivered,5.0,No,No
ORD104778,CUST11778,2025-05-04,Bengaluru,Bengaluru,Pune,364.3,Grocery,6,4.28,Express,XpressBees,2670.26,277.52,10.62,2025-05-07,2025-05-10,2025-05-10,Delivered,5.0,No,No
ORD102494,CUST11465,2025-05-07,Chennai,Chennai,Nagpur,336.3,Beauty,6,7.37,Road,Delhivery,1514.99,332.28,7.15,2025-05-09,2025-05-14,2025-05-14,Delivered,5.0,No,No
ORD100351,CUST11926,2025-08-22,Chennai,Chennai,Nagpur,213.1,Sports,4,2.15,Express,Shadowfax,1596.2,265.02,9.3,2025-08-24,2025-08-27,2025-08-27,Delivered,5.0,No,No
ORD103022,CUST11991,2025-01-05,Chennai,Chennai,Pune,144.7,Automotive,6,6.66,Road,Blue Dart,633.15,214.1,10.26,2025-01-07,2025-01-12,2025-01-12,Delivered,4.0,No,No
ORD102971,CUST12288,2025-04-08,Hyderabad,Hyderabad,Lucknow,568.6,Sports,2,3.11,Road,Ecom Express,2388.09,559.73,7.69,2025-04-10,2025-04-16,2025-04-16,Delivered,4.0,No,No
ORD102437,CUST10715,2025-11-06,Hyderabad,Hyderabad,Kochi,628.5,Electronics,1,3.16,Road,Blue Dart,2674.35,413.22,8.21,2025-11-07,2025-11-13,2025-11-13,Delivered,4.0,No,No
ORD101869,CUST10396,2025-06-16,Delhi,Delhi,Indore,184.5,Beauty,3,3.66,Road,Delhivery,813.96,207.2,11.64,2025-06-18,2025-06-23,2025-06-23,Delivered,5.0,Yes,Yes
ORD102325,CUST10310,2025-08-18,Bengaluru,Bengaluru,Jaipur,527.5,Home & Kitchen,3,12.45,Air,Ecom Express,4842.11,441.03,9.28,2025-08-20,2025-08-24,2025-08-25,Delayed,3.0,No,No
ORD101989,CUST10001,2025-04-28,Bengaluru,Bengaluru,Pune,216.9,Clothing,5,3.29,Road,DTDC,975.72,228.31,8.76,2025-04-30,2025-05-04,2025-05-04,Delivered,4.0,No,No
ORD104985,CUST11796,2025-08-30,Delhi,Delhi,Ahmedabad,458.4,Electronics,4,8.0,Road,DTDC,2090.73,350.2,5.7,2025-09-01,2025-09-06,2025-09-06,Delivered,5.0,No,No
ORD103522,CUST12205,2025-09-23,Mumbai,Mumbai,Delhi,180.9,Sports,5,3.44,Express,Shadowfax,1350.39,134.63,9.6,2025-09-25,2025-09-28,2025-09-28,Delivered,5.0,No,No
ORD101074,CUST11219,2025-05-03,Hyderabad,Hyderabad,Surat,147.9,Beauty,6,7.11,Road,Ecom Express,913.61,29.7,7.68,2025-05-05,2025-05-10,2025-05-10,Delivered,4.0,No,No
ORD100258,CUST10661,2025-07-24,Chennai,Chennai,Indore,374.1,Grocery,6,4.52,Road,XpressBees,1685.29,269.25,8.59,2025-07-26,2025-07-31,2025-08-03,Delayed,4.0,No,No
ORD104163,CUST11871,2025-06-12,Bengaluru,Bengaluru,Hyderabad,193.3,Sports,3,14.51,Road,Blue Dart,1002.04,207.96,8.85,2025-06-14,2025-06-20,2025-06-20,Delivered,5.0,No,No
ORD100051,CUST12157,2025-09-15,Mumbai,Mumbai,Indore,542.5,Grocery,7,0.9,Road,XpressBees,2428.91,444.7,10.54,2025-09-17,2025-09-23,2025-09-23,Delivered,4.0,No,No
ORD104499,CUST12037,2025-03-30,Mumbai,Mumbai,Pune,239.8,Grocery,5,15.96,Road,XpressBees,1279.67,182.32,10.27,2025-04-02,2025-04-08,2025-04-08,Delivered,,Yes,No
ORD102214,CUST11495,2025-11-18,Hyderabad,Hyderabad,Pune,692.7,Beauty,7,4.27,Road,Blue Dart,3092.86,740.9,11.89,2025-11-21,2025-11-27,2025-11-27,Delivered,4.0,No,No
ORD103344,CUST12244,2025-10-25,Mumbai,Mumbai,Hyderabad,181.7,Beauty,2,2.73,Air,DTDC,1648.95,131.65,9.6,2025-10-27,2025-10-29,2025-11-01,Delayed,3.0,No,Yes
ORD103904,CUST11319,2025-08-06,Delhi,Delhi,Bhopal,217.4,Home & Kitchen,6,3.18,road,DTDC,908.88,158.86,10.07,2025-08-09,2025-08-13,2025-08-13,Delivered,5.0,No,No
ORD103366,CUST10763,2025-08-15,Chennai,Chennai,Surat,153.3,Clothing,5,8.21,Air,Ecom Express,1607.77,117.44,9.05,2025-08-18,2025-08-21,2025-08-21,Delivered,5.0,Yes,No
ORD101444,CUST10769,2025-08-21,Mumbai,Mumbai,Jaipur,125.6,Books,7,3.2,air,Shadowfax,1278.63,41.17,9.64,2025-08-24,2025-08-27,2025-08-27,Delivered,5.0,No,No
ORD100526,CUST12723,2025-06-19,Pune,Pune,Mumbai,136.4,Beauty,6,9.93,Road,XpressBees,834.15,66.56,6.3,2025-06-21,2025-06-25,2025-06-28,Delayed,4.0,No,No
ORD104795,CUST11407,2025-12-28,Pune,Pune,Ahmedabad,398.3,Home & Kitchen,3,14.15,Rail,Ecom Express,1685.72,274.25,11.26,2025-12-30,2026-01-05,2026-01-05,Delivered,5.0,No,No
ORD104128,CUST10101,2025-01-05,Mumbai,Mumbai,Indore,485.4,Clothing,5,6.24,Road,Ecom Express,2191.83,459.38,9.77,2025-01-07,2025-01-14,2025-01-17,Delayed,4.0,No,No
ORD100359,CUST11059,2025-01-03,Mumbai,Mumbai,Hyderabad,642.5,Electronics,3,1.22,Road,DTDC,2777.03,521.17,12.05,2025-01-06,2025-01-12,2025-01-12,Delivered,4.0,No,No
ORD101396,CUST11698,2025-01-10,Mumbai,Mumbai,Delhi,192.2,Books,3,3.41,Express,Blue Dart,1549.99,82.58,12.51,2025-01-12,2025-01-14,2025-01-19,Delayed,3.0,No,No
ORD102750,CUST11788,2025-12-25,Chennai,Chennai,Ahmedabad,784.1,Automotive,6,2.88,Express,Blue Dart,5525.51,747.05,6.63,2025-12-27,2026-01-01,2026-01-01,Delivered,4.0,No,No
ORD104476,CUST10916,2025-12-12,Bengaluru,Bengaluru,Chennai,765.9,Sports,4,0.66,Air,Delhivery,6914.39,768.81,11.71,2025-12-15,2025-12-18,2025-12-18,Delivered,5.0,No,No
ORD103073,CUST10453,2025-02-09,Mumbai,Mumbai,Hyderabad,290.8,Sports,2,0.61,Rail,XpressBees,977.56,304.11,12.62,2025-02-12,2025-02-18,2025-02-18,Delivered,4.0,No,No
ORD102367,CUST12221,2025-12-27,Hyderabad,Hyderabad,Nagpur,196.7,Grocery,3,7.98,Road,Ecom Express,903.91,153.91,8.55,2025-12-30,2026-01-05,2026-01-05,Delivered,5.0,No,No
ORD103949,CUST10253,2025-11-04,Delhi,Delhi,Jaipur,229.3,Automotive,2,4.22,Road,XpressBees,1025.15,133.82,6.3,2025-11-06,2025-11-10,2025-11-10,Delivered,4.0,No,No
ORD100435,CUST12493,2025-10-04,Hyderabad,Hyderabad,Pune,519.4,Clothing,2,1.46,Road,XpressBees,2196.2,377.45,5.4,2025-10-05,2025-10-11,2025-10-11,Delivered,4.0,No,No
ORD101775,CUST12531,2025-07-22,Mumbai,Mumbai,Hyderabad,686.8,Home & Kitchen,7,4.4,Road,DTDC,3036.14,532.2,8.14,2025-07-24,2025-07-31,2025-07-31,Delivered,4.0,No,No
ORD102042,CUST11286,2025-04-10,Pune,Pune,Visakhapatnam,269.5,Books,1,2.81,Road,DTDC,1258.93,311.88,10.04,2025-04-13,2025-04-18,2025-04-18,Delivered,5.0,No,No
ORD101346,CUST10811,2025-07-20,Chennai,Chennai,Indore,195.6,Automotive,6,3.04,Air,Shadowfax,1910.67,244.45,7.59,2025-07-21,2025-07-22,2025-07-22,Delivered,5.0,No,No
ORD104496,CUST10806,2025-01-30,Chennai,Chennai,Jaipur,633.8,Automotive,2,1.37,Air,Ecom Express,5851.39,706.54,5.99,2025-02-01,2025-02-03,2025-02-03,Delivered,4.0,No,No
ORD101304,CUST12427,2025-06-05,Delhi,Delhi,Hyderabad,476.0,Sports,1,4.65,Road,Blue Dart,1989.65,552.09,8.87,2025-06-07,2025-06-12,2025-06-15,Delayed,3.0,No,No
ORD101516,CUST11384,2025-04-16,Hyderabad,Hyderabad,Kolkata,159.7,Beauty,6,1.15,Rail,XpressBees,557.69,201.44,6.98,2025-04-18,2025-04-23,2025-04-23,Delivered,4.0,No,No
ORD102707,CUST10457,2025-01-06,Hyderabad,Hyderabad,Visakhapatnam,1235.4,Clothing,6,1.31,Road,Delhivery,5197.23,1096.02,3.8,2025-01-07,2025-01-15,2025-01-15,Delivered,5.0,No,No
ORD104178,CUST10337,2025-12-13,Bengaluru,Bengaluru,Kolkata,452.1,Beauty,2,1.63,Rail,XpressBees,,382.73,6.96,2025-12-15,2025-12-20,2025-12-20,Delivered,5.0,No,No
ORD100055,CUST11663,2025-04-21,Delhi,Delhi,Indore,376.7,Grocery,4,4.55,Road,Delhivery,1667.81,280.74,10.51,2025-04-23,2025-04-28,2025-04-28,Delivered,4.0,No,No
ORD104934,CUST12519,2025-06-03,Chennai,Chennai,Kochi,487.9,Beauty,4,2.79,Air,Ecom Express,4481.07,362.06,9.8,2025-06-05,2025-06-08,2025-06-11,Delayed,3.0,No,No
ORD104695,CUST11031,2025-11-27,Hyderabad,Hyderabad,Jaipur,404.0,Beauty,5,1.21,Road,XpressBees,1807.19,355.19,4.96,2025-11-28,2025-12-02,2025-12-02,Delivered,4.0,No,No
ORD104420,CUST11462,2025-03-20,Pune,Pune,Vijayawada,540.3,Home & Kitchen,5,7.95,Road,Shadowfax,2377.69,385.46,9.58,2025-03-22,2025-03-28,2025-03-29,Delayed,4.0,No,No
ORD104744,CUST10173,2025-05-21,Pune,Pune,Lucknow,834.9,Beauty,2,6.46,Rail,Ecom Express,2885.73,954.97,10.25,2025-05-24,2025-06-01,2025-06-01,Delivered,4.0,No,No
ORD104180,CUST11203,2025-08-06,Bengaluru,Bengaluru,Mumbai,270.8,Automotive,2,6.33,Express,Blue Dart,2047.58,245.35,3.55,2025-08-08,2025-08-12,2025-08-12,Delivered,3.0,No,No
ORD104383,CUST12072,2025-10-21,Delhi,Delhi,Lucknow,475.3,Home & Kitchen,7,4.29,Road,Ecom Express,2062.62,446.43,9.95,2025-10-24,2025-10-31,2025-10-31,Delivered,4.0,No,No
ORD103005,CUST10968,2025-11-10,Hyderabad,Hyderabad,Lucknow,511.8,Sports,7,5.01,Air,Delhivery,4775.95,616.56,6.02,2025-11-12,2025-11-16,2025-11-16,Delivered,5.0,No,No
ORD100734,CUST11274,2025-04-16,Pune,Pune,Ahmedabad,284.1,Electronics,6,9.5,Air,DTDC,2850.85,118.88,7.59,2025-04-17,2025-04-19,2025-04-20,Delayed,3.0,Yes,No
ORD103715,CUST12116,2025-06-19,Hyderabad,Hyderabad,Jaipur,301.7,Beauty,5,22.72,Express,Ecom Express,2519.35,327.18,8.3,2025-06-21,2025-06-24,2025-06-24,Delivered,5.0,No,No
ORD104799,CUST10291,2025-06-08,Chennai,Chennai,Pune,145.5,Grocery,1,4.39,Road,Blue Dart,693.5,178.01,7.43,2025-06-10,2025-06-16,2025-06-16,Delivered,5.0,No,No
ORD100088,CUST11451,2025-07-31,Hyderabad,Hyderabad,Kochi,359.2,Home & Kitchen,6,7.46,Air,DTDC,3399.19,252.22,7.27,2025-08-02,2025-08-05,2025-08-05,Delivered,4.0,No,No
ORD101228,CUST10289,2025-12-21,Hyderabad,Hyderabad,Jaipur,175.4,Electronics,1,0.85,Road,Shadowfax,,138.73,5.95,2025-12-23,2025-12-28,2025-12-28,Delivered,4.0,No,No
ORD100781,CUST10925,2025-04-08,Chennai,Chennai,Vijayawada,79.7,Grocery,7,6.07,Rail,DTDC,463.23,140.33,8.31,2025-04-11,2025-04-18,2025-04-18,Delivered,5.0,No,No
ORD100829,CUST10522,2025-04-25,Bengaluru,Bengaluru,Indore,590.2,Beauty,2,4.51,Road,Shadowfax,2509.54,526.1,7.53,2025-04-27,2025-05-03,2025-05-05,Delayed,2.0,No,No
ORD103294,CUST11537,2025-01-26,Delhi,Delhi,Mumbai,263.0,Grocery,3,1.12,Road,Ecom Express,1099.3,138.88,11.77,2025-01-29,2025-02-04,2025-02-10,Delayed,3.0,No,No
ORD104915,CUST10064,2025-12-07,Chennai,Chennai,Indore,219.9,Electronics,1,0.66,Road,XpressBees,1025.44,166.71,9.64,2025-12-09,2025-12-13,2025-12-13,Delivered,4.0,No,No
ORD100163,CUST10958,2025-01-26,Pune,Pune,Bhopal,452.5,Books,7,4.65,Road,Shadowfax,2166.6,513.28,6.27,2025-01-29,2025-02-03,2025-02-06,Delayed,4.0,No,No
ORD104457,CUST11170,2025-07-25,Hyderabad,Hyderabad,Visakhapatnam,850.1,Automotive,3,0.97,Road,Ecom Express,3638.11,549.46,11.06,2025-07-27,2025-08-03,2025-08-03,Delivered,5.0,No,No
ORD104647,CUST12386,2025-05-25,Pune,Pune,Bengaluru,518.1,Electronics,3,2.4,Road,Ecom Express,2312.27,447.64,7.74,2025-05-27,2025-06-03,2025-06-03,Delivered,4.0,No,No
ORD103115,CUST12176,2025-12-09,Bengaluru,Bengaluru,Bhopal,263.1,Automotive,6,8.74,Road,Shadowfax,1422.21,259.86,3.09,2025-12-11,2025-12-16,2025-12-18,Delayed,4.0,No,No
ORD103948,CUST11552,2025-05-05,Chennai,Chennai,Hyderabad,719.6,Electronics,7,9.63,Road,Delhivery,3325.4,698.56,9.07,2025-05-07,2025-05-14,2025-05-14,Delivered,5.0,No,No
ORD100831,CUST12148,2025-08-05,Bengaluru,Bengaluru,Delhi,400.1,Sports,6,4.59,Road,XpressBees,1731.44,347.4,8.9,2025-08-07,2025-08-13,2025-08-15,Delayed,4.0,No,No
ORD102556,CUST10278,2025-09-12,Bengaluru,Bengaluru,Ahmedabad,307.0,Home & Kitchen,7,3.68,Road,Blue Dart,1608.95,166.93,10.19,2025-09-14,2025-09-20,2025-09-20,Delivered,4.0,No,No
ORD102857,CUST10176,2025-05-10,Mumbai,Mumbai,Chennai,233.3,Sports,1,3.97,Road,Ecom Express,1165.42,174.45,11.61,2025-05-12,2025-05-17,2025-05-17,Delivered,5.0,No,No
ORD102168,CUST12008,2025-10-09,Delhi,Delhi,Pune,663.7,Sports,4,1.22,Air,XpressBees,6011.21,433.99,13.14,2025-10-12,2025-10-16,2025-10-18,Delayed,3.0,No,No
ORD101283,CUST10674,2025-10-31,Delhi,Delhi,Jaipur,277.7,Books,5,34.09,Rail,Ecom Express,1392.5,355.74,12.76,2025-11-03,2025-11-08,2025-11-08,Delivered,4.0,No,No
ORD102163,CUST11667,2025-02-05,Bengaluru,Bengaluru,Ahmedabad,593.1,Clothing,3,7.14,Rail,Blue Dart,2043.71,695.5,8.14,2025-02-07,2025-02-14,2025-02-14,Delivered,3.0,No,No
ORD104850,CUST10125,2025-09-25,Chennai,Chennai,Surat,142.5,Electronics,3,4.08,Express,Blue Dart,1219.08,65.61,6.35,2025-09-27,2025-09-30,2025-09-30,Delivered,4.0,No,No
ORD104552,CUST11110,2025-10-12,Chennai,Chennai,Bengaluru,433.8,electronics,5,4.95,Road,DTDC,1872.73,434.53,6.59,2025-10-15,2025-10-21,2025-10-21,Delivered,4.0,No,No
ORD103008,CUST12798,2025-12-20,Hyderabad,Hyderabad,Kolkata,466.9,Sports,4,2.13,Road,Blue Dart,2110.18,,8.02,2025-12-23,2025-12-28,2025-12-28,Delivered,4.0,No,No
ORD102802,CUST10459,2025-05-13,Mumbai,Mumbai,Bengaluru,452.5,Books,2,9.08,Road,XpressBees,2117.85,379.57,9.44,2025-05-15,2025-05-19,2025-05-19,Delivered,4.0,No,No
ORD104404,CUST11044,2025-06-28,Chennai,Chennai,Vijayawada,584.3,Grocery,6,13.07,Road,Ecom Express,2807.33,476.6,8.22,2025-06-30,2025-07-07,2025-07-07,Delivered,5.0,No,No
ORD100355,CUST12385,2025-04-19,Pune,Pune,Chennai,558.3,Sports,3,11.87,Air,XpressBees,5288.81,368.44,9.03,2025-04-21,2025-04-25,2025-04-25,Delivered,5.0,No,No
ORD103575,CUST11195,2025-03-22,Pune,Pune,Surat,199.5,Automotive,2,2.15,Road,Delhivery,952.83,318.54,11.24,2025-03-25,2025-04-01,2025-04-04,Delayed,3.0,No,No
ORD104682,CUST11333,2025-11-09,Pune,Pune,Coimbatore,784.6,Sports,7,2.36,Road,Delhivery,3314.7,576.0,4.42,2025-11-11,2025-11-18,2025-11-18,Delivered,5.0,No,No
ORD100712,CUST10891,2025-12-01,Chennai,Chennai,Indore,331.6,Automotive,1,2.46,Road,Delhivery,1555.22,212.39,5.47,2025-12-02,2025-12-08,2025-12-08,Delivered,4.0,No,No
ORD102531,CUST10410,2025-09-06,Bengaluru,Bengaluru,Kolkata,576.8,Books,1,23.11,Air,XpressBees,5581.12,484.23,7.93,2025-09-08,2025-09-10,2025-09-10,Delivered,5.0,No,No
ORD100637,CUST10975,2025-01-10,Bengaluru,Bengaluru,Visakhapatnam,393.5,Automotive,2,7.53,Rail,DTDC,1574.89,442.68,5.21,2025-01-12,2025-01-18,2025-01-18,Delivered,3.0,No,No
ORD100060,CUST11195,2025-06-21,Bengaluru,Bengaluru,Kolkata,486.7,Automotive,0,5.84,Rail,XpressBees,1787.81,464.03,7.81,2025-06-23,2025-07-01,2025-07-01,Delivered,4.0,No,Yes
ORD104992,CUST12657,2025-11-22,Pune,Pune,Ahmedabad,378.7,Electronics,6,8.83,Road,Shadowfax,1814.09,395.71,6.42,2025-11-24,2025-11-29,2025-11-30,Delayed,4.0,No,No
ORD104821,CUST12365,2025-04-29,Chennai,Chennai,Visakhapatnam,118.3,Books,4,5.72,Road,Blue Dart,477.32,141.49,6.19,2025-05-01,2025-05-07,2025-05-07,Delivered,5.0,No,No
ORD103570,CUST11372,2025-08-06,Hyderabad,Hyderabad,Chennai,672.0,Beauty,6,3.27,Road,Ecom Express,3114.26,699.23,13.5,2025-08-09,2025-08-15,2025-08-19,Delayed,3.0,No,No
ORD101389,CUST10580,2025-08-17,Pune,Pune,Vijayawada,381.8,Beauty,6,3.77,Road,Ecom Express,1635.58,356.12,5.4,2025-08-19,2025-08-24,2025-08-24,Delivered,5.0,No,No
ORD102128,CUST12705,2025-10-12,Hyderabad,Hyderabad,Vijayawada,600.5,Beauty,7,9.12,Road,XpressBees,2629.51,445.26,9.71,2025-10-14,2025-10-18,2025-10-19,Delayed,3.0,Yes,No
ORD102461,CUST10160,2025-10-28,Delhi,Delhi,Chennai,183.6,Clothing,4,2.96,Road,DTDC,737.58,69.97,8.31,2025-10-30,2025-11-05,2025-11-05,Delivered,4.0,No,No
ORD100993,CUST11674,2025-09-27,Delhi,Delhi,Surat,358.5,Home & Kitchen,4,2.43,Road,Delhivery,1651.09,287.64,9.91,2025-09-30,2025-10-06,2025-10-09,Delayed,3.0,No,No
ORD100975,CUST10924,2025-09-15,Pune,Pune,Mumbai,395.4,Automotive,4,2.36,Road,Shadowfax,1765.6,390.04,8.37,2025-09-17,2025-09-22,2025-09-22,Delivered,5.0,No,No
ORD101786,CUST11966,2025-02-25,Pune,Pune,Mumbai,567.8,Books,1,2.76,Rail,DTDC,1764.96,643.1,8.59,2025-02-28,2025-03-07,2025-03-07,Delivered,4.0,No,Yes
ORD103939,CUST12362,2025-04-10,Mumbai,Mumbai,Visakhapatnam,956.9,Electronics,1,17.21,Rail,Shadowfax,3366.95,902.3,11.26,2025-04-13,2025-04-20,2025-04-20,Delivered,5.0,No,No
ORD103479,CUST10005,2025-12-13,Pune,Pune,Kolkata,317.1,Grocery,5,4.97,Air,XpressBees,3034.67,225.9,11.31,2025-12-15,2025-12-17,2025-12-17,Delivered,4.0,No,No
ORD102528,CUST11981,2025-12-29,Hyderabad,Hyderabad,Bengaluru,159.7,Home & Kitchen,2,12.85,Road,Ecom Express,910.55,102.47,5.65,2025-12-31,2026-01-04,2026-01-08,Delayed,3.0,No,No
ORD101721,CUST12160,2025-12-01,Hyderabad,Hyderabad,Bengaluru,309.7,Grocery,4,3.68,Air,Delhivery,2832.19,298.65,2.0,2025-12-02,2025-12-05,2025-12-05,Delivered,4.0,No,No
ORD103550,CUST12210,2025-04-02,Delhi,Delhi,Visakhapatnam,370.6,Automotive,4,4.07,Air,Delhivery,3407.84,324.37,9.73,2025-04-04,2025-04-07,2025-04-07,Delivered,5.0,No,No
ORD102311,CUST11879,2025-01-09,Mumbai,Mumbai,Ahmedabad,244.3,Electronics,4,2.65,Air,XpressBees,2239.37,319.2,5.54,2025-01-12,2025-01-13,2025-01-13,Delivered,5.0,No,No
ORD100676,CUST10103,2025-01-26,Chennai,Chennai,Bengaluru,195.7,Home & Kitchen,3,2.96,Road,Shadowfax,929.52,275.27,8.09,2025-01-28,2025-02-01,2025-02-01,Delivered,4.0,No,No
ORD101719,CUST12138,2025-12-03,Pune,Pune,Delhi,134.3,Beauty,7,5.36,Road,Blue Dart,708.01,178.97,10.27,2025-12-06,2025-12-13,2025-12-13,Delivered,5.0,No,No
ORD101561,CUST11769,2025-10-03,Chennai,Chennai,Lucknow,123.2,Sports,7,2.15,Road,Delhivery,630.78,155.14,5.42,2025-10-05,2025-10-10,2025-10-10,Delivered,5.0,No,No
ORD103081,CUST12308,2025-07-10,Delhi,Delhi,Nagpur,518.9,Clothing,6,11.01,Road,XpressBees,2422.56,562.28,9.96,2025-07-13,2025-07-18,2025-07-18,Delivered,4.0,No,No
ORD103821,CUST12241,2025-03-24,Hyderabad,Hyderabad,Mumbai,234.2,Home & Kitchen,6,6.0,Road,DTDC,1252.94,199.26,7.25,2025-03-26,2025-04-01,2025-04-03,Delayed,3.0,No,No
ORD103706,CUST11948,2025-07-11,Pune,Pune,Kolkata,820.0,Beauty,4,11.24,Rail,Delhivery,2899.57,572.06,9.94,2025-07-13,2025-07-22,2025-07-22,Delivered,4.0,No,No
ORD102630,CUST12073,2025-07-04,Pune,Pune,Lucknow,598.8,Electronics,5,4.92,Road,DTDC,2722.89,574.86,10.9,2025-07-07,2025-07-12,2025-07-12,Delivered,4.0,No,No
ORD101945,CUST11233,2025-11-28,Chennai,Chennai,Hyderabad,535.7,Automotive,4,13.95,Road,Shadowfax,2440.14,525.43,11.4,2025-11-30,2025-12-06,2025-12-06,Delivered,5.0,No,No
ORD101248,CUST12170,2025-10-18,Pune,Pune,Visakhapatnam,1145.5,Sports,7,6.7,Road,Ecom Express,5128.09,972.35,4.98,2025-10-20,2025-10-28,2025-10-28,Delivered,3.0,No,No
ORD104726,CUST11082,2025-04-24,chennai,Chennai,Pune,640.4,Clothing,6,1.9,Road,Shadowfax,2730.4,629.89,6.69,2025-04-26,2025-05-02,2025-05-02,Delivered,5.0,No,Yes
ORD101651,CUST11783,2025-06-19,Mumbai,Mumbai,Kochi,259.0,Automotive,2,5.17,Road,Delhivery,1101.67,230.33,8.96,2025-06-21,2025-06-26,2025-06-26,Delivered,4.0,No,No
ORD103303,CUST12609,2025-06-03,Pune,Pune,Indore,125.0,Automotive,7,6.04,Road,XpressBees,650.28,109.31,5.39,2025-06-06,2025-06-11,2025-06-11,Delivered,3.0,No,No
ORD103848,CUST11321,2025-12-02,Bengaluru,Bengaluru,Lucknow,358.3,Sports,4,16.4,Express,XpressBees,2905.14,333.14,9.02,2025-12-05,2025-12-10,2025-12-13,Delayed,3.0,No,No
ORD102351,CUST11684,2025-12-08,Chennai,Chennai,Kolkata,455.6,Grocery,5,1.14,Rail,Shadowfax,1425.61,448.76,7.87,2025-12-11,2025-12-18,2025-12-21,Delayed,3.0,No,No
ORD100670,CUST11579,2025-01-26,Hyderabad,Hyderabad,Lucknow,548.6,Grocery,3,10.9,Rail,dtdc,1840.28,336.73,8.97,2025-01-28,2025-02-04,2025-02-04,Delivered,5.0,No,No
ORD100145,CUST11312,2025-08-31,Chennai,Chennai,Indore,392.2,Beauty,1,7.56,Road,XpressBees,1803.27,449.42,8.83,2025-09-02,2025-09-08,2025-09-08,Delivered,5.0,No,No
ORD100008,CUST11807,2025-10-17,Bengaluru,Bengaluru,Kolkata,344.5,Grocery,5,3.62,Road,Blue Dart,1461.5,320.78,8.07,2025-10-19,2025-10-24,2025-10-27,Delayed,4.0,No,No
ORD103607,CUST11911,2025-06-19,Mumbai,Mumbai,Kochi,375.3,Beauty,4,6.9,Road,Ecom Express,1829.64,462.87,10.28,2025-06-22,2025-06-28,2025-06-28,Delivered,4.0,No,No
ORD100180,CUST10949,2025-08-31,Mumbai,Mumbai,Kochi,363.9,Sports,3,1.45,Road,XpressBees,1657.11,318.19,12.49,2025-09-03,2025-09-09,2025-09-09,Delivered,5.0,No,No
ORD100320,CUST11699,2025-05-19,Bengaluru,Bengaluru,Lucknow,669.5,Automotive,6,4.03,Express,DTDC,4919.34,510.86,6.85,2025-05-21,2025-05-25,2025-05-25,Delivered,4.0,No,No
ORD104031,CUST10312,2025-09-29,Chennai,Chennai,Coimbatore,161.0,Automotive,1,8.59,Rail,Blue Dart,667.99,137.85,5.81,2025-10-01,2025-10-07,2025-10-07,Delivered,4.0,No,No
ORD100278,CUST12029,2025-08-28,Chennai,Chennai,Ahmedabad,502.7,Automotive,1,6.1,Road,DTDC,2232.68,524.37,9.14,2025-08-31,2025-09-06,2025-09-06,Delivered,4.0,No,No
ORD103602,CUST12360,2025-01-20,Hyderabad,Hyderabad,Vijayawada,473.2,Sports,1,8.33,Road,XpressBees,2151.71,391.5,4.68,2025-01-21,2025-01-26,2025-01-26,Delivered,5.0,No,No
ORD102821,CUST10532,2025-01-08,Hyderabad,Hyderabad,Indore,292.8,Grocery,3,8.84,Road,Delhivery,1393.6,201.04,6.27,2025-01-10,2025-01-14,2025-01-14,Delivered,5.0,No,No
ORD100092,CUST12417,2025-03-08,Mumbai,Mumbai,Kochi,511.0,Automotive,6,4.9,Road,DTDC,2160.91,570.83,7.12,2025-03-10,2025-03-15,2025-03-16,Delayed,3.0,No,No
ORD102514,CUST12485,2025-01-02,Pune,Pune,Bengaluru,516.6,Beauty,7,6.19,Air,Delhivery,4935.46,355.62,6.72,2025-01-04,2025-01-08,2025-01-08,Delivered,4.0,No,No
ORD103957,CUST10375,2025-07-21,Chennai,Chennai,Bengaluru,997.2,Sports,1,11.09,Air,Shadowfax,9239.91,1108.41,6.61,2025-07-23,2025-07-27,2025-07-27,Delivered,4.0,No,No
ORD102890,CUST12570,2025-05-16,Hyderabad,Hyderabad,Chennai,477.8,Books,3,4.79,Express,Delhivery,3468.69,542.36,6.5,2025-05-18,2025-05-22,2025-05-22,Delivered,5.0,No,No
ORD100164,CUST11233,2025-01-15,Delhi,Delhi,Indore,154.1,Home & Kitchen,3,4.25,Road,Delhivery,750.9,218.93,,2025-01-17,2025-01-22,2025-01-22,Delivered,,No,No
ORD103503,CUST11496,2025-10-03,Chennai,Chennai,Mumbai,62.9,Electronics,3,7.29,Road,Delhivery,405.76,20.0,,2025-10-06,2025-10-11,2025-10-11,Delivered,3.0,No,Yes
ORD101659,CUST10853,2025-12-01,Hyderabad,Hyderabad,Kolkata,257.7,Books,4,8.68,Road,Blue Dart,1364.95,281.98,7.75,2025-12-03,2025-12-09,2025-12-09,Delivered,4.0,No,No
ORD103169,CUST10668,2025-10-23,Hyderabad,Hyderabad,Kolkata,812.1,Clothing,2,3.21,Road,Delhivery,3618.6,638.4,6.86,2025-10-25,2025-10-30,2025-11-01,Delayed,4.0,No,No
ORD102541,CUST10119,2025-06-30,Hyderabad,Hyderabad,Ahmedabad,136.6,Books,3,1.4,Road,Delhivery,746.99,134.9,6.36,2025-07-02,2025-07-07,2025-07-13,Delayed,3.0,No,No
ORD104427,CUST11363,2025-12-02,Chennai,Chennai,Jaipur,166.0,Home & Kitchen,5,5.32,Road,XpressBees,903.67,108.61,9.46,2025-12-04,2025-12-09,2025-12-09,Delivered,4.0,No,No
ORD104141,CUST11133,2025-01-27,Hyderabad,Hyderabad,Pune,180.1,Clothing,4,6.95,Rail,XpressBees,682.02,132.45,6.83,2025-01-29,2025-02-03,2025-02-03,Delivered,4.0,No,No
ORD102627,CUST11272,2025-03-05,Hyderabad,Hyderabad,Visakhapatnam,672.5,Sports,7,2.17,Air,Shadowfax,6078.14,585.71,7.55,2025-03-07,2025-03-10,2025-03-10,Delivered,4.0,No,No
ORD101212,CUST10491,2025-08-23,Hyderabad,Hyderabad,Bengaluru,196.6,Clothing,7,4.37,Road,Delhivery,1032.92,164.54,5.71,2025-08-24,2025-08-28,2025-08-29,Delayed,4.0,No,No
ORD100664,CUST10407,2025-03-12,Chennai,Chennai,Delhi,503.8,Home & Kitchen,4,0.51,Road,XpressBees,2163.76,481.29,8.99,2025-03-14,2025-03-18,2025-03-18,Delivered,4.0,Yes,No
ORD102428,CUST11174,2025-12-19,Bengaluru,Bengaluru,Vijayawada,174.5,Automotive,6,2.41,Road,XpressBees,770.63,235.61,6.6,2025-12-21,2025-12-25,2025-12-28,Delayed,3.0,No,No
ORD101198,CUST10380,2025-08-23,Hyderabad,Hyderabad,Chennai,205.4,Electronics,4,2.71,Road,XpressBees,828.21,93.61,5.84,2025-08-25,2025-08-30,2025-08-30,Delivered,3.0,No,No
ORD100866,CUST12136,2025-05-28,Pune,Pune,Coimbatore,899.9,Sports,4,3.36,Rail,Shadowfax,3027.44,781.18,12.19,2025-05-31,2025-06-08,2025-06-08,Delivered,4.0,No,No
ORD100493,CUST10752,2025-05-27,Pune,Pune,Jaipur,282.2,Automotive,1,5.08,Air,XpressBees,2630.81,314.84,12.38,2025-05-30,2025-06-02,2025-06-02,Delivered,4.0,No,No
ORD104018,CUST10428,2025-08-01,Delhi,Delhi,Kochi,835.8,grocery,5,3.7,Air,Shadowfax,7440.72,698.67,6.54,2025-08-03,2025-08-08,2025-08-08,Delivered,4.0,No,No
ORD102742,CUST10280,2025-08-25,Hyderabad,Hyderabad,Kochi,463.3,Home & Kitchen,7,6.08,Rail,Blue Dart,1552.44,484.86,6.66,2025-08-28,2025-09-04,2025-09-04,Delivered,4.0,No,Yes
ORD102283,CUST12713,2025-06-19,Mumbai,Mumbai,Lucknow,1163.7,Home & Kitchen,7,2.87,Road,Blue Dart,4938.53,1266.02,11.01,2025-06-22,2025-06-29,2025-06-29,Delivered,4.0,No,No
ORD102663,CUST11162,2025-02-06,Chennai,Chennai,Hyderabad,46.8,Clothing,1,11.92,Road,XpressBees,418.85,30.62,5.34,2025-02-08,2025-02-12,2025-02-12,Delivered,5.0,No,No
ORD101073,CUST12625,2025-12-01,Pune,Pune,Delhi,609.8,Electronics,1,10.92,Road,DTDC,,548.19,11.85,2025-12-04,2025-12-11,2025-12-13,Delayed,4.0,No,No
ORD103019,CUST12288,2025-09-09,Chennai,Chennai,Ahmedabad,79.6,Electronics,4,10.7,Road,Delhivery,644.03,48.11,5.74,2025-09-11,2025-09-15,2025-09-17,Delayed,4.0,Yes,Yes
ORD103150,CUST10542,2025-03-14,Delhi,Delhi,Visakhapatnam,410.7,Clothing,6,3.34,Rail,Shadowfax,1391.43,355.13,8.26,2025-03-17,2025-03-22,2025-03-22,Delivered,4.0,No,No
ORD104809,CUST10385,2025-04-05,Bengaluru,Bengaluru,Surat,103.5,Electronics,7,7.25,Road,Shadowfax,577.61,134.2,11.5,2025-04-08,2025-04-12,2025-04-16,Delayed,2.0,No,No
ORD103214,CUST12778,2025-02-21,Delhi,Delhi,Mumbai,324.0,Electronics,5,4.47,Road,Shadowfax,1454.87,301.98,15.18,2025-02-23,2025-02-28,2025-02-28,Delivered,4.0,No,No
ORD100584,CUST12596,2025-02-21,Bengaluru,Bengaluru,Pune,122.8,Beauty,1,3.5,Road,XpressBees,647.76,85.22,10.28,2025-02-24,2025-02-28,2025-03-04,Delayed,3.0,No,No
ORD104820,CUST12413,2025-11-12,Mumbai,Mumbai,Vijayawada,219.2,Electronics,6,3.27,Air,Ecom Express,2105.06,153.01,7.77,2025-11-15,2025-11-17,2025-11-17,Delivered,4.0,No,No
ORD104947,CUST12409,2025-06-27,Mumbai,Mumbai,Ahmedabad,128.7,Sports,2,1.48,Rail,XpressBees,472.22,41.91,14.13,2025-06-30,2025-07-05,2025-07-06,Delayed,4.0,No,No
ORD104311,CUST12276,2025-04-27,Hyderabad,Hyderabad,Vijayawada,629.2,Sports,7,5.34,Road,Shadowfax,2899.81,559.37,5.7,2025-04-28,2025-05-04,2025-05-04,Delivered,5.0,No,No
ORD102475,CUST12564,2025-09-10,Mumbai,Mumbai,Lucknow,362.3,Home & Kitchen,2,11.15,Air,DTDC,3338.17,389.49,9.47,2025-09-13,2025-09-16,2025-09-16,Delivered,5.0,No,No
ORD103611,CUST11632,2025-02-13,Chennai,Chennai,Kolkata,660.0,Automotive,3,5.88,Road,XpressBees,2886.99,537.87,6.41,2025-02-15,2025-02-19,2025-02-20,Delayed,5.0,No,No
ORD100770,CUST10802,2025-01-09,Chennai,Chennai,Indore,868.5,Beauty,4,4.49,Rail,XpressBees,3076.83,917.86,9.2,2025-01-13,2025-01-19,2025-01-19,Delivered,4.0,No,No
ORD103480,CUST11322,2025-04-12,Mumbai,Mumbai,Pune,109.3,Grocery,6,10.33,Rail,Shadowfax,540.38,145.88,6.43,2025-04-15,2025-04-21,2025-04-21,Delivered,4.0,No,No
ORD101766,CUST11017,2025-09-06,Bengaluru,Bengaluru,Nagpur,256.7,Grocery,1,4.54,Road,DTDC,1298.91,197.51,5.84,2025-09-08,2025-09-14,2025-09-15,Delayed,4.0,Yes,No
ORD101923,CUST10466,2025-11-16,Bengaluru,Bengaluru,Indore,585.3,Books,7,8.18,Road,XpressBees,2610.82,577.61,8.5,2025-11-18,2025-11-24,2025-11-24,Delivered,5.0,No,No
ORD100581,CUST12230,2025-02-20,Chennai,Chennai,Pune,198.1,Clothing,1,2.32,Road,Delhivery,974.34,71.85,9.28,2025-02-23,2025-02-28,2025-02-28,Delivered,5.0,No,No
ORD104522,CUST11545,2025-10-31,Bengaluru,Bengaluru,Hyderabad,319.6,Sports,6,7.32,Road,XpressBees,1605.15,335.17,8.8,2025-11-02,2025-11-07,2025-11-12,Delayed,4.0,No,Yes
ORD104603,CUST10775,2025-02-28,Hyderabad,Hyderabad,Ahmedabad,58.7,Home & Kitchen,6,4.0,Road,Delhivery,349.74,48.51,10.34,2025-03-02,2025-03-07,2025-03-07,Delivered,4.0,No,No
ORD100809,CUST11785,2025-11-02,Hyderabad,Hyderabad,Kochi,431.5,Grocery,1,5.53,Air,Delhivery,3957.41,555.62,6.6,2025-11-05,2025-11-10,2025-11-10,Delivered,5.0,Yes,No
ORD103365,CUST11880,2025-11-14,Chennai,Chennai,Kolkata,296.6,Home & Kitchen,1,10.09,Air,XpressBees,2834.52,130.92,7.34,2025-11-16,2025-11-18,2025-11-18,Delivered,5.0,No,No
ORD101473,CUST12201,2025-07-15,Hyderabad,Hyderabad,Indore,773.6,Automotive,2,1.41,Express,DTDC,5500.77,538.69,7.53,2025-07-17,2025-07-20,2025-07-20,Delivered,5.0,No,No
ORD103756,CUST12783,2025-04-26,Hyderabad,Hyderabad,Bengaluru,112.0,Clothing,7,4.51,Air,DTDC,1181.25,166.21,5.21,2025-04-28,2025-04-30,2025-04-30,Delivered,4.0,No,No
ORD102431,CUST10543,2025-06-27,Mumbai,Mumbai,Kochi,472.9,Beauty,2,1.49,Rail,DTDC,1581.41,352.51,10.35,2025-06-30,2025-07-05,2025-07-07,Delayed,4.0,No,No
ORD102295,CUST10935,2025-09-22,Mumbai,Mumbai,Vijayawada,887.1,Beauty,1,1.69,Road,DTDC,3779.79,727.16,6.62,2025-09-24,2025-09-30,2025-09-30,Delivered,4.0,No,No
ORD102360,CUST10608,2025-04-17,Chennai,Chennai,Visakhapatnam,306.2,Books,3,5.95,Road,XpressBees,1402.03,295.36,6.62,2025-04-18,2025-04-24,2025-04-24,Delivered,4.0,No,No
ORD100190,CUST11531,2025-06-02,Hyderabad,Hyderabad,Vijayawada,96.9,Books,4,1.04,Road,XpressBees,484.31,110.37,6.5,2025-06-04,2025-06-10,2025-06-10,Delivered,5.0,No,No
ORD101727,CUST10556,2025-08-26,Chennai,Chennai,Delhi,295.7,Clothing,2,5.7,Road,XpressBees,1297.94,239.62,9.74,2025-08-29,2025-09-04,2025-09-04,Delivered,4.0,No,No
ORD104774,CUST10091,2025-10-09,Mumbai,Mumbai,Bhopal,266.5,Books,1,2.29,Rail,Delhivery,923.92,189.85,8.25,2025-10-10,2025-10-15,2025-10-15,Delivered,4.0,No,No
ORD102166,CUST12444,2025-08-09,Mumbai,Mumbai,Coimbatore,647.0,Beauty,1,4.68,Road,DTDC,2757.59,670.42,9.12,2025-08-11,2025-08-17,2025-08-17,Delivered,4.0,No,No
ORD101415,CUST12669,2025-12-25,Pune,Pune,Surat,594.4,Books,2,10.42,Rail,Blue Dart,2172.91,384.92,6.21,2025-12-26,2026-01-02,2026-01-02,Delivered,4.0,No,No
ORD104224,CUST12720,2025-11-05,Pune,Pune,Surat,442.1,Sports,6,4.26,Road,XpressBees,1932.59,394.69,6.09,2025-11-06,2025-11-12,2025-11-12,Delivered,5.0,No,No
ORD102883,CUST10746,2025-09-11,Pune,Pune,Ahmedabad,342.5,Home & Kitchen,6,4.67,Road,DTDC,1526.58,260.29,7.84,2025-09-13,2025-09-19,2025-09-20,Delayed,4.0,No,No
ORD104683,CUST11195,2025-02-21,Mumbai,Mumbai,Hyderabad,398.7,Beauty,4,4.24,Express,Shadowfax,2960.39,346.59,11.98,2025-02-24,2025-02-28,2025-02-28,Delivered,5.0,No,No
ORD103916,CUST11230,2025-06-26,Hyderabad,Hyderabad,Bengaluru,351.1,Beauty,3,4.09,Air,XpressBees,3348.04,410.08,6.59,2025-06-27,2025-07-01,2025-07-01,Delivered,5.0,No,No
ORD103693,CUST11248,2025-10-06,Mumbai,Mumbai,Coimbatore,144.0,Books,6,3.57,Road,XpressBees,750.82,187.04,9.13,2025-10-08,2025-10-13,2025-10-20,Delayed,4.0,Yes,No
ORD103656,CUST11308,2025-09-01,Hyderabad,Hyderabad,Coimbatore,893.5,Clothing,5,2.28,Rail,DTDC,2970.93,951.59,8.87,2025-09-04,2025-09-12,2025-09-12,Delivered,5.0,No,No
ORD100508,CUST12623,2025-06-12,Delhi,Delhi,Nagpur,406.7,Automotive,2,6.97,Rail,Delhivery,1496.4,430.21,3.63,2025-06-15,2025-06-21,2025-06-21,Delivered,5.0,No,No
ORD100714,CUST12213,2025-05-23,Bengaluru,Bengaluru,Coimbatore,335.3,Sports,2,1.67,Road,DTDC,1590.21,240.34,10.32,2025-05-26,2025-06-01,2025-06-01,Delivered,5.0,No,No
ORD102108,CUST10045,2025-12-15,Hyderabad,Hyderabad,Bengaluru,265.8,Grocery,4,5.77,Road,Blue Dart,1095.63,224.2,6.17,2025-12-17,2025-12-22,2025-12-22,Delivered,4.0,No,No
ORD103053,CUST12474,2025-12-28,Hyderabad,Hyderabad,Surat,582.0,Electronics,5,4.54,Road,dtdc,2680.83,382.75,6.29,2025-12-30,2026-01-04,2026-01-04,Delivered,5.0,No,No
ORD102824,CUST11067,2025-10-14,Bengaluru,Bengaluru,Vijayawada,210.2,Electronics,1,1.44,Road,Ecom Express,934.99,217.15,7.09,2025-10-15,2025-10-20,2025-10-20,Delivered,4.0,No,No
ORD103368,CUST11074,2025-07-08,Delhi,Delhi,Hyderabad,604.4,Sports,1,0.22,Road,Blue Dart,2560.69,607.53,9.41,2025-07-11,2025-07-15,2025-07-15,Delivered,4.0,No,No
ORD103146,CUST11490,2025-04-23,Bengaluru,Bengaluru,Hyderabad,466.0,Grocery,4,11.88,Road,Delhivery,2264.59,537.35,9.19,2025-04-25,2025-05-01,2025-05-01,Delivered,4.0,No,No
ORD100765,CUST10957,2025-08-23,Bengaluru,Bengaluru,Delhi,122.5,Clothing,4,1.87,Road,Delhivery,512.91,98.22,9.53,2025-08-25,2025-08-29,2025-09-02,Delayed,5.0,No,No
ORD100652,CUST10068,2025-09-27,Bengaluru,Bengaluru,Lucknow,90.3,Clothing,5,3.6,Road,Delhivery,480.03,116.28,8.55,2025-09-30,2025-10-05,2025-10-07,Delayed,4.0,No,No
ORD102761,CUST11982,2025-01-26,Delhi,Delhi,Hyderabad,90.9,Books,5,2.04,Road,DTDC,528.14,51.01,8.23,2025-01-29,2025-02-02,2025-02-04,Delayed,5.0,No,No
ORD103713,CUST11422,2025-12-22,Bengaluru,Bengaluru,Indore,490.1,Sports,4,1.16,Road,Blue Dart,2091.65,383.84,7.67,2025-12-24,2025-12-30,2025-12-30,Delivered,4.0,No,No
ORD102552,CUST11224,2025-04-19,Mumbai,Mumbai,Jaipur,725.6,Automotive,4,2.83,Rail,Ecom Express,2334.28,499.51,9.86,2025-04-20,2025-04-27,2025-05-01,Delayed,3.0,No,No
ORD101182,CUST11411,2025-11-07,Mumbai,Mumbai,Vijayawada,303.4,Automotive,5,5.53,Air,Shadowfax,2910.71,292.51,6.36,2025-11-09,2025-11-12,2025-11-12,Delivered,4.0,No,No
ORD101828,CUST10201,2025-07-07,Hyderabad,Hyderabad,Kochi,386.3,Grocery,1,4.21,Express,Blue Dart,2928.76,289.05,4.72,2025-07-10,2025-07-13,2025-07-13,Delivered,4.0,No,No
ORD104837,CUST11529,2025-06-12,Bengaluru,Bengaluru,Vijayawada,94.4,Home & Kitchen,5,3.3,Rail,Blue Dart,436.72,22.65,6.77,2025-06-14,2025-06-20,2025-06-20,Delivered,4.0,No,No
ORD102106,CUST12272,2025-03-04,Mumbai,Mumbai,Nagpur,292.0,Beauty,2,13.94,Express,Ecom Express,2370.81,185.95,13.45,2025-03-07,2025-03-12,2025-03-12,Delivered,5.0,No,No
ORD104805,CUST11193,2025-10-20,Mumbai,Mumbai,Kolkata,1070.3,Sports,3,16.31,Rail,Blue Dart,3777.42,1020.32,10.83,2025-10-24,2025-11-01,2025-11-05,Delayed,4.0,No,No
ORD101716,CUST11179,2025-07-30,Pune,Pune,Hyderabad,258.5,Grocery,6,4.04,Road,DTDC,1279.09,188.32,9.96,2025-08-02,2025-08-08,2025-08-08,Delivered,4.0,No,No
ORD103685,CUST11930,2025-10-20,Bengaluru,Bengaluru,Indore,430.2,Electronics,4,4.8,Road,Ecom Express,2012.07,351.9,6.79,2025-10-22,2025-10-27,2025-10-28,Delayed,3.0,No,No
ORD101562,CUST11870,2025-01-01,Bengaluru,Bengaluru,Chennai,417.8,Beauty,6,7.18,Road,Blue Dart,1893.55,282.33,5.08,2025-01-03,2025-01-09,2025-01-09,Delivered,5.0,No,No
ORD101065,CUST10276,2025-07-28,Hyderabad,Hyderabad,Delhi,118.5,Beauty,1,1.57,Air,DTDC,1108.26,90.19,8.51,2025-07-30,2025-08-02,2025-08-02,Delivered,4.0,No,No
ORD104013,CUST10921,2025-03-05,Chennai,Chennai,Hyderabad,333.3,Electronics,6,2.31,Road,Ecom Express,1437.21,277.2,7.26,2025-03-08,2025-03-14,2025-03-14,Delivered,4.0,No,No
ORD100349,CUST11373,2025-07-19,Hyderabad,Hyderabad,Chennai,420.7,Automotive,2,0.99,Air,DTDC,3808.19,263.58,7.62,2025-07-21,2025-07-23,2025-07-23,Delivered,4.0,No,No
ORD100907,CUST12210,2025-02-17,Bengaluru,Bengaluru,Pune,372.2,Sports,1,7.54,Air,Blue Dart,3533.25,461.07,9.24,2025-02-19,2025-02-21,2025-02-21,Delivered,4.0,No,No
ORD103688,CUST11159,2025-02-18,Pune,Pune,Mumbai,619.4,Home & Kitchen,4,11.64,Road,XpressBees,2813.94,695.75,11.97,2025-02-21,2025-02-26,2025-03-01,Delayed,3.0,No,No
ORD104881,CUST11187,2025-11-05,Hyderabad,Hyderabad,Lucknow,155.5,Books,3,9.01,Air,DTDC,1575.05,,7.87,2025-11-07,2025-11-10,2025-11-10,Delivered,5.0,No,No
ORD102899,CUST12364,2025-10-02,Pune,Pune,Delhi,911.9,Books,4,0.68,Air,Ecom Express,8250.66,769.57,9.7,2025-10-05,2025-10-09,2025-10-09,Delivered,4.0,No,No
ORD101269,CUST10340,2025-11-27,Bengaluru,Bengaluru,Mumbai,372.7,Beauty,6,5.96,Rail,DTDC,1344.33,358.58,8.1,2025-11-29,2025-12-04,2025-12-04,Delivered,5.0,No,No
ORD103038,CUST12047,2025-07-15,Bengaluru,Bengaluru,Ahmedabad,453.5,Sports,2,12.94,Air,XpressBees,4355.63,354.81,4.91,2025-07-16,2025-07-19,2025-07-19,Delivered,4.0,No,No
ORD103842,CUST11809,2025-01-11,Delhi,Delhi,Surat,605.7,Beauty,3,9.9,Rail,XpressBees,2099.48,561.67,10.55,2025-01-13,2025-01-20,2025-01-21,Delayed,4.0,No,No
ORD100312,CUST11138,2025-05-18,Pune,Pune,Bengaluru,63.7,books,3,6.1,Air,DTDC,649.55,26.44,13.7,2025-05-21,2025-05-23,2025-05-23,Delivered,4.0,No,No
ORD104928,CUST12302,2025-09-30,Bengaluru,Bengaluru,Mumbai,257.7,Clothing,6,1.06,Road,DTDC,1169.0,159.25,10.16,2025-10-02,2025-10-08,2025-10-08,Delivered,4.0,No,No
ORD103621,CUST12503,2025-03-18,Bengaluru,Bengaluru,Bhopal,139.4,Home & Kitchen,1,4.79,Road,XpressBees,619.01,112.75,4.72,2025-03-19,2025-03-23,2025-03-24,Delayed,3.0,No,No
ORD101581,CUST11628,2025-06-16,Bengaluru,Bengaluru,Surat,279.6,Home & Kitchen,4,2.23,Road,Ecom Express,1160.34,278.57,10.8,2025-06-20,2025-06-26,2025-06-29,Delayed,4.0,No,No
ORD101496,CUST12447,2025-07-12,Hyderabad,Hyderabad,Bhopal,345.6,Sports,1,6.79,Road,XpressBees,1443.4,281.28,10.07,2025-07-15,2025-07-20,2025-07-20,Delivered,5.0,No,No
ORD103419,CUST12650,2025-09-11,Chennai,Chennai,Lucknow,1406.6,Beauty,4,1.23,Road,XpressBees,5909.5,993.67,7.63,2025-09-14,2025-09-22,2025-09-22,Delivered,4.0,No,No
ORD103989,CUST12213,2025-04-10,Hyderabad,Hyderabad,Hyderabad,577.3,Sports,6,6.65,Express,Shadowfax,4187.5,439.54,5.52,2025-04-12,2025-04-18,2025-04-18,Delivered,5.0,No,Yes
ORD103398,CUST11082,2025-05-17,Hyderabad,Hyderabad,Pune,912.2,Home & Kitchen,4,1.17,Road,Ecom Express,3980.73,791.97,8.28,2025-05-19,2025-05-24,2025-05-26,Delayed,4.0,No,No
ORD104940,CUST10701,2025-01-25,Mumbai,Mumbai,Indore,376.7,Electronics,7,7.59,Air,XpressBees,3616.92,507.81,12.14,2025-01-29,2025-02-01,2025-02-01,Delivered,5.0,No,No
ORD103488,CUST12534,2025-10-04,Chennai,Chennai,Indore,393.5,Beauty,5,1.68,Rail,Shadowfax,1216.56,252.43,9.93,2025-10-06,2025-10-13,2025-10-13,Delivered,5.0,No,No
ORD103031,CUST10238,2025-05-02,Mumbai,Mumbai,Nagpur,68.1,Clothing,2,0.2,Rail,XpressBees,161.96,43.35,7.26,2025-05-04,2025-05-08,2025-05-08,Delivered,4.0,No,No
ORD101300,CUST10265,2025-11-06,Chennai,Chennai,Lucknow,626.3,Electronics,2,5.72,Express,Shadowfax,4466.63,560.72,9.47,2025-11-09,2025-11-13,2025-11-13,Delivered,5.0,No,No
ORD101722,CUST10721,2025-12-13,Pune,Pune,Bengaluru,313.1,Grocery,5,0.69,express,Shadowfax,2246.83,334.16,6.2,2025-12-15,2025-12-18,2025-12-18,Delivered,5.0,No,No
ORD103013,CUST12568,2025-08-15,Chennai,Chennai,Bhopal,221.8,Books,2,4.56,Road,XpressBees,1016.33,236.28,9.32,2025-08-17,2025-08-22,2025-08-22,Delivered,5.0,No,No
ORD101731,CUST10794,2025-08-03,Bengaluru,Bengaluru,Kochi,439.2,Books,3,1.27,Road,XpressBees,1836.75,325.12,8.86,2025-08-06,2025-08-10,2025-08-10,Delivered,5.0,No,No
ORD101006,CUST12014,2025-05-24,Bengaluru,Bengaluru,Kolkata,475.8,Sports,4,2.81,Express,DTDC,3537.09,540.98,10.96,2025-05-27,2025-05-31,2025-05-31,Delivered,4.0,No,No
ORD102811,CUST11810,2025-05-29,Mumbai,Mumbai,Bengaluru,731.3,Clothing,4,5.53,Road,Blue Dart,3055.32,647.57,10.06,2025-05-31,2025-06-06,2025-06-06,Delivered,4.0,No,No
ORD102795,CUST12518,2025-01-12,Bengaluru,Bengaluru,Vijayawada,172.7,Automotive,6,9.72,Express,Delhivery,1420.1,249.29,8.12,2025-01-14,2025-01-17,2025-01-17,Delivered,5.0,No,No
ORD102192,CUST12614,2025-05-12,Chennai,Chennai,Visakhapatnam,350.9,Home & Kitchen,6,3.36,Air,Shadowfax,3254.81,352.44,5.7,2025-05-14,2025-05-16,2025-05-16,Delivered,4.0,No,No
ORD103883,CUST11218,2025-02-10,Mumbai,Mumbai,Indore,189.0,Beauty,5,2.64,Rail,Ecom Express,793.91,240.44,11.03,2025-02-13,2025-02-18,2025-02-18,Delivered,4.0,No,No
ORD101259,CUST11992,2025-07-28,Delhi,Delhi,,246.5,Home & Kitchen,2,2.24,Road,Ecom Express,1065.02,193.74,7.61,2025-07-31,2025-08-04,2025-08-04,Delivered,4.0,No,No
ORD104418,CUST10295,2025-04-06,Chennai,Chennai,Bengaluru,1299.9,Electronics,5,1.32,Road,Shadowfax,5469.69,1014.76,8.5,2025-04-08,2025-04-15,2025-04-15,Delivered,4.0,No,No
ORD103086,CUST10427,2025-09-07,Bengaluru,Bengaluru,Kochi,139.7,Books,7,17.12,Road,Shadowfax,881.24,36.85,6.07,2025-09-09,2025-09-15,2025-09-15,Delivered,4.0,No,No
ORD102863,CUST10763,2025-02-09,Delhi,Delhi,Indore,477.0,Sports,2,4.36,Rail,DTDC,1715.21,351.95,11.3,2025-02-11,2025-02-18,2025-02-19,Delayed,3.0,No,No
ORD102718,CUST10040,2025-06-14,Mumbai,Mumbai,Bhopal,502.2,Electronics,1,2.24,Express,Blue Dart,3546.44,434.77,8.63,2025-06-16,2025-06-20,2025-06-20,Delivered,3.0,No,No
ORD102162,CUST12180,2025-04-03,Bengaluru,Bengaluru,Coimbatore,547.3,Sports,5,20.46,Air,Delhivery,5360.83,394.34,7.75,2025-04-06,2025-04-09,2025-04-09,Delivered,5.0,No,No
ORD103805,CUST11048,2025-08-14,Chennai,Chennai,,568.2,Beauty,7,2.31,Road,Blue Dart,2427.05,636.76,5.06,2025-08-16,2025-08-23,2025-08-25,Delayed,3.0,No,No
ORD104094,CUST10502,2025-11-02,Bengaluru,Bengaluru,Delhi,540.5,Clothing,1,1.29,Road,XpressBees,2305.96,451.71,7.61,2025-11-04,2025-11-10,2025-11-10,Delivered,5.0,No,No
ORD103465,CUST11443,2025-11-11,Hyderabad,Hyderabad,Chennai,468.2,Automotive,7,5.73,Rail,Shadowfax,1687.67,489.2,8.49,2025-11-13,2025-11-18,2025-11-18,Delivered,4.0,No,No
ORD101084,CUST11127,2025-12-31,Chennai,Chennai,Nagpur,390.7,Beauty,6,7.48,Express,Delhivery,2879.58,416.37,9.88,2026-01-03,2026-01-07,2026-01-07,Delivered,4.0,No,No
ORD103993,CUST11189,2025-07-08,Chennai,Chennai,Delhi,531.3,Books,7,2.99,Air,XpressBees,4850.44,384.57,6.57,2025-07-10,2025-07-14,2025-07-14,Delivered,4.0,No,No
ORD102797,CUST10530,2025-08-26,Hyderabad,Hyderabad,Ahmedabad,362.0,Automotive,2,2.15,Air,DTDC,3307.39,280.17,4.5,2025-08-27,2025-08-30,2025-08-30,Delivered,4.0,No,No
ORD104693,CUST12728,2025-06-02,Bengaluru,Bengaluru,Pune,335.4,Grocery,4,1.79,Road,Delhivery,1486.1,388.11,6.31,2025-06-04,2025-06-09,2025-06-09,Delivered,4.0,No,No
ORD104055,CUST11510,2025-08-04,Bengaluru,Bengaluru,Vijayawada,51.3,Electronics,1,6.55,Road,XpressBees,137.74,20.0,9.09,2025-08-06,2025-08-12,2025-08-14,Delayed,3.0,No,No
ORD103475,CUST12190,2025-11-25,Delhi,Delhi,Coimbatore,370.1,Home & Kitchen,1,12.49,Road,Blue Dart,1676.67,428.43,9.59,2025-11-28,2025-12-03,2025-12-03,Delivered,5.0,No,No
ORD101110,CUST11069,2025-01-26,Bengaluru,Bengaluru,Bhopal,468.9,Electronics,1,5.82,Air,DTDC,4414.01,404.99,7.65,2025-01-28,2025-01-31,2025-02-01,Delayed,3.0,No,Yes
ORD101337,CUST10874,2025-07-14,Bengaluru,Bengaluru,Visakhapatnam,451.7,Clothing,4,6.17,Rail,Shadowfax,1607.69,294.77,6.77,2025-07-16,2025-07-23,2025-07-24,Delayed,4.0,No,No
ORD104554,CUST11012,2025-01-03,Hyderabad,Hyderabad,Surat,633.8,Grocery,6,14.11,Rail,XpressBees,2375.77,756.85,9.01,2025-01-06,2025-01-13,2025-01-13,Delivered,5.0,No,No
ORD103320,CUST10055,2025-03-08,Chennai,Chennai,Mumbai,414.0,Sports,1,2.2,Express,Shadowfax,3028.56,319.03,7.32,2025-03-10,2025-03-15,2025-03-15,Delivered,4.0,No,No
ORD104802,CUST11581,2025-12-03,Delhi,Delhi,Kolkata,387.5,Sports,4,0.25,Air,Shadowfax,3522.76,304.89,10.21,2025-12-06,2025-12-10,2025-12-13,Delayed,,Yes,No
ORD101148,CUST10570,2025-02-09,Bengaluru,Bengaluru,Nagpur,677.8,Clothing,1,6.21,Rail,Shadowfax,2238.79,574.03,8.09,2025-02-11,2025-02-19,2025-02-21,Delayed,3.0,No,No
ORD101001,CUST10159,2025-10-04,Mumbai,Mumbai,Nagpur,547.4,Clothing,5,3.51,Road,Blue Dart,2454.92,514.8,7.43,2025-10-07,2025-10-13,2025-10-13,Delivered,4.0,No,No
ORD103853,CUST10479,2025-11-05,Hyderabad,Hyderabad,Ahmedabad,294.6,Automotive,5,7.3,Road,Shadowfax,1449.03,289.44,8.07,2025-11-07,2025-11-13,2025-11-13,Delivered,4.0,No,No
ORD102911,CUST11447,2025-02-01,Mumbai,Mumbai,Pune,633.6,Electronics,6,3.58,Rail,DTDC,2188.54,738.22,8.59,2025-02-03,2025-02-11,2025-02-11,Delivered,5.0,No,No
ORD103414,CUST10869,2025-11-20,Bengaluru,Bengaluru,Hyderabad,241.4,Clothing,7,6.93,Express,Ecom Express,1767.08,123.96,9.78,2025-11-23,2025-11-26,2025-11-26,Delivered,5.0,No,No
ORD101799,CUST12307,2025-02-05,Hyderabad,Hyderabad,Bhopal,538.4,Beauty,2,1.6,Air,Delhivery,5079.08,556.8,,2025-02-07,2025-02-10,2025-02-10,Delivered,4.0,No,No
ORD100638,CUST10606,2025-04-28,Delhi,Delhi,Kochi,247.2,Books,1,5.02,Rail,DTDC,905.06,210.85,8.08,2025-04-30,2025-05-05,2025-05-05,Delivered,4.0,Yes,No
ORD102277,CUST11220,2025-10-13,Chennai,Chennai,Kochi,169.7,Electronics,7,3.43,Air,Delhivery,1731.86,182.48,8.35,2025-10-15,2025-10-18,2025-10-20,Delayed,3.0,No,No
ORD101342,CUST11035,2025-01-09,Hyderabad,Hyderabad,Bengaluru,224.7,Beauty,1,11.21,Rail,DTDC,907.77,174.22,3.73,2025-01-11,2025-01-17,2025-01-20,Delayed,3.0,No,No
ORD100881,CUST12545,2025-07-18,Delhi,Delhi,Nagpur,376.4,Home & Kitchen,2,15.6,Road,Ecom Express,1762.23,338.46,12.7,2025-07-20,2025-07-26,2025-07-26,Delivered,5.0,No,No
ORD103885,CUST12212,2025-07-30,Mumbai,Mumbai,Nagpur,384.6,Electronics,1,9.4,Road,Ecom Express,1718.13,331.53,11.7,2025-08-01,2025-08-05,2025-08-05,Delivered,5.0,No,No
ORD102150,CUST10576,2025-01-16,Bengaluru,Bengaluru,Kochi,205.0,Grocery,3,13.5,Air,Shadowfax,2142.13,216.25,4.84,2025-01-18,2025-01-19,2025-01-19,Delivered,3.0,No,No
ORD104794,CUST11959,2025-03-06,Mumbai,Mumbai,Nagpur,322.8,Electronics,6,1.73,Air,Delhivery,2920.29,303.93,8.07,2025-03-08,2025-03-11,2025-03-11,Delivered,5.0,No,Yes
ORD100483,CUST12029,2025-02-11,Bengaluru,Bengaluru,Surat,338.6,Home & Kitchen,6,5.76,Road,Shadowfax,1517.29,338.19,8.66,2025-02-14,2025-02-19,2025-02-19,Delivered,4.0,No,No
ORD101901,CUST11723,2025-03-19,Hyderabad,Hyderabad,Jaipur,324.8,Electronics,7,3.21,Express,XpressBees,2469.39,270.93,6.0,2025-03-20,2025-03-24,2025-03-24,Delivered,5.0,No,No
ORD102171,CUST11537,2025-07-15,Delhi,Delhi,Kolkata,604.9,Clothing,6,6.06,Air,Delhivery,5655.41,677.19,11.0,2025-07-18,2025-07-20,2025-07-20,Delivered,4.0,No,No
ORD101797,CUST12739,2025-12-15,Pune,Pune,Jaipur,483.9,Clothing,3,1.32,Road,Blue Dart,2025.07,502.72,9.82,2025-12-18,2025-12-24,2025-12-24,Delivered,4.0,No,No
ORD101153,CUST12600,2025-06-09,Hyderabad,Hyderabad,Vijayawada,82.2,Books,3,1.61,Road,XpressBees,462.3,92.0,6.51,2025-06-11,2025-06-15,2025-06-15,Delivered,4.0,No,No
ORD102415,CUST10890,2025-04-10,Mumbai,Mumbai,Kochi,522.3,Sports,2,10.25,Road,Ecom Express,2525.18,483.07,10.05,2025-04-12,2025-04-18,2025-04-21,Delayed,3.0,No,No
ORD101673,CUST11475,2025-08-12,Hyderabad,Hyderabad,Delhi,473.2,Automotive,7,7.85,Road,DTDC,2133.19,477.4,5.59,2025-08-14,2025-08-20,2025-08-20,Delivered,4.0,No,No
ORD101256,CUST12190,2025-02-13,Hyderabad,Hyderabad,Delhi,765.5,Sports,4,1.36,Express,DTDC,5549.26,530.05,7.77,2025-02-15,2025-02-19,2025-02-19,Delivered,,No,Yes
ORD102355,CUST11290,2025-05-18,Bengaluru,Bengaluru,Visakhapatnam,266.0,Sports,5,1.49,Rail,DTDC,984.53,192.35,6.33,2025-05-20,2025-05-26,2025-05-26,Delivered,4.0,No,No
ORD101440,CUST11732,2025-01-12,Hyderabad,Hyderabad,Mumbai,582.9,Home & Kitchen,2,2.2,Air,XpressBees,5294.39,664.25,7.29,2025-01-15,2025-01-20,2025-01-25,Delayed,4.0,No,No
ORD100460,CUST10239,2025-11-16,Pune,Pune,Visakhapatnam,843.6,Books,5,1.62,Road,XpressBees,3660.26,691.42,11.42,2025-11-18,2025-11-25,2025-11-25,Delivered,4.0,No,No
ORD104949,CUST10944,2025-12-28,hyderabad,Hyderabad,Vijayawada,307.0,Clothing,2,8.81,Air,Shadowfax,2885.26,297.88,10.64,2026-01-01,2026-01-04,2026-01-04,Delivered,5.0,No,No
ORD101433,CUST12246,2025-03-29,Pune,Pune,Bengaluru,310.8,Sports,7,3.14,Road,XpressBees,1409.84,343.02,12.76,2025-04-02,2025-04-08,2025-04-11,Delayed,4.0,No,No
ORD104196,CUST12440,2025-12-18,Hyderabad,Hyderabad,Kochi,162.5,Automotive,1,5.7,Road,Delhivery,846.61,166.22,6.03,2025-12-20,2025-12-25,2025-12-25,Delivered,5.0,No,No
ORD103777,CUST11772,2025-06-16,Pune,Pune,Lucknow,366.9,Electronics,7,3.74,Road,XpressBees,1674.84,358.32,7.01,2025-06-18,2025-06-23,2025-06-28,Delayed,4.0,No,No
ORD100696,CUST12326,2025-02-03,Hyderabad,Hyderabad,Ahmedabad,816.9,Books,2,0.44,Road,Shadowfax,3481.48,597.57,10.45,2025-02-06,2025-02-13,2025-02-13,Delivered,4.0,No,No
ORD104097,CUST10964,2025-04-20,Hyderabad,Hyderabad,Mumbai,543.5,Automotive,4,8.19,Air,Blue Dart,4997.33,404.11,5.18,2025-04-23,2025-04-27,2025-04-27,Delivered,5.0,No,No
ORD100543,CUST11073,2025-11-02,Hyderabad,Hyderabad,Surat,352.1,Sports,6,3.3,Road,DTDC,1586.98,416.58,8.62,2025-11-04,2025-11-11,2025-11-11,Delivered,5.0,No,No
ORD102228,CUST11255,2025-11-16,Pune,Pune,Visakhapatnam,326.1,Sports,6,6.74,Road,DTDC,1479.18,247.98,9.71,2025-11-19,2025-11-23,2025-11-27,Delayed,4.0,No,No
ORD104250,CUST11303,2025-03-06,Hyderabad,Hyderabad,Chennai,297.4,Automotive,6,3.94,Road,Shadowfax,1311.95,,10.24,2025-03-08,2025-03-13,2025-03-13,Delivered,4.0,No,No
ORD101507,CUST12599,2025-02-18,Mumbai,Mumbai,Delhi,143.4,Home & Kitchen,1,5.1,Rail,Delhivery,603.08,121.74,11.07,2025-02-21,2025-02-27,2025-02-27,Delivered,4.0,No,No
ORD102331,CUST11632,2025-12-01,Hyderabad,Hyderabad,Indore,260.2,Electronics,2,4.46,Road,Delhivery,1387.51,266.51,8.6,2025-12-03,2025-12-08,2025-12-08,Delivered,5.0,No,No
ORD100598,CUST10910,2025-04-09,Hyderabad,Hyderabad,Kochi,228.7,grocery,6,3.19,Road,Shadowfax,1137.95,217.24,10.38,2025-04-11,2025-04-16,2025-04-16,Delivered,4.0,No,No
ORD104553,CUST12544,2025-10-28,Chennai,Chennai,Kolkata,129.0,Automotive,6,1.54,Road,Ecom Express,584.24,106.44,8.24,2025-10-30,2025-11-05,2025-11-05,Delivered,5.0,No,No
ORD100679,CUST11323,2025-12-10,Pune,Pune,Jaipur,829.2,Beauty,3,6.53,Express,Ecom Express,6021.58,811.06,7.94,2025-12-13,2025-12-17,2025-12-17,Delivered,4.0,No,No
ORD103279,CUST12214,2025-05-02,Chennai,Chennai,Delhi,344.2,Home & Kitchen,3,3.54,Rail,Blue Dart,1222.36,374.36,8.78,2025-05-04,2025-05-11,2025-05-12,Delayed,3.0,No,No
ORD104310,CUST12434,2025-04-23,Delhi,Delhi,Bengaluru,246.2,Automotive,6,3.96,Road,DTDC,1163.49,231.2,10.78,2025-04-26,2025-05-01,2025-05-04,Delayed,2.0,No,Yes
ORD104267,CUST12148,2025-09-20,Hyderabad,Hyderabad,Delhi,346.7,Sports,6,5.24,Road,DTDC,1629.81,374.65,3.44,2025-09-21,2025-09-27,2025-09-27,Delivered,3.0,No,No
ORD102731,CUST12062,2025-11-24,Bengaluru,Bengaluru,Indore,39.9,Clothing,2,10.58,Road,Blue Dart,271.56,20.0,6.89,2025-11-26,2025-12-01,2025-12-01,Delivered,5.0,No,No
ORD100776,CUST10008,2025-09-02,Pune,Pune,Bengaluru,239.7,Clothing,5,1.88,Air,Shadowfax,2210.0,188.81,12.05,2025-09-05,2025-09-07,2025-09-07,Delivered,4.0,No,No
ORD100850,CUST10614,2025-07-14,Chennai,Chennai,Jaipur,507.6,Home & Kitchen,2,5.23,Rail,Ecom Express,1802.1,476.27,10.49,2025-07-16,2025-07-22,2025-07-26,Delayed,4.0,No,No
ORD101922,CUST11288,2025-04-18,Chennai,Chennai,Bhopal,511.9,Grocery,7,2.56,Air,XpressBees,4654.08,589.16,11.35,2025-04-20,2025-04-23,2025-04-23,Delivered,4.0,No,No
ORD102763,CUST10903,2025-01-02,Chennai,Chennai,Kolkata,516.4,Clothing,1,20.12,Rail,Shadowfax,1950.96,391.83,5.87,2025-01-04,2025-01-11,2025-01-11,Delivered,5.0,No,No
ORD102967,CUST10844,2025-04-20,Pune,Pune,Surat,604.9,Electronics,3,1.23,Road,DTDC,2569.24,563.99,10.15,2025-04-23,2025-04-29,2025-04-29,Delivered,4.0,No,No
ORD101347,CUST12796,2025-03-21,Hyderabad,Hyderabad,Delhi,342.7,Home & Kitchen,2,4.37,road,Delhivery,1519.07,358.24,8.51,2025-03-23,2025-03-29,2025-03-29,Delivered,5.0,No,No
ORD100570,CUST11095,2025-01-13,Pune,Pune,Ahmedabad,228.8,Books,4,7.26,Rail,Shadowfax,808.67,185.05,12.75,2025-01-16,2025-01-23,2025-01-23,Delivered,5.0,No,No
ORD100175,CUST10487,2025-12-01,Delhi,Delhi,Coimbatore,684.9,Books,6,4.75,Road,DTDC,3002.13,535.94,5.81,2025-12-03,2025-12-09,2025-12-09,Delivered,4.0,No,No
ORD102604,CUST10578,2025-01-13,Chennai,Chennai,Vijayawada,1240.7,Sports,6,2.34,Road,Shadowfax,5296.12,1052.15,4.99,2025-01-15,2025-01-22,2025-01-22,Delivered,,No,No
ORD101493,CUST11804,2025-12-24,Hyderabad,Hyderabad,Nagpur,438.2,Automotive,4,9.86,Road,Delhivery,2045.5,302.81,6.52,2025-12-26,2026-01-02,2026-01-02,Delivered,4.0,No,No
ORD102338,CUST11015,2025-03-09,Chennai,Chennai,Mumbai,301.6,Grocery,6,5.67,Express,DTDC,2364.24,292.95,7.38,2025-03-11,2025-03-15,2025-03-15,Delivered,4.0,No,No
ORD104278,CUST10622,2025-02-17,Hyderabad,Hyderabad,Delhi,926.1,Electronics,7,5.39,Air,XpressBees,8428.17,951.54,12.22,2025-02-19,2025-02-23,2025-02-23,Delivered,4.0,No,No
ORD101089,CUST11208,2025-01-16,Bengaluru,Bengaluru,Visakhapatnam,226.0,Sports,7,1.8,Road,DTDC,1135.98,260.03,9.9,2025-01-19,2025-01-25,2025-01-25,Delivered,5.0,No,No
ORD102786,CUST11224,2025-11-14,Mumbai,Mumbai,Vijayawada,297.4,Books,3,3.95,Road,XpressBees,1325.6,297.93,6.65,2025-11-16,2025-11-22,2025-11-22,Delivered,4.0,No,No
ORD100137,CUST12708,2025-03-20,Bengaluru,Bengaluru,Visakhapatnam,137.6,Electronics,1,4.18,Air,Blue Dart,1339.25,153.22,3.1,2025-03-22,2025-03-25,2025-03-25,Delivered,5.0,No,No
ORD100016,CUST12233,2025-02-19,Pune,Pune,Surat,109.6,Books,4,8.61,Rail,XpressBees,613.79,86.18,8.4,2025-02-22,2025-02-27,2025-02-28,Delayed,3.0,No,No
ORD100569,CUST10729,2025-03-20,Mumbai,Mumbai,Kolkata,285.8,Books,7,5.03,Rail,DTDC,1126.61,329.95,11.85,2025-03-23,2025-03-31,2025-04-03,Delayed,4.0,No,No
ORD103085,CUST12385,2025-08-22,Chennai,Chennai,Indore,430.7,Automotive,5,4.14,Rail,XpressBees,1420.15,299.35,6.69,2025-08-24,2025-08-31,2025-09-04,Delayed,3.0,No,No
ORD103498,CUST10384,2025-03-29,Mumbai,Mumbai,Bengaluru,160.9,Grocery,5,10.48,Road,XpressBees,880.39,136.25,8.51,2025-03-31,2025-04-04,2025-04-04,Delivered,5.0,No,No
ORD102743,CUST11860,2025-04-10,Bengaluru,Bengaluru,Kochi,249.3,Books,6,8.03,Air,Shadowfax,2469.21,181.27,12.6,2025-04-12,2025-04-15,2025-04-15,Delivered,5.0,No,No
ORD101341,CUST12192,2025-11-13,Mumbai,Mumbai,Bengaluru,244.1,Clothing,7,9.82,Air,Ecom Express,2360.61,191.76,9.08,2025-11-14,2025-11-17,2025-11-17,Delivered,5.0,No,No
ORD100611,CUST12323,2025-09-03,Mumbai,Mumbai,Surat,301.5,Grocery,3,3.74,Road,XpressBees,1221.44,340.8,14.42,2025-09-06,2025-09-11,2025-09-11,Delivered,5.0,No,No
ORD102090,CUST12361,2025-05-29,Bengaluru,Bengaluru,Visakhapatnam,629.6,Electronics,2,9.55,Road,Blue Dart,2780.6,638.57,8.16,2025-05-31,2025-06-06,2025-06-06,Delivered,4.0,No,No
ORD101594,CUST11493,2025-07-23,Delhi,Delhi,Kolkata,219.2,Sports,4,0.91,Express,XpressBees,1656.68,269.44,7.35,2025-07-25,2025-07-28,2025-07-28,Delivered,4.0,No,No
ORD104506,CUST11615,2025-02-19,Mumbai,Mumbai,Hyderabad,413.3,Electronics,5,1.15,Express,Ecom Express,2888.62,276.88,11.18,2025-02-21,2025-02-24,2025-03-01,Delayed,4.0,No,No
ORD104246,CUST10939,2025-09-04,Delhi,Delhi,Surat,464.5,Clothing,2,5.41,Rail,Ecom Express,1544.05,376.5,9.25,2025-09-06,2025-09-13,2025-09-16,Delayed,4.0,Yes,No
ORD102508,CUST11529,2025-12-28,Chennai,Chennai,Pune,148.8,Books,1,2.79,Air,Blue Dart,1439.05,137.36,6.79,2025-12-30,2025-12-31,2025-12-31,Delivered,4.0,No,No
ORD104814,CUST10922,2025-07-15,Bengaluru,Bengaluru,Surat,77.3,Grocery,2,3.65,Road,Shadowfax,402.85,26.39,9.4,2025-07-18,2025-07-23,2025-07-23,Delivered,,No,No
ORD101679,CUST10648,2025-03-06,Chennai,Chennai,Indore,1083.3,Beauty,7,7.35,Road,DTDC,4792.41,930.96,6.08,2025-03-08,2025-03-16,2025-03-16,Delivered,5.0,No,Yes
ORD102597,CUST12510,2025-09-05,Mumbai,Mumbai,Vijayawada,236.8,Electronics,2,13.58,Road,Ecom Express,1173.27,213.27,5.82,2025-09-07,2025-09-12,2025-09-12,Delivered,4.0,No,No
ORD102407,CUST10852,2025-05-07,Mumbai,Mumbai,Kochi,67.0,Books,7,4.15,Air,DTDC,887.51,75.03,9.75,2025-05-09,2025-05-12,2025-05-14,Delayed,3.0,No,No
ORD104067,CUST10144,2025-07-19,Hyderabad,Hyderabad,Nagpur,597.7,Home & Kitchen,6,8.03,Air,Shadowfax,5634.39,565.21,4.26,2025-07-20,2025-07-23,2025-07-23,Delivered,5.0,No,No
ORD100057,CUST11659,2025-11-12,Chennai,Chennai,Ahmedabad,648.1,Automotive,7,2.96,Air,Shadowfax,5894.5,461.15,3.87,2025-11-13,2025-11-16,2025-11-16,Delivered,4.0,No,No
ORD103815,CUST12340,2025-04-28,Bengaluru,Bengaluru,Pune,424.0,Automotive,2,7.03,Road,XpressBees,1920.74,523.62,10.75,2025-05-01,2025-05-08,2025-05-08,Delivered,4.0,No,No
ORD104813,CUST12646,2025-10-18,Hyderabad,Hyderabad,Kolkata,728.9,Books,4,8.78,Express,Shadowfax,5317.33,782.43,7.27,2025-10-20,2025-10-25,2025-10-25,Delivered,5.0,No,No
ORD102658,CUST11641,2025-07-06,Mumbai,Mumbai,Bengaluru,725.2,Clothing,3,2.35,Road,Shadowfax,3156.06,717.64,10.73,2025-07-08,2025-07-15,2025-07-15,Delivered,5.0,No,Yes
ORD101894,CUST11677,2025-03-19,Pune,Pune,Lucknow,249.4,Home & Kitchen,7,3.14,Road,Shadowfax,1089.97,131.94,10.2,2025-03-21,2025-03-25,2025-03-26,Delayed,4.0,No,No
ORD103523,CUST12136,2025-04-12,Delhi,Delhi,Ahmedabad,194.5,Electronics,3,2.71,Road,Blue Dart,948.19,58.18,6.51,2025-04-14,2025-04-18,2025-04-18,Delivered,5.0,No,No
ORD102905,CUST11522,2025-10-26,Delhi,Delhi,Nagpur,300.2,Clothing,4,1.45,Rail,Delhivery,1050.43,302.45,12.54,2025-10-29,2025-11-04,2025-11-07,Delayed,2.0,No,No
ORD104655,CUST12217,2025-11-20,Mumbai,Mumbai,Jaipur,384.9,Home & Kitchen,7,8.01,Road,Blue Dart,1768.19,413.81,5.83,2025-11-22,2025-11-27,2025-11-28,Delayed,5.0,No,No
ORD102653,CUST11257,2025-06-13,Chennai,Chennai,Vijayawada,399.0,Automotive,1,4.0,Rail,Blue Dart,1306.49,334.12,10.11,2025-06-15,2025-06-21,2025-06-21,Delivered,4.0,No,No
ORD100118,CUST11172,2025-05-07,Pune,Pune,Coimbatore,1043.9,Electronics,6,4.1,Road,Shadowfax,4624.55,751.25,10.08,2025-05-10,2025-05-17,2025-05-17,Delivered,4.0,No,No
ORD103108,CUST10401,2025-11-29,Bengaluru,Bengaluru,Lucknow,559.2,Books,1,3.0,Road,DTDC,2388.41,603.31,5.98,2025-11-30,2025-12-04,2025-12-04,Delivered,5.0,No,No
ORD101394,CUST12583,2025-11-23,Chennai,Chennai,Coimbatore,973.4,Books,7,11.82,Rail,Ecom Express,3460.04,647.43,9.24,2025-11-26,2025-12-03,2025-12-07,Delayed,4.0,No,No
ORD100301,CUST11346,2025-07-29,Bengaluru,Bengaluru,Lucknow,217.9,Clothing,4,9.82,Rail,Blue Dart,993.27,193.84,5.1,2025-07-31,2025-08-07,2025-08-07,Delivered,3.0,No,No
ORD103007,CUST10462,2025-03-03,Hyderabad,Hyderabad,Indore,258.1,Grocery,3,4.81,Road,Blue Dart,1124.36,256.5,8.07,2025-03-05,2025-03-10,2025-03-11,Delayed,3.0,No,No
ORD103089,CUST12793,2025-06-09,Mumbai,Mumbai,Ahmedabad,358.5,Electronics,5,1.4,Rail,Ecom Express,1147.33,336.89,8.75,2025-06-12,2025-06-17,2025-06-17,Delivered,5.0,No,No
ORD100588,CUST12699,2025-12-25,Bengaluru,Bengaluru,Jaipur,352.4,Grocery,3,11.84,Road,DTDC,1587.18,245.24,5.56,2025-12-27,2026-01-01,2026-01-01,Delivered,5.0,No,No
ORD103791,CUST11960,2025-09-28,Bengaluru,Bengaluru,Bhopal,249.1,Sports,2,5.63,Road,Delhivery,1134.1,123.06,9.26,2025-10-01,2025-10-04,2025-10-04,Delivered,5.0,No,No
ORD100874,CUST11558,2025-12-03,Mumbai,Mumbai,Bhopal,349.8,Electronics,1,4.58,Rail,DTDC,1256.15,204.06,12.49,2025-12-06,2025-12-11,2025-12-11,Delivered,5.0,No,No
ORD102536,CUST12768,2025-03-20,Hyderabad,Hyderabad,Nagpur,135.9,Electronics,7,9.47,Express,XpressBees,1152.89,142.18,5.61,2025-03-21,2025-03-24,2025-03-24,Delivered,5.0,No,No
ORD100036,CUST11960,2025-12-05,Hyderabad,Hyderabad,Surat,470.4,Grocery,1,8.18,Air,Shadowfax,4370.06,453.76,6.35,2025-12-07,2025-12-10,2025-12-10,Delivered,5.0,No,No
ORD100757,CUST10539,2025-02-22,Bengaluru,Bengaluru,Vijayawada,600.5,Clothing,3,3.28,Air,Shadowfax,5565.16,601.76,10.43,2025-02-24,2025-02-27,2025-02-27,Delivered,5.0,No,No
ORD101935,CUST12769,2025-05-28,Delhi,Delhi,Pune,387.6,Sports,1,3.12,Rail,Blue Dart,1304.43,289.48,8.84,2025-05-29,2025-06-06,2025-06-09,Delayed,3.0,No,No
ORD101130,CUST11087,2025-04-20,Chennai,Chennai,Coimbatore,360.2,Home & Kitchen,6,4.72,Air,Ecom Express,3475.58,264.05,,2025-04-23,2025-04-27,2025-04-27,Delivered,5.0,No,No
ORD104038,CUST11040,2025-02-02,Chennai,Chennai,Nagpur,455.4,Sports,5,2.79,Road,Delhivery,2134.8,420.77,5.7,2025-02-04,2025-02-10,2025-02-10,Delivered,5.0,No,No
ORD104687,CUST12089,2025-07-30,Bengaluru,Bengaluru,Delhi,284.7,Home & Kitchen,7,4.28,Road,DTDC,1301.64,206.2,7.27,2025-08-01,2025-08-07,2025-08-09,Delayed,3.0,No,No
ORD103400,CUST11478,2025-05-19,Hyderabad,Hyderabad,Surat,215.7,Electronics,5,0.84,Air,Delhivery,1981.95,217.55,6.67,2025-05-21,2025-05-25,2025-05-25,Delivered,4.0,No,No
ORD102601,CUST10371,2025-08-13,Hyderabad,Hyderabad,Mumbai,232.8,Books,2,1.62,Air,Ecom Express,2072.55,189.17,7.19,2025-08-14,2025-08-17,2025-08-17,Delivered,5.0,No,No
ORD103795,CUST12246,2025-06-08,Chennai,Chennai,Nagpur,153.7,Sports,6,4.58,Road,Delhivery,942.96,165.47,7.32,2025-06-10,2025-06-14,2025-06-14,Delivered,4.0,No,No
ORD103215,CUST12134,2025-11-08,Pune,Pune,Kolkata,378.9,Beauty,5,1.06,Air,Ecom Express,3409.34,323.7,7.33,2025-11-10,2025-11-13,2025-11-13,Delivered,4.0,No,No
ORD101632,CUST12587,2025-10-17,Bengaluru,Bengaluru,Kochi,336.0,Clothing,3,2.99,rail,XpressBees,1101.49,235.38,8.21,2025-10-20,2025-10-26,2025-10-26,Delivered,5.0,No,No
ORD103502,CUST11138,2025-10-23,Chennai,Chennai,Delhi,464.6,Grocery,1,8.13,Air,XpressBees,4202.84,536.6,12.1,2025-10-26,2025-10-29,2025-10-29,Delivered,5.0,No,No
ORD102374,CUST10294,2025-03-07,Pune,Pune,,154.4,Clothing,1,2.31,Air,Ecom Express,1394.79,111.03,5.54,2025-03-09,2025-03-11,2025-03-11,Delivered,5.0,No,No
ORD103184,CUST12217,2025-03-22,Bengaluru,Bengaluru,Surat,538.5,Automotive,1,6.55,Air,DTDC,5010.05,604.73,9.5,2025-03-25,2025-03-28,2025-03-28,Delivered,4.0,No,No
ORD101993,CUST12408,2025-05-20,Bengaluru,Bengaluru,Hyderabad,292.1,Electronics,6,3.69,Road,Delhivery,1420.6,129.5,6.82,2025-05-22,2025-05-26,2025-05-30,Delayed,2.0,No,No
ORD101874,CUST10941,2025-08-18,Mumbai,Mumbai,Vijayawada,78.3,Electronics,2,1.03,Road,Blue Dart,520.81,75.6,12.96,2025-08-21,2025-08-26,2025-08-26,Delivered,5.0,No,No
ORD104063,CUST10157,2025-02-14,Hyderabad,Hyderabad,Bengaluru,379.4,Beauty,1,6.1,Rail,XpressBees,1303.46,292.08,5.82,2025-02-16,2025-02-22,2025-02-22,Delivered,5.0,No,No
ORD103178,CUST10353,2025-11-04,Pune,Pune,Vijayawada,160.7,Sports,5,8.47,Road,Ecom Express,926.2,201.27,13.26,2025-11-07,2025-11-11,2025-11-14,Delayed,4.0,No,No
ORD100116,CUST11506,2025-09-24,Chennai,Chennai,Nagpur,207.3,Electronics,1,9.87,Road,Delhivery,1082.63,182.82,7.5,2025-09-26,2025-10-01,2025-10-01,Delivered,4.0,No,No
ORD100193,CUST12066,2025-11-07,Hyderabad,Hyderabad,Jaipur,350.1,Automotive,6,2.11,Road,Ecom Express,1588.9,311.8,7.69,2025-11-10,2025-11-16,2025-11-16,Delivered,4.0,No,No
ORD100661,CUST10969,2025-12-31,Bengaluru,Bengaluru,Hyderabad,321.9,Home & Kitchen,1,6.67,Road,Shadowfax,1400.7,386.42,6.8,2026-01-02,2026-01-07,2026-01-07,Delivered,3.0,No,No
ORD101645,CUST11427,2025-05-03,Mumbai,Mumbai,Coimbatore,921.5,Beauty,7,4.18,Road,Blue Dart,3961.29,1002.35,7.53,2025-05-06,2025-05-11,2025-05-11,Delivered,4.0,No,No
ORD100828,CUST10047,2025-08-08,Hyderabad,Hyderabad,Ahmedabad,326.3,Home & Kitchen,1,17.04,Express,Blue Dart,2472.72,303.04,7.31,2025-08-10,2025-08-15,2025-08-15,Delivered,4.0,No,No
ORD101612,CUST11866,2025-09-30,Chennai,Chennai,Kochi,181.4,Beauty,3,0.42,Rail,Shadowfax,655.57,191.04,6.77,2025-10-02,2025-10-08,2025-10-08,Delivered,5.0,No,No
ORD103231,CUST11731,2025-10-05,Chennai,Chennai,Jaipur,97.9,Electronics,2,9.06,Air,XpressBees,1086.23,101.39,7.04,2025-10-07,2025-10-09,2025-10-09,Delivered,5.0,No,No
ORD103529,CUST12451,2025-06-03,Pune,Pune,Surat,759.0,Beauty,4,4.56,Road,Delhivery,3313.83,672.88,8.07,2025-06-06,2025-06-12,2025-06-13,Delayed,4.0,No,No
ORD103272,CUST11251,2025-07-23,Hyderabad,Hyderabad,Coimbatore,297.9,Home & Kitchen,7,3.44,Road,XpressBees,1327.49,212.71,6.26,2025-07-24,2025-07-29,2025-07-29,Delivered,3.0,No,No
ORD100063,CUST11120,2025-08-12,Bengaluru,Bengaluru,Bengaluru,256.1,Books,7,3.01,Road,Shadowfax,1208.62,220.35,4.72,2025-08-14,2025-08-19,2025-08-25,Delayed,3.0,No,No
ORD104777,CUST12442,2025-04-13,Hyderabad,Hyderabad,Kochi,90.3,Grocery,7,10.45,Road,DTDC,799.57,55.34,7.04,2025-04-15,2025-04-20,2025-04-20,Delivered,3.0,No,No
ORD100656,CUST10615,2025-11-30,Mumbai,Mumbai,Vijayawada,621.7,Books,1,11.89,Express,Ecom Express,4521.41,674.0,9.93,2025-12-02,2025-12-05,2025-12-05,Delivered,4.0,No,No
ORD104733,CUST11720,2025-07-29,Delhi,Delhi,Hyderabad,127.6,Home & Kitchen,4,4.85,Air,DTDC,1382.15,126.43,11.85,2025-07-31,2025-08-03,2025-08-03,Delivered,3.0,No,No
ORD103569,CUST11886,2025-02-08,Pune,Pune,Chennai,285.2,Books,4,1.58,Rail,Blue Dart,825.54,196.04,10.01,2025-02-11,2025-02-18,2025-02-18,Delivered,5.0,Yes,No
ORD101560,CUST11715,2025-12-03,Mumbai,Mumbai,Nagpur,856.7,Home & Kitchen,4,2.87,Road,Blue Dart,3615.28,717.63,10.65,2025-12-05,2025-12-10,2025-12-10,Delivered,3.0,No,No
ORD101171,CUST12516,2025-11-29,Delhi,Delhi,Surat,358.1,Grocery,6,2.07,Road,Delhivery,1592.49,350.26,11.24,2025-12-01,2025-12-07,2025-12-07,Delivered,5.0,No,No
ORD101226,CUST10918,2025-01-11,Delhi,Delhi,Indore,409.6,Beauty,7,2.83,Express,Shadowfax,3045.01,347.69,7.76,2025-01-14,2025-01-19,2025-01-19,Delivered,5.0,No,No
ORD104215,CUST10958,2025-08-21,Hyderabad,Hyderabad,Vijayawada,209.3,Grocery,4,2.76,Road,Ecom Express,1083.2,252.36,9.53,2025-08-23,2025-08-27,2025-08-29,Delayed,3.0,No,No
ORD100045,CUST11527,2025-11-03,Hyderabad,Hyderabad,Pune,303.7,Grocery,3,2.18,Air,XpressBees,2722.6,220.09,8.66,2025-11-05,2025-11-07,2025-11-07,Delivered,4.0,No,No
ORD103600,CUST12286,2025-01-01,Mumbai,Mumbai,Kochi,756.0,Home & Kitchen,3,1.45,Air,Ecom Express,6900.73,595.6,11.23,2025-01-03,2025-01-07,2025-01-09,Delayed,4.0,No,No
ORD103767,CUST12164,2025-08-09,Delhi,Delhi,Kolkata,541.8,Clothing,6,2.8,Air,XpressBees,5018.17,426.0,9.16,2025-08-12,2025-08-17,2025-08-17,Delivered,4.0,No,No
ORD104329,CUST10944,2025-09-22,Delhi,Delhi,Nagpur,277.2,Clothing,4,4.98,Air,DTDC,2684.0,285.59,,2025-09-25,2025-09-28,2025-09-28,Delivered,5.0,No,No
ORD101207,CUST11822,2025-11-29,Mumbai,Mumbai,Chennai,572.3,Clothing,3,6.52,Air,XpressBees,5198.58,387.58,9.29,2025-12-01,2025-12-02,2025-12-05,Delayed,3.0,No,No
ORD100545,CUST10318,2025-09-03,Delhi,Delhi,Visakhapatnam,779.2,Grocery,5,1.5,air,Ecom Express,7024.46,636.24,10.41,2025-09-06,2025-09-10,2025-09-10,Delivered,3.0,No,No
ORD101670,CUST11037,2025-12-31,Delhi,Delhi,Nagpur,381.9,Automotive,7,2.24,Road,Delhivery,1648.79,318.8,9.39,2026-01-03,2026-01-09,2026-01-13,Delayed,3.0,No,No
ORD104684,CUST11305,2025-04-19,Hyderabad,Hyderabad,Surat,397.2,Electronics,3,3.43,Express,XpressBees,2912.77,364.74,9.0,2025-04-22,2025-04-26,2025-04-26,Delivered,4.0,No,No
ORD103186,CUST10882,2025-05-02,Chennai,Chennai,Ahmedabad,517.0,Home & Kitchen,6,4.1,Rail,Shadowfax,,471.98,7.87,2025-05-03,2025-05-10,2025-05-10,Delivered,5.0,No,No
ORD102234,CUST11269,2025-08-17,Delhi,Delhi,Jaipur,275.6,Electronics,4,2.57,Air,Blue Dart,2444.86,207.84,8.68,2025-08-19,2025-08-21,2025-08-21,Delivered,4.0,No,No
ORD104265,CUST12403,2025-01-17,Delhi,Delhi,Vijayawada,470.2,Home & Kitchen,1,6.27,Road,Shadowfax,1965.91,471.98,10.57,2025-01-20,2025-01-24,2025-01-24,Delivered,5.0,No,No
ORD104654,CUST12293,2025-11-16,Delhi,Delhi,Hyderabad,423.0,Automotive,2,9.33,Road,Shadowfax,1955.14,426.98,10.52,2025-11-19,2025-11-24,2025-11-24,Delivered,4.0,No,No
ORD102188,CUST10131,2025-12-23,Mumbai,Mumbai,Bengaluru,222.1,Grocery,5,0.32,Air,DTDC,2111.5,231.69,14.96,2025-12-26,2025-12-28,2025-12-29,Delayed,3.0,No,No
ORD101043,CUST11706,2025-01-12,Hyderabad,Hyderabad,Delhi,244.7,Electronics,1,5.27,Road,Ecom Express,1261.08,223.72,8.64,2025-01-14,2025-01-20,2025-01-20,Delivered,4.0,No,No
ORD101984,CUST10272,2025-06-24,Hyderabad,Hyderabad,Visakhapatnam,197.8,Books,1,5.61,Rail,Shadowfax,700.67,234.96,5.31,2025-06-26,2025-07-01,2025-07-01,Delivered,4.0,No,No
ORD102438,CUST11470,2025-03-08,Pune,Pune,Mumbai,725.0,Clothing,7,2.8,Express,Shadowfax,5177.55,671.28,7.64,2025-03-11,2025-03-15,2025-03-15,Delivered,4.0,No,No
ORD102591,CUST10709,2025-09-29,Delhi,Delhi,Pune,214.4,Electronics,1,7.76,Road,Shadowfax,991.23,203.08,10.1,2025-10-02,2025-10-06,2025-10-07,Delayed,3.0,No,No
ORD101413,CUST10230,2025-04-24,Mumbai,Mumbai,Ahmedabad,156.8,Sports,6,1.77,Road,Delhivery,788.47,152.04,11.65,2025-04-28,2025-05-02,2025-05-02,Delivered,5.0,No,No
ORD102262,CUST11379,2025-05-22,Pune,Pune,Bengaluru,107.7,Automotive,5,4.96,Road,Blue Dart,582.14,130.72,12.23,2025-05-25,2025-05-30,2025-05-30,Delivered,4.0,No,No
ORD101782,CUST12579,2025-10-30,Delhi,Delhi,Chennai,574.5,Clothing,1,1.28,Road,Blue Dart,2489.83,416.23,7.77,2025-11-02,2025-11-07,2025-11-07,Delivered,4.0,No,No
ORD101360,CUST11583,2025-11-20,Mumbai,Mumbai,Coimbatore,219.0,Sports,3,2.48,Road,Shadowfax,1098.14,,9.91,2025-11-23,2025-11-27,2025-11-29,Delayed,,No,No
ORD100796,CUST11071,2025-11-10,Hyderabad,Hyderabad,Lucknow,629.1,Grocery,2,3.91,Rail,Delhivery,2035.38,640.08,9.69,2025-11-13,2025-11-21,2025-11-21,Delivered,4.0,No,No
ORD104189,CUST10428,2025-02-05,Delhi,Delhi,Chennai,522.9,Books,6,6.1,Road,Ecom Express,2358.31,514.42,14.31,2025-02-08,2025-02-14,2025-02-20,Delayed,4.0,No,No
ORD103920,CUST12467,2025-08-14,Chennai,Chennai,Mumbai,158.5,Clothing,1,8.87,Express,Shadowfax,1339.2,96.43,8.79,2025-08-17,2025-08-20,2025-08-20,Delivered,5.0,No,No
ORD103221,CUST11597,2025-08-05,Chennai,Chennai,Indore,268.4,Home & Kitchen,2,1.3,Road,Ecom Express,1024.37,272.02,10.35,2025-08-08,2025-08-14,2025-08-14,Delivered,4.0,No,No
ORD102308,CUST10127,2025-04-12,Delhi,Delhi,Lucknow,182.2,Electronics,5,5.67,Air,DTDC,1691.24,150.42,11.04,2025-04-15,2025-04-19,2025-04-19,Delivered,5.0,No,No
ORD102730,CUST10827,2025-09-22,Mumbai,Mumbai,Vijayawada,366.5,Sports,1,5.05,Road,Shadowfax,1600.04,290.24,11.99,2025-09-25,2025-09-30,2025-09-30,Delivered,4.0,No,No
ORD104736,CUST11070,2025-02-21,Chennai,Chennai,Kolkata,196.0,Electronics,7,4.22,Express,XpressBees,1533.77,214.37,7.98,2025-02-23,2025-02-27,2025-02-27,Delivered,4.0,No,No
ORD104475,CUST10966,2025-03-06,Chennai,Chennai,Jaipur,393.5,Beauty,1,7.23,Express,Blue Dart,2791.81,391.37,8.31,2025-03-09,2025-03-13,2025-03-13,Delivered,4.0,No,Yes
ORD101674,CUST12480,2025-11-29,Chennai,Chennai,Hyderabad,786.9,Electronics,5,8.63,Air,Ecom Express,7240.68,845.7,8.57,2025-12-01,2025-12-04,2025-12-04,Delivered,4.0,No,No
ORD103295,CUST11470,2025-03-26,Hyderabad,Hyderabad,Coimbatore,334.1,Home & Kitchen,3,3.81,Rail,Ecom Express,1098.06,296.26,8.58,2025-03-29,2025-04-05,2025-04-05,Delivered,5.0,No,No
ORD103185,CUST12181,2025-02-27,Delhi,Delhi,Ahmedabad,331.0,Clothing,4,0.51,Road,Ecom Express,1530.44,316.28,8.16,2025-03-01,2025-03-06,2025-03-06,Delivered,4.0,No,No
ORD101060,CUST10964,2025-07-16,Bengaluru,Bengaluru,Bhopal,146.9,Clothing,3,10.98,Rail,Shadowfax,777.9,88.86,9.57,2025-07-18,2025-07-23,2025-07-23,Delivered,5.0,No,No
ORD102237,CUST11779,2025-01-10,mumbai,Mumbai,Surat,479.5,Electronics,3,4.76,Air,Ecom Express,4362.77,322.78,9.46,2025-01-12,2025-01-15,2025-01-15,Delivered,5.0,No,No
ORD104470,CUST11814,2025-02-12,Mumbai,Mumbai,Indore,587.3,Grocery,6,16.48,Road,Blue Dart,2950.24,588.87,8.98,2025-02-14,2025-02-20,2025-02-20,Delivered,4.0,No,No
ORD104936,CUST11273,2025-09-08,Hyderabad,Hyderabad,Bhopal,596.6,Home & Kitchen,4,2.8,Express,XpressBees,4035.31,629.46,8.54,2025-09-10,2025-09-14,2025-09-14,Delivered,5.0,No,No
ORD101380,CUST11678,2025-05-14,Mumbai,Mumbai,Bengaluru,484.3,Books,7,3.31,Road,Shadowfax,2050.03,454.98,5.32,2025-05-16,2025-05-20,2025-05-20,Delivered,5.0,No,No
ORD103702,CUST10530,2025-03-03,Mumbai,Mumbai,Indore,184.3,Beauty,3,7.46,Road,DTDC,885.22,219.71,12.03,2025-03-06,2025-03-11,2025-03-11,Delivered,4.0,No,No
ORD102276,CUST12421,2025-08-28,Delhi,Delhi,Kochi,382.0,Books,6,2.76,Road,XpressBees,1827.09,364.07,9.03,2025-08-31,2025-09-04,2025-09-10,Delayed,4.0,No,No
ORD100065,CUST12438,2025-10-22,Bengaluru,Bengaluru,Delhi,522.3,Electronics,1,9.93,Rail,Delhivery,1911.67,526.89,4.52,2025-10-23,2025-10-30,2025-10-30,Delivered,5.0,No,No
ORD103323,CUST12086,2025-07-29,Pune,Pune,Jaipur,893.4,Electronics,4,4.36,Air,DTDC,8196.77,972.35,11.84,2025-08-01,2025-08-04,2025-08-10,Delayed,3.0,No,No
ORD102765,CUST10373,2025-02-02,Bengaluru,Bengaluru,Ahmedabad,247.4,Sports,6,1.79,Road,Delhivery,1175.3,252.56,6.55,2025-02-04,2025-02-09,2025-02-09,Delivered,4.0,No,No
ORD100595,CUST10204,2025-07-13,Hyderabad,Hyderabad,Kolkata,161.0,Home & Kitchen,6,2.82,Air,XpressBees,1573.74,159.61,7.41,2025-07-15,2025-07-18,2025-07-18,Delivered,3.0,No,No
ORD100352,CUST11669,2025-07-25,Hyderabad,Hyderabad,Delhi,323.6,Clothing,4,4.88,Road,Delhivery,1402.8,389.59,2.37,2025-07-27,2025-07-31,2025-07-31,Delivered,5.0,No,No
ORD101495,CUST12045,2025-06-21,Hyderabad,Hyderabad,Lucknow,79.1,Automotive,1,4.01,Road,Shadowfax,532.32,49.16,3.87,2025-06-22,2025-06-26,2025-06-30,Delayed,4.0,No,No
ORD100987,CUST11660,2025-01-16,Hyderabad,Hyderabad,Kolkata,420.7,Grocery,1,5.27,Air,DTDC,3830.1,417.24,8.61,2025-01-18,2025-01-20,2025-01-21,Delayed,4.0,No,No
ORD104252,CUST11762,2025-07-10,Pune,Pune,Bhopal,302.8,Clothing,2,8.37,Rail,Ecom Express,1157.62,317.26,10.92,2025-07-12,2025-07-18,2025-07-18,Delivered,5.0,No,No
ORD100982,CUST12679,2025-03-02,Hyderabad,Hyderabad,Nagpur,1121.5,Beauty,4,3.3,Air,DTDC,10183.17,1158.66,10.0,2025-03-04,2025-03-09,2025-03-09,Delivered,5.0,No,No
ORD102533,CUST10339,2025-04-22,Pune,Pune,Vijayawada,230.9,Home & Kitchen,7,1.02,Rail,Delhivery,867.52,181.47,11.84,2025-04-24,2025-05-01,2025-05-01,Delivered,5.0,No,No
ORD102024,CUST10457,2025-10-05,Bengaluru,Bengaluru,Chennai,286.0,Automotive,5,9.07,Road,Delhivery,1404.28,162.33,8.21,2025-10-08,2025-10-13,2025-10-13,Delivered,5.0,No,No
ORD100321,CUST10626,2025-05-22,Bengaluru,Bengaluru,Mumbai,-25.0,Clothing,3,6.05,Rail,DTDC,531.72,156.41,9.76,2025-05-24,2025-05-30,2025-06-03,Delayed,4.0,No,No
ORD103312,CUST11535,2025-08-04,Chennai,Chennai,Indore,643.9,Home & Kitchen,3,3.02,Road,Shadowfax,2809.15,643.78,6.22,2025-08-06,2025-08-12,2025-08-12,Delivered,4.0,No,No
ORD104888,CUST11799,2025-11-04,Bengaluru,Bengaluru,Kochi,599.5,Automotive,2,9.1,Road,Ecom Express,2704.84,402.59,8.04,2025-11-07,2025-11-12,2025-11-12,Delivered,4.0,No,No
ORD101251,CUST11750,2025-08-13,Chennai,Chennai,Pune,81.7,Clothing,7,2.97,Air,Shadowfax,890.76,56.04,11.51,2025-08-16,2025-08-18,2025-08-18,Delivered,5.0,No,No
ORD100382,CUST12351,2025-02-05,Chennai,Chennai,Kolkata,255.9,Grocery,4,4.73,Road,Ecom Express,1207.17,258.36,5.53,2025-02-07,2025-02-12,2025-02-12,Delivered,4.0,No,No
ORD102030,CUST10537,2025-12-09,Mumbai,Mumbai,Surat,462.5,Home & Kitchen,2,8.79,Road,Shadowfax,1944.33,360.0,6.94,2025-12-11,2025-12-17,2025-12-18,Delayed,3.0,No,No
ORD100746,CUST10071,2025-05-28,Pune,Pune,Surat,604.3,Beauty,3,3.23,Rail,DTDC,2040.8,412.82,6.34,2025-05-30,2025-06-05,2025-06-05,Delivered,4.0,No,No
ORD104984,CUST11217,2025-11-08,Pune,Pune,,366.3,Beauty,2,1.64,Road,DTDC,1635.35,337.63,6.05,2025-11-10,2025-11-16,2025-11-16,Delivered,5.0,No,No
ORD104409,CUST11837,2025-04-16,Pune,Pune,Chennai,185.1,Home & Kitchen,4,14.11,Road,XpressBees,1172.58,165.76,9.78,2025-04-19,2025-04-25,2025-04-25,Delivered,5.0,No,No
ORD101614,CUST10051,2025-03-17,Mumbai,Mumbai,Bhopal,616.4,Sports,5,8.56,Road,XpressBees,2903.47,539.75,7.73,2025-03-19,2025-03-25,2025-03-28,Delayed,3.0,No,No
ORD101298,CUST11607,2025-02-24,Hyderabad,Hyderabad,Delhi,591.3,Automotive,6,7.51,Road,Shadowfax,2531.83,627.32,5.01,2025-02-26,2025-03-04,2025-03-04,Delivered,5.0,No,No
ORD100840,CUST11486,2025-09-17,Pune,Pune,Delhi,292.2,Books,6,2.48,Road,DTDC,1446.77,260.22,10.71,2025-09-21,2025-09-26,2025-09-26,Delivered,4.0,No,No
ORD101686,CUST10775,2025-08-25,Hyderabad,Hyderabad,Jaipur,184.5,Clothing,5,5.09,Air,DTDC,1815.19,188.61,6.52,2025-08-27,2025-08-30,2025-08-30,Delivered,4.0,No,No
ORD100449,CUST12008,2025-11-03,Mumbai,Mumbai,Chennai,384.2,Grocery,5,3.2,Road,Shadowfax,1612.46,284.73,9.37,2025-11-05,2025-11-10,2025-11-10,Delivered,4.0,No,No
ORD101844,CUST10711,2025-07-21,Delhi,Delhi,Jaipur,133.5,Automotive,5,2.31,Rail,Ecom Express,628.86,99.29,9.77,2025-07-24,2025-07-30,2025-07-30,Delivered,4.0,No,No
ORD102662,CUST12500,2025-05-05,Hyderabad,Hyderabad,Indore,82.8,Beauty,2,1.8,Road,Ecom Express,399.56,21.83,9.48,2025-05-08,2025-05-14,2025-05-14,Delivered,5.0,No,No
ORD103358,CUST12544,2025-11-11,Hyderabad,Hyderabad,Bengaluru,200.8,Books,4,10.43,Road,DTDC,1024.24,124.09,6.46,2025-11-13,2025-11-18,2025-11-20,Delayed,3.0,No,No
ORD103544,CUST10231,2025-07-28,Chennai,Chennai,Kolkata,172.0,Beauty,7,7.97,Road,Shadowfax,935.05,148.57,9.97,2025-07-31,2025-08-04,2025-08-04,Delivered,4.0,No,No
ORD102455,CUST10314,2025-08-07,Mumbai,Mumbai,Indore,516.7,Grocery,2,5.37,Rail,DTDC,1762.99,392.13,9.42,2025-08-09,2025-08-16,2025-08-16,Delivered,4.0,No,No
ORD101919,CUST11439,2025-01-18,Chennai,Chennai,Coimbatore,1336.9,Beauty,1,3.92,Rail,Blue Dart,4388.8,1022.7,7.67,2025-01-20,2025-01-27,2025-01-30,Delayed,4.0,No,No
ORD101426,CUST12778,2025-01-14,Pune,Pune,Bhopal,214.5,Automotive,2,3.17,Road,Blue Dart,1012.05,163.48,7.39,2025-01-17,2025-01-22,2025-01-22,Delivered,4.0,No,No
ORD100606,CUST12012,2025-01-01,Bengaluru,Bengaluru,Vijayawada,66.0,Sports,7,5.48,Rail,XpressBees,475.42,127.56,12.92,2025-01-04,2025-01-10,2025-01-10,Delivered,4.0,No,No
ORD102074,CUST10662,2025-10-10,Hyderabad,Hyderabad,Ahmedabad,1079.3,Grocery,2,12.69,Express,Shadowfax,7802.64,879.78,2.99,2025-10-12,2025-10-16,2025-10-16,Delivered,5.0,No,No
ORD104699,CUST10542,2025-09-06,Pune,Pune,Chennai,765.5,Books,2,0.77,Rail,Blue Dart,2524.72,813.21,10.9,2025-09-09,2025-09-17,2025-09-17,Delivered,4.0,Yes,No
ORD102250,CUST10654,2025-10-01,Mumbai,Mumbai,Bhopal,915.3,Books,4,7.11,Road,Delhivery,3968.0,929.28,9.94,2025-10-03,2025-10-10,2025-10-10,Delivered,4.0,No,No
ORD102965,CUST12608,2025-12-06,Chennai,Chennai,Kochi,290.0,Automotive,4,3.74,Air,Ecom Express,2699.09,293.39,6.22,2025-12-09,2025-12-11,2025-12-11,Delivered,4.0,No,No
ORD101780,CUST12285,2025-09-06,Bengaluru,Bengaluru,Chennai,930.5,Sports,1,5.78,Express,XpressBees,6610.71,787.48,9.77,2025-09-08,2025-09-13,2025-09-16,Delayed,4.0,No,No
ORD104102,CUST12778,2025-05-25,Chennai,Chennai,Kochi,107.9,Sports,3,5.99,Road,XpressBees,468.49,146.19,6.81,2025-05-27,2025-05-31,2025-05-31,Delivered,5.0,No,No
ORD100761,CUST11495,2025-08-10,Bengaluru,Bengaluru,Vijayawada,348.7,Electronics,7,2.98,Road,Shadowfax,1558.93,349.4,5.44,2025-08-12,2025-08-18,2025-08-19,Delayed,3.0,Yes,No
ORD100346,CUST10338,2025-01-10,Hyderabad,Hyderabad,Bengaluru,368.2,Grocery,3,0.73,Road,Delhivery,1766.03,350.88,7.27,2025-01-13,2025-01-19,2025-01-19,Delivered,4.0,No,No
ORD103579,CUST10762,2025-07-24,Bengaluru,Bengaluru,Surat,81.4,Books,6,7.62,Air,Blue Dart,969.6,100.03,8.78,2025-07-26,2025-07-29,2025-07-29,Delivered,4.0,No,No
ORD104112,CUST11303,2025-02-24,Delhi,Delhi,Kolkata,882.6,Electronics,1,1.84,Road,Blue Dart,,726.85,8.66,2025-02-27,2025-03-05,2025-03-05,Delivered,3.0,No,No
ORD100852,CUST11784,2025-06-09,Bengaluru,Bengaluru,Indore,161.4,Home & Kitchen,1,8.46,Express,Delhivery,1312.02,97.98,5.38,2025-06-11,2025-06-15,2025-06-15,Delivered,3.0,No,No
ORD100906,CUST10756,2025-12-09,Pune,Pune,Chennai,451.3,Books,4,15.81,Rail,Shadowfax,1686.03,507.14,9.15,2025-12-12,2025-12-18,2025-12-18,Delivered,4.0,No,No
ORD100274,CUST11207,2025-09-12,delhi,Delhi,Pune,493.2,Clothing,3,6.09,Road,DTDC,2175.88,539.54,11.45,2025-09-15,2025-09-19,2025-09-19,Delivered,5.0,No,Yes
ORD102082,CUST11684,2025-03-20,Hyderabad,Hyderabad,Pune,248.7,Automotive,2,0.22,Rail,XpressBees,887.96,123.34,9.33,2025-03-23,2025-03-29,2025-03-29,Delivered,4.0,No,No
ORD101809,CUST10863,2025-04-12,Pune,Pune,Chennai,282.7,Home & Kitchen,6,3.2,Air,DTDC,2640.68,315.33,8.17,2025-04-14,2025-04-16,2025-04-16,Delivered,5.0,No,No
ORD104430,CUST10022,2025-12-12,Hyderabad,Hyderabad,Indore,1366.7,Automotive,1,0.91,Road,Shadowfax,5866.27,863.22,4.35,2025-12-14,2025-12-21,2025-12-21,Delivered,4.0,No,No
ORD100152,CUST10615,2025-03-28,Mumbai,Mumbai,Kochi,219.8,Clothing,1,9.55,Road,XpressBees,1021.11,159.62,8.8,2025-03-30,2025-04-03,2025-04-03,Delivered,4.0,No,No
ORD103610,CUST10812,2025-03-19,Hyderabad,Hyderabad,Pune,527.4,Beauty,3,1.4,Road,Ecom Express,2342.84,474.27,5.49,2025-03-21,2025-03-27,2025-03-27,Delivered,5.0,No,No
ORD101826,CUST10424,2025-08-22,Pune,Pune,Lucknow,224.9,Automotive,4,13.48,Rail,Ecom Express,986.72,168.76,6.4,2025-08-25,2025-08-31,2025-09-02,Delayed,3.0,No,No
ORD100678,CUST10724,2025-02-06,Delhi,Delhi,Surat,505.9,Clothing,5,4.24,Air,Shadowfax,4825.17,320.54,,2025-02-08,2025-02-12,2025-02-12,Delivered,4.0,No,No
ORD104441,CUST11707,2025-12-03,Pune,Pune,Nagpur,698.2,Home & Kitchen,3,6.92,Road,DTDC,3122.24,594.9,7.64,2025-12-04,2025-12-11,2025-12-12,Delayed,3.0,No,No
ORD102048,CUST11821,2025-08-10,Delhi,Delhi,Lucknow,798.9,Automotive,7,4.53,Rail,Delhivery,2816.15,723.15,7.68,2025-08-12,2025-08-19,2025-08-23,Delayed,4.0,No,No
ORD103659,CUST10162,2025-03-23,Bengaluru,Bengaluru,Visakhapatnam,293.6,Books,6,15.81,Express,XpressBees,2374.39,235.71,7.57,2025-03-26,2025-03-29,2025-03-29,Delivered,5.0,No,Yes
ORD104270,CUST11344,2025-02-01,Chennai,Chennai,Bengaluru,256.8,Sports,1,4.86,Road,Shadowfax,1119.31,251.93,10.04,2025-02-04,2025-02-10,2025-02-10,Delivered,4.0,No,No
ORD100339,CUST12456,2025-09-16,Pune,Pune,Kolkata,376.6,Sports,3,3.91,Road,XpressBees,1673.02,406.35,7.35,2025-09-18,2025-09-24,2025-09-24,Delivered,4.0,No,No
ORD100052,CUST11864,2025-08-17,Mumbai,Mumbai,Coimbatore,140.8,Books,4,2.4,Air,Shadowfax,1451.13,94.52,10.42,2025-08-20,2025-08-22,2025-08-22,Delivered,5.0,No,No
ORD103144,CUST11224,2025-11-17,Pune,Pune,Kochi,111.7,Home & Kitchen,6,5.9,Road,Shadowfax,535.93,97.81,11.95,2025-11-20,2025-11-24,2025-11-24,Delivered,5.0,No,No
ORD102618,CUST11200,2025-01-06,Chennai,Chennai,Ahmedabad,287.7,Books,7,6.0,Road,Ecom Express,1224.7,270.91,8.96,2025-01-08,2025-01-13,2025-01-19,Delayed,3.0,No,No
ORD102487,CUST11737,2025-07-24,Delhi,Delhi,Surat,118.3,Home & Kitchen,1,7.37,Road,Delhivery,534.72,112.28,12.43,2025-07-27,2025-07-31,2025-08-02,Delayed,3.0,No,No
ORD101265,CUST11583,2025-11-20,Mumbai,Mumbai,Pune,631.0,Automotive,6,0.97,Road,Ecom Express,2707.98,462.91,9.34,2025-11-23,2025-11-29,2025-11-29,Delivered,4.0,No,No
ORD101741,CUST10275,2025-12-05,Pune,Pune,Surat,233.1,Automotive,1,1.55,Air,XpressBees,2171.49,198.56,9.71,2025-12-08,2025-12-11,2025-12-13,Delayed,3.0,No,No
ORD102710,CUST11127,2025-02-24,Delhi,Delhi,Jaipur,510.3,Home & Kitchen,4,5.26,Air,Shadowfax,4779.57,493.36,10.06,2025-02-26,2025-02-28,2025-02-28,Delivered,4.0,No,No
ORD103950,CUST11201,2025-05-21,Chennai,Chennai,Jaipur,529.4,Books,1,5.65,Rail,Delhivery,1773.07,578.94,4.59,2025-05-23,2025-05-30,2025-05-30,Delivered,4.0,No,No
ORD102984,CUST12441,2025-03-14,Pune,Pune,Bhopal,694.5,Home & Kitchen,3,3.36,Road,XpressBees,2953.31,577.45,9.91,2025-03-16,2025-03-22,2025-03-26,Delayed,4.0,No,No
ORD101630,CUST11466,2025-01-28,Pune,Pune,Kochi,516.8,Home & Kitchen,6,4.06,Rail,DTDC,1730.05,460.84,9.44,2025-01-31,2025-02-07,2025-02-08,Delayed,3.0,No,No
ORD103216,CUST10478,2025-09-09,Bengaluru,Bengaluru,Jaipur,385.4,Home & Kitchen,2,3.48,Rail,Delhivery,1119.25,380.53,12.24,2025-09-11,2025-09-18,2025-09-18,Delivered,5.0,No,No
ORD104796,CUST12209,2025-05-14,Chennai,Chennai,Kochi,326.2,Automotive,7,1.78,Road,XpressBees,1499.7,314.36,8.92,2025-05-16,2025-05-21,2025-05-21,Delivered,5.0,No,No
ORD101112,CUST10588,2025-09-05,Hyderabad,Hyderabad,Ahmedabad,158.6,Beauty,6,3.45,Rail,Delhivery,625.28,145.48,10.02,2025-09-08,2025-09-11,2025-09-11,Delivered,5.0,No,No
ORD103866,CUST12027,2025-04-20,Hyderabad,Hyderabad,Indore,499.5,Home & Kitchen,6,7.36,Road,Delhivery,2186.55,555.85,5.43,2025-04-22,2025-04-29,2025-04-29,Delivered,5.0,No,No
ORD101480,CUST12733,2025-11-02,Hyderabad,Hyderabad,Visakhapatnam,910.9,Sports,4,5.06,Road,Blue Dart,3898.75,738.97,6.92,2025-11-04,2025-11-10,2025-11-11,Delayed,4.0,No,No
ORD101025,CUST12405,2025-08-20,Delhi,Delhi,Ahmedabad,424.7,Sports,3,2.52,Rail,Ecom Express,1440.0,496.31,7.82,2025-08-22,2025-08-29,2025-08-31,Delayed,4.0,No,No
ORD102184,CUST11943,2025-05-07,Pune,Pune,Mumbai,265.4,Home & Kitchen,1,4.38,Rail,Blue Dart,794.93,268.95,10.57,2025-05-09,2025-05-15,2025-05-15,Delivered,4.0,No,No
ORD104945,CUST10476,2025-12-31,Mumbai,Mumbai,Kolkata,360.8,Grocery,3,1.36,Road,Delhivery,1536.6,266.54,9.83,2026-01-03,2026-01-07,2026-01-14,Delayed,3.0,No,No
ORD102434,CUST11939,2025-01-07,Delhi,Delhi,Kolkata,156.2,Sports,3,4.33,Air,Delhivery,1671.58,127.14,7.72,2025-01-09,2025-01-11,2025-01-11,Delivered,4.0,No,No
ORD102221,CUST11301,2025-05-05,Bengaluru,Bengaluru,Mumbai,273.3,Electronics,1,3.57,Express,Delhivery,1952.11,268.64,7.91,2025-05-07,2025-05-10,2025-05-10,Delivered,,No,No
ORD102097,CUST11293,2025-11-23,Pune,Pune,Jaipur,378.5,Sports,7,9.62,Road,Ecom Express,1958.9,205.19,10.36,2025-11-26,2025-12-02,2025-12-02,Delivered,5.0,No,No
ORD100119,CUST10436,2025-11-01,Bengaluru,Bengaluru,Hyderabad,281.0,Beauty,7,9.04,Road,Ecom Express,1490.78,367.59,9.95,2025-11-04,2025-11-09,2025-11-09,Delivered,4.0,No,No
ORD102543,CUST10758,2025-02-04,Delhi,Delhi,Ahmedabad,441.2,Grocery,5,3.67,Road,Ecom Express,2024.51,342.43,10.94,2025-02-07,2025-02-12,2025-02-15,Delayed,3.0,No,No
ORD102320,CUST12419,2025-04-01,Chennai,Chennai,Bengaluru,237.3,Automotive,5,2.21,Road,Delhivery,1030.51,260.54,9.17,2025-04-04,2025-04-09,2025-04-09,Delivered,5.0,No,No
ORD101513,CUST12002,2025-04-14,Hyderabad,Hyderabad,Delhi,754.3,Beauty,3,3.86,Road,XpressBees,3383.34,567.03,6.14,2025-04-16,2025-04-22,2025-04-24,Delayed,3.0,No,No
ORD103072,CUST12080,2025-07-15,Mumbai,Mumbai,Bhopal,164.1,Beauty,2,3.65,Road,DTDC,771.95,122.89,9.82,2025-07-19,2025-07-25,2025-07-25,Delivered,4.0,No,No
ORD104288,CUST10321,2025-08-23,Delhi,Delhi,Kolkata,128.6,Electronics,1,2.21,Road,XpressBees,587.96,173.6,10.75,2025-08-26,2025-08-30,2025-08-30,Delivered,5.0,No,No
ORD101857,CUST12515,2025-01-11,Chennai,Chennai,Nagpur,664.2,Clothing,5,7.37,Road,Shadowfax,2955.84,609.61,6.82,2025-01-13,2025-01-19,2025-01-19,Delivered,4.0,No,No
ORD104411,CUST11289,2025-11-24,Bengaluru,Bengaluru,Visakhapatnam,412.8,Clothing,3,5.48,Road,Blue Dart,1883.51,417.2,11.17,2025-11-26,2025-12-02,2025-12-08,Delayed,4.0,No,No
ORD103946,CUST10503,2025-06-20,Bengaluru,Bengaluru,Pune,619.6,Electronics,6,4.53,Express,Delhivery,4461.41,553.1,5.61,2025-06-22,2025-06-26,2025-06-30,Delayed,5.0,No,No
ORD100134,CUST11805,2025-07-07,Hyderabad,Hyderabad,Vijayawada,430.4,Electronics,1,10.15,Air,Ecom Express,4121.41,422.02,9.52,2025-07-10,2025-07-13,2025-07-13,Delivered,5.0,No,No
ORD103090,CUST10410,2025-04-04,Mumbai,Mumbai,Vijayawada,753.7,Books,3,4.68,Rail,Shadowfax,2464.46,711.88,8.29,2025-04-05,2025-04-11,2025-04-11,Delivered,3.0,No,No
ORD104425,CUST11765,2025-07-11,Pune,Pune,Delhi,332.2,Books,4,7.85,Air,XpressBees,3175.12,357.05,3.41,2025-07-13,2025-07-16,2025-07-16,Delivered,5.0,No,Yes
ORD102953,CUST12221,2025-03-17,Mumbai,Mumbai,Indore,129.3,Electronics,4,3.89,Road,XpressBees,601.57,154.25,13.1,2025-03-19,2025-03-24,2025-03-24,Delivered,4.0,No,No
ORD102800,CUST12481,2025-05-20,Hyderabad,Hyderabad,Nagpur,86.4,Electronics,1,10.75,Road,Shadowfax,477.47,51.47,10.4,2025-05-22,2025-05-26,2025-05-26,Delivered,4.0,No,No
ORD102252,CUST11678,2025-08-05,Chennai,Chennai,Bhopal,365.4,Electronics,7,6.37,Rail,Delhivery,1365.48,309.51,11.37,2025-08-08,2025-08-15,2025-08-15,Delivered,4.0,No,No
ORD103035,CUST10051,2025-06-20,Pune,Pune,Mumbai,416.8,Home & Kitchen,5,8.5,Road,Blue Dart,1913.89,448.95,6.66,2025-06-22,2025-06-28,2025-06-28,Delivered,5.0,No,No
ORD101738,CUST11256,2025-07-12,Hyderabad,Hyderabad,Pune,195.0,Beauty,7,7.94,Road,Blue Dart,1052.76,151.94,9.19,2025-07-14,2025-07-19,2025-07-19,Delivered,5.0,Yes,No
ORD103322,CUST10431,2025-03-14,Hyderabad,Hyderabad,Lucknow,395.7,Clothing,3,5.88,Express,Delhivery,2942.81,405.0,7.2,2025-03-16,2025-03-19,2025-03-19,Delivered,4.0,No,No
ORD103506,CUST12374,2025-09-17,Bengaluru,Bengaluru,Ahmedabad,371.6,Beauty,3,7.9,Road,Blue Dart,1755.2,378.74,11.05,2025-09-19,2025-09-26,2025-09-26,Delivered,5.0,No,No
ORD104960,CUST10234,2025-05-09,Hyderabad,Hyderabad,Visakhapatnam,393.1,Home & Kitchen,4,3.13,Express,Delhivery,2982.65,241.31,6.92,2025-05-10,2025-05-13,2025-05-13,Delivered,5.0,No,No
ORD100548,CUST12369,2025-01-25,pune,Pune,Indore,246.7,Beauty,4,1.68,Rail,Ecom Express,766.16,265.68,9.91,2025-01-27,2025-02-02,2025-02-02,Delivered,4.0,No,No
ORD102925,CUST10903,2025-11-29,Hyderabad,Hyderabad,Ahmedabad,346.1,Clothing,2,1.5,Road,XpressBees,1540.13,350.0,5.84,2025-12-02,2025-12-08,2025-12-08,Delivered,3.0,No,No
ORD103208,CUST10093,2025-06-09,Pune,Pune,Indore,202.1,Electronics,6,4.95,Road,Ecom Express,929.86,212.23,9.81,2025-06-12,2025-06-18,2025-06-18,Delivered,4.0,No,No
ORD103482,CUST12067,2025-08-12,Delhi,Delhi,Bengaluru,242.6,Clothing,6,12.06,Road,Delhivery,1292.29,232.25,7.64,2025-08-14,2025-08-19,2025-08-20,Delayed,2.0,No,No
ORD103009,CUST11114,2025-05-01,Hyderabad,Hyderabad,Visakhapatnam,204.3,Clothing,5,5.95,Rail,Shadowfax,830.72,183.91,8.08,2025-05-03,2025-05-09,2025-05-09,Delivered,4.0,No,No
ORD103843,CUST10949,2025-12-30,Chennai,Chennai,Indore,414.7,Beauty,2,2.63,Road,Ecom Express,1742.74,306.87,7.45,2026-01-01,2026-01-07,2026-01-07,Delivered,5.0,No,No
ORD103236,CUST10335,2025-03-26,Delhi,Delhi,Vijayawada,233.1,Beauty,6,6.31,Air,XpressBees,2328.84,202.96,7.67,2025-03-28,2025-03-31,2025-03-31,Delivered,5.0,No,No
ORD103601,CUST11976,2025-06-30,Pune,Pune,Visakhapatnam,663.7,Automotive,3,3.76,Express,Ecom Express,4862.17,488.15,9.08,2025-07-02,2025-07-06,2025-07-06,Delivered,3.0,No,No
ORD104333,CUST11081,2025-02-25,Mumbai,Mumbai,Pune,469.8,Automotive,6,8.69,Express,Ecom Express,3350.58,394.65,12.92,2025-02-27,2025-03-03,2025-03-03,Delivered,5.0,No,No
ORD103577,CUST12357,2025-12-31,Hyderabad,Hyderabad,Bhopal,292.4,Clothing,3,1.8,Rail,Shadowfax,1082.85,309.3,10.27,2026-01-03,2026-01-10,2026-01-13,Delayed,4.0,No,No
ORD104882,CUST12176,2025-01-30,Pune,Pune,Visakhapatnam,127.2,Sports,1,7.34,Road,Delhivery,672.35,100.01,7.46,2025-02-02,2025-02-07,2025-02-07,Delivered,3.0,No,No
ORD100082,CUST11915,2025-12-16,Pune,Pune,Nagpur,277.9,Beauty,6,0.43,Rail,Blue Dart,981.15,211.97,11.44,2025-12-18,2025-12-24,2025-12-24,Delivered,4.0,No,No
ORD103138,CUST10889,2025-01-02,Delhi,Delhi,Vijayawada,165.6,Books,3,0.61,Road,DTDC,776.52,108.0,7.75,2025-01-04,2025-01-09,2025-01-09,Delivered,4.0,No,No
ORD100487,CUST12617,2025-09-18,Pune,Pune,Chennai,149.6,Books,6,13.13,Road,XpressBees,1010.92,165.23,6.42,2025-09-20,2025-09-25,2025-09-30,Delayed,4.0,No,No
ORD100709,CUST12147,2025-06-17,Mumbai,Mumbai,Vijayawada,476.4,Books,7,4.51,Road,DTDC,2114.39,323.06,8.3,2025-06-19,2025-06-23,2025-06-23,Delivered,4.0,No,No
ORD102846,CUST11258,2025-09-22,Pune,Pune,Visakhapatnam,129.8,Clothing,4,8.15,Rail,Blue Dart,663.56,89.75,8.56,2025-09-23,2025-09-28,2025-09-28,Delivered,5.0,No,Yes
ORD103277,CUST12452,2025-07-05,Mumbai,Mumbai,Nagpur,632.5,Sports,4,5.15,Air,Ecom Express,5724.84,665.0,11.15,2025-07-07,2025-07-13,2025-07-13,Delivered,4.0,No,No
ORD103172,CUST10993,2025-08-13,Delhi,Delhi,Kochi,409.8,Grocery,2,0.52,Road,Delhivery,1810.51,428.54,8.1,2025-08-15,2025-08-20,2025-08-20,Delivered,5.0,Yes,No
ORD103597,CUST10837,2025-02-26,Delhi,Delhi,Visakhapatnam,483.7,Beauty,6,3.88,Air,Ecom Express,4585.42,423.01,9.25,2025-03-01,2025-03-04,2025-03-09,Delayed,4.0,No,No
ORD104817,CUST11533,2025-06-10,Mumbai,Mumbai,Visakhapatnam,275.3,Clothing,3,11.18,Express,DTDC,,170.96,8.84,2025-06-12,2025-06-15,2025-06-15,Delivered,4.0,No,No
ORD101407,CUST10248,2025-01-01,Delhi,Delhi,Pune,265.8,Beauty,7,16.12,Express,Blue Dart,2255.25,217.78,9.82,2025-01-03,2025-01-06,2025-01-06,Delivered,3.0,No,No
ORD100592,CUST11080,2025-10-02,Pune,Pune,Ahmedabad,140.3,Clothing,5,5.2,Road,Blue Dart,738.09,64.09,11.62,2025-10-04,2025-10-09,2025-10-09,Delivered,4.0,No,No
ORD101406,CUST11911,2025-12-20,Chennai,Chennai,Ahmedabad,850.9,Electronics,6,1.96,Road,Ecom Express,3531.28,800.73,10.2,2025-12-23,2025-12-30,2026-01-02,Delayed,4.0,Yes,No
ORD102091,CUST10757,2025-10-04,Chennai,Chennai,Hyderabad,1109.1,Clothing,4,10.73,Road,Shadowfax,4952.3,1218.66,7.27,2025-10-05,2025-10-11,2025-10-11,Delivered,5.0,No,No
ORD102672,CUST11843,2025-03-29,Pune,Pune,Nagpur,206.4,Clothing,1,6.26,Road,Delhivery,987.17,287.58,10.29,2025-04-01,2025-04-05,2025-04-09,Delayed,3.0,No,No
ORD104245,CUST12755,2025-04-07,Hyderabad,Hyderabad,Chennai,90.9,Books,7,3.42,Air,Ecom Express,1076.88,54.21,6.42,2025-04-09,2025-04-10,2025-04-14,Delayed,4.0,No,No
ORD101798,CUST10573,2025-05-12,Chennai,Chennai,Vijayawada,349.6,Home & Kitchen,5,2.94,Road,XpressBees,1595.7,178.23,10.7,2025-05-14,2025-05-19,2025-05-19,Delivered,5.0,No,No
ORD100112,CUST10059,2025-06-16,Mumbai,Mumbai,Bengaluru,298.9,Beauty,7,8.76,Road,XpressBees,1421.04,312.84,8.62,2025-06-17,2025-06-24,2025-06-26,Delayed,4.0,No,Yes
ORD103439,CUST10959,2025-07-26,Delhi,Delhi,Ahmedabad,177.8,Clothing,2,1.58,Air,Blue Dart,1606.88,178.55,9.77,2025-07-29,2025-07-31,2025-07-31,Delivered,4.0,No,No
ORD103691,CUST10881,2025-04-08,Bengaluru,Bengaluru,Hyderabad,344.6,Beauty,4,4.52,Road,Shadowfax,1586.03,421.83,8.36,2025-04-11,2025-04-15,2025-04-15,Delivered,5.0,No,No
ORD104675,CUST12326,2025-01-04,Mumbai,Mumbai,Bhopal,536.0,Sports,2,9.11,Road,XpressBees,2251.28,472.34,6.92,2025-01-06,2025-01-10,2025-01-10,Delivered,4.0,No,No
ORD100681,CUST11994,2025-08-11,Bengaluru,Bengaluru,,301.6,Sports,3,6.95,Road,DTDC,1374.29,210.09,6.45,2025-08-12,2025-08-18,2025-08-23,Delayed,4.0,No,No
ORD104037,CUST11893,2025-11-25,Pune,Pune,Mumbai,418.2,Clothing,2,6.19,Road,Delhivery,1891.62,405.59,7.52,2025-11-28,2025-12-04,2025-12-04,Delivered,3.0,No,Yes
ORD100271,CUST12335,2025-06-05,Bengaluru,Bengaluru,Jaipur,567.9,Home & Kitchen,6,5.55,Air,Delhivery,5357.06,610.23,8.47,2025-06-07,2025-06-10,2025-06-10,Delivered,3.0,No,No
ORD101677,CUST11197,2025-10-21,Chennai,Chennai,Hyderabad,296.2,Automotive,3,6.08,Rail,Ecom Express,1191.17,299.02,4.85,2025-10-23,2025-10-31,2025-10-31,Delivered,3.0,No,No
ORD101578,CUST11097,2025-05-24,Bengaluru,Bengaluru,Ahmedabad,289.1,Beauty,3,9.7,Road,XpressBees,1491.71,240.66,9.4,2025-05-26,2025-06-02,2025-06-02,Delivered,5.0,No,No
ORD103875,CUST11089,2025-04-11,Hyderabad,Hyderabad,Jaipur,808.5,Electronics,1,8.11,Road,XpressBees,3575.25,671.94,9.42,2025-04-13,2025-04-19,2025-04-19,Delivered,5.0,No,No
ORD103979,CUST11964,2025-02-03,Delhi,Delhi,Kochi,453.3,Beauty,6,4.51,Road,XpressBees,2129.86,501.82,9.64,2025-02-05,2025-02-10,2025-02-10,Delivered,4.0,No,No
ORD100956,CUST10775,2025-10-04,Delhi,Delhi,Hyderabad,528.8,Clothing,6,2.38,Rail,Delhivery,1845.69,502.55,9.61,2025-10-06,2025-10-12,2025-10-17,Delayed,3.0,No,No
ORD103364,CUST10385,2025-12-15,Chennai,Chennai,Lucknow,253.7,Books,7,5.62,Road,Shadowfax,1337.43,256.67,9.98,2025-12-17,2025-12-24,2025-12-24,Delivered,5.0,No,No
ORD104072,CUST11550,2025-10-18,Pune,Pune,Bengaluru,214.5,Clothing,1,12.3,Rail,Shadowfax,802.79,238.2,12.01,2025-10-21,2025-10-27,2025-10-27,Delivered,4.0,No,No
ORD102815,CUST11943,2025-06-27,Bengaluru,Bengaluru,Coimbatore,819.8,Automotive,1,5.66,Air,XpressBees,7436.41,616.05,10.4,2025-06-30,2025-07-04,2025-07-04,Delivered,5.0,No,No
ORD100563,CUST10810,2025-02-11,Hyderabad,Hyderabad,Chennai,760.9,Automotive,7,7.68,Air,Ecom Express,7013.82,748.75,9.19,2025-02-13,2025-02-17,2025-02-17,Delivered,4.0,No,No
ORD104314,CUST10809,2025-02-08,Chennai,Chennai,Ahmedabad,630.8,Books,5,5.87,Road,Blue Dart,2757.82,475.22,6.81,2025-02-10,2025-02-17,2025-02-17,Delivered,5.0,No,No
ORD103896,CUST12219,2025-04-05,Mumbai,Mumbai,Lucknow,419.5,Electronics,3,14.85,Road,XpressBees,2032.51,310.7,10.8,2025-04-07,2025-04-13,2025-04-13,Delivered,4.0,No,Yes
ORD100328,CUST10064,2025-06-17,Hyderabad,Hyderabad,Indore,588.6,Books,4,6.43,Express,Delhivery,4296.39,428.04,6.75,2025-06-19,2025-06-23,2025-06-23,Delivered,3.0,No,No
ORD104566,CUST11462,2025-07-09,Hyderabad,Hyderabad,Lucknow,227.6,Clothing,6,3.3,Air,XpressBees,2154.53,246.74,7.22,2025-07-10,2025-07-12,2025-07-12,Delivered,4.0,No,No
ORD104294,CUST11581,2025-05-05,Chennai,Chennai,Vijayawada,368.2,Clothing,5,5.31,Road,Shadowfax,1721.12,277.25,6.48,2025-05-07,2025-05-12,2025-05-12,Delivered,4.0,No,No
ORD101518,CUST10026,2025-07-10,Mumbai,Mumbai,Bhopal,534.5,Electronics,1,0.71,Air,Blue Dart,4706.54,407.86,8.05,2025-07-12,2025-07-16,2025-07-16,Delivered,5.0,No,No
ORD102261,CUST11821,2025-03-24,Hyderabad,Hyderabad,Nagpur,58.3,Beauty,4,7.41,Road,Blue Dart,377.9,91.18,8.13,2025-03-26,2025-03-31,2025-03-31,Delivered,4.0,No,No
ORD100514,CUST11224,2025-06-18,Pune,Pune,Ahmedabad,480.7,Electronics,5,10.16,air,Delhivery,4518.88,375.72,7.46,2025-06-20,2025-06-22,2025-06-24,Delayed,3.0,No,No
ORD100115,CUST11763,2025-11-12,Chennai,Chennai,Coimbatore,173.1,Books,4,3.02,Express,DTDC,1211.06,196.41,8.74,2025-11-14,2025-11-19,2025-11-21,Delayed,4.0,No,No
ORD101209,CUST11995,2025-03-15,Bengaluru,Bengaluru,Chennai,250.1,Beauty,7,7.07,Road,Delhivery,1218.89,169.33,7.31,2025-03-17,2025-03-21,2025-03-21,Delivered,5.0,No,No
ORD102131,CUST11197,2025-10-17,Hyderabad,Hyderabad,Chennai,89.5,Automotive,6,9.06,Air,Shadowfax,996.18,81.26,9.1,2025-10-19,2025-10-21,2025-10-21,Delivered,5.0,No,No
ORD101818,CUST11483,2025-11-16,Delhi,Delhi,Kochi,115.9,Beauty,3,3.26,Road,XpressBees,460.63,146.6,9.91,2025-11-18,2025-11-21,2025-11-21,Delivered,4.0,No,No
ORD104732,CUST11856,2025-12-08,Mumbai,Mumbai,Chennai,692.2,Automotive,7,5.44,road,XpressBees,3057.27,697.25,11.77,2025-12-11,2025-12-17,2025-12-17,Delivered,4.0,No,No
ORD104489,CUST12037,2025-09-10,Hyderabad,Hyderabad,Bhopal,523.4,Sports,7,3.23,Express,Blue Dart,3785.99,374.7,5.1,2025-09-12,2025-09-16,2025-09-16,Delivered,5.0,Yes,No
ORD102451,CUST12230,2025-02-10,Chennai,Chennai,Kochi,238.9,Clothing,6,7.5,Express,Shadowfax,1940.93,155.96,11.32,2025-02-13,2025-02-16,2025-02-16,Delivered,4.0,No,No
ORD103494,CUST12770,2025-02-08,Hyderabad,Hyderabad,Mumbai,186.7,Beauty,7,4.99,Road,Ecom Express,815.74,194.83,4.14,2025-02-10,2025-02-13,2025-02-13,Delivered,4.0,Yes,No
ORD100743,CUST11114,2025-03-21,Bengaluru,Bengaluru,Coimbatore,1054.9,Books,6,4.42,Road,Blue Dart,4736.9,918.55,7.64,2025-03-23,2025-03-30,2025-04-02,Delayed,4.0,No,No
ORD104051,CUST12012,2025-05-05,Chennai,Chennai,Jaipur,464.8,Beauty,1,2.91,Road,Ecom Express,2120.21,236.71,8.42,2025-05-07,2025-05-13,2025-05-13,Delivered,4.0,No,No
ORD101783,CUST10088,2025-05-09,Mumbai,Mumbai,Hyderabad,226.4,Electronics,6,2.99,Rail,Delhivery,761.88,250.45,8.6,2025-05-11,2025-05-16,2025-05-16,Delivered,5.0,No,No
ORD102107,CUST10077,2025-06-30,Delhi,Delhi,Jaipur,616.7,Beauty,1,12.17,Express,Blue Dart,4640.26,544.32,8.04,2025-07-03,2025-07-06,2025-07-06,Delivered,4.0,No,No
ORD104251,CUST11800,2025-04-28,Hyderabad,Hyderabad,Pune,230.9,Electronics,5,2.96,Express,Delhivery,1646.94,194.98,11.12,2025-04-30,2025-05-03,2025-05-08,Delayed,3.0,No,No
ORD100994,CUST11764,2025-08-05,Pune,Pune,Indore,662.8,Grocery,3,2.51,Road,DTDC,2841.06,507.94,8.23,2025-08-08,2025-08-15,2025-08-15,Delivered,3.0,No,No
ORD103411,CUST11582,2025-12-28,Chennai,Chennai,Chennai,166.9,Automotive,5,9.93,Road,Shadowfax,985.84,57.68,5.25,2025-12-29,2026-01-04,2026-01-04,Delivered,4.0,No,No
ORD103219,CUST10902,2025-06-29,Hyderabad,Hyderabad,Vijayawada,475.1,Electronics,4,7.32,Road,Ecom Express,2270.42,358.39,10.89,2025-07-01,2025-07-06,2025-07-06,Delivered,5.0,No,Yes
ORD101704,CUST11717,2025-05-26,Pune,Pune,Visakhapatnam,487.4,Beauty,4,0.75,Air,DTDC,4437.93,408.96,9.97,2025-05-29,2025-06-01,2025-06-02,Delayed,4.0,No,No
ORD101593,CUST11385,2025-04-09,Pune,Pune,Surat,724.2,Books,6,10.25,Road,Blue Dart,3257.39,648.76,9.37,2025-04-12,2025-04-18,2025-04-18,Delivered,4.0,No,No
ORD100393,CUST10172,2025-11-25,Pune,Pune,Nagpur,402.2,Electronics,5,5.45,Road,DTDC,1947.54,467.66,11.29,2025-11-28,2025-12-02,2025-12-02,Delivered,5.0,No,No
ORD101031,CUST12494,2025-04-16,Delhi,Delhi,Mumbai,508.1,Sports,3,5.85,Road,Blue Dart,2255.17,463.46,5.55,2025-04-18,2025-04-23,2025-04-23,Delivered,5.0,No,No
ORD102510,CUST12604,2025-01-27,Hyderabad,Hyderabad,Kochi,116.6,Automotive,4,4.55,Rail,Ecom Express,324.18,55.77,7.46,2025-01-29,2025-02-04,2025-02-04,Delivered,5.0,No,No
ORD103655,CUST10898,2025-10-13,Bengaluru,Bengaluru,Nagpur,291.9,Beauty,3,10.52,Road,Shadowfax,1437.4,193.34,6.8,2025-10-15,2025-10-20,2025-10-21,Delayed,3.0,No,No
ORD103462,CUST10602,2025-11-08,Chennai,Chennai,Bhopal,785.6,Beauty,5,6.19,Road,DTDC,3438.6,510.66,7.98,2025-11-11,2025-11-18,2025-11-18,Delivered,4.0,No,No
ORD103442,CUST11012,2025-05-17,Pune,Pune,Vijayawada,422.7,Grocery,3,3.51,Road,DTDC,1956.58,386.39,8.87,2025-05-19,2025-05-23,2025-05-25,Delayed,4.0,No,No
ORD104944,CUST10901,2025-05-08,Pune,Pune,Jaipur,449.7,Clothing,4,17.53,Road,Blue Dart,2338.46,490.52,8.83,2025-05-10,2025-05-15,2025-05-15,Delivered,4.0,No,No
ORD103620,CUST10363,2025-07-17,Hyderabad,Hyderabad,Indore,281.6,Electronics,1,1.14,Rail,Shadowfax,1049.68,,5.52,2025-07-19,2025-07-25,2025-07-25,Delivered,5.0,No,No
ORD104381,CUST12119,2025-09-01,Hyderabad,Hyderabad,Lucknow,683.4,Books,6,4.45,Rail,Delhivery,2282.36,446.62,4.14,2025-09-03,2025-09-11,2025-09-11,Delivered,4.0,No,No
ORD104653,CUST10963,2025-04-14,Chennai,Chennai,Bengaluru,79.2,Automotive,1,0.86,Air,Ecom Express,735.49,58.38,5.96,2025-04-15,2025-04-17,2025-04-17,Delivered,5.0,No,No
ORD102741,CUST12461,2025-08-11,Delhi,Delhi,Kochi,111.9,Books,7,8.82,Air,Ecom Express,1248.35,74.7,7.6,2025-08-13,2025-08-16,2025-08-16,Delivered,4.0,No,No
ORD101107,CUST11975,2025-01-18,Bengaluru,Bengaluru,Hyderabad,446.1,Books,4,6.46,Road,Blue Dart,1985.93,401.07,5.84,2025-01-20,2025-01-27,2025-01-27,Delivered,4.0,No,No
ORD104840,CUST11901,2025-07-20,Delhi,Delhi,Vijayawada,1109.0,Home & Kitchen,1,5.21,Express,Ecom Express,7931.79,775.02,7.59,2025-07-22,2025-07-28,2025-08-03,Delayed,3.0,No,No
ORD102002,CUST10170,2025-03-28,Bengaluru,Bengaluru,Kolkata,234.8,Books,3,7.18,Rail,Blue Dart,943.75,222.89,4.68,2025-03-30,2025-04-05,2025-04-05,Delivered,4.0,No,Yes
ORD103532,CUST12179,2025-05-17,Delhi,Delhi,Pune,117.6,Grocery,5,3.43,Rail,DTDC,624.73,72.07,9.33,2025-05-20,2025-05-26,2025-05-26,Delivered,5.0,No,No
ORD101940,CUST12309,2025-10-28,Hyderabad,Hyderabad,Bengaluru,355.6,Home & Kitchen,5,6.25,Road,DTDC,1567.76,328.46,6.62,2025-10-30,2025-11-05,2025-11-05,Delivered,4.0,No,No
ORD101629,CUST12342,2025-01-14,Delhi,Delhi,Kochi,377.2,Grocery,7,20.61,Road,XpressBees,1982.8,374.31,10.38,2025-01-17,2025-01-22,2025-01-22,Delivered,4.0,No,No
ORD104135,CUST11426,2025-11-04,Delhi,Delhi,Vijayawada,137.7,Automotive,2,1.35,Air,DTDC,1348.66,126.96,10.74,2025-11-06,2025-11-09,2025-11-09,Delivered,5.0,No,No
ORD100113,CUST10216,2025-10-12,Bengaluru,Bengaluru,Indore,246.7,Home & Kitchen,1,16.01,Rail,Shadowfax,1035.38,200.72,6.72,2025-10-13,2025-10-19,2025-10-19,Delivered,5.0,No,No
ORD101575,CUST12194,2025-04-05,Chennai,Chennai,Kolkata,524.9,Home & Kitchen,1,3.15,Air,Ecom Express,4649.07,618.96,8.97,2025-04-07,2025-04-11,2025-04-11,Delivered,5.0,No,No
ORD103891,CUST10071,2025-12-06,Mumbai,Mumbai,Jaipur,578.3,Clothing,1,5.84,Road,Delhivery,2643.8,545.96,10.82,2025-12-09,2025-12-15,2025-12-17,Delayed,3.0,No,No
ORD103803,CUST10108,2025-09-16,Pune,Pune,Bengaluru,549.9,Home & Kitchen,3,3.87,Road,XpressBees,2433.43,573.62,6.9,2025-09-18,2025-09-24,2025-09-24,Delivered,5.0,No,No
ORD100663,CUST10344,2025-03-12,Chennai,Chennai,Ahmedabad,289.1,Sports,3,3.54,Road,Delhivery,1434.42,184.88,11.17,2025-03-15,2025-03-21,2025-03-25,Delayed,3.0,No,No
ORD102302,CUST10935,2025-11-23,Mumbai,Mumbai,Surat,801.3,Home & Kitchen,7,0.46,Road,Ecom Express,3525.55,923.12,9.74,2025-11-25,2025-12-02,2025-12-02,Delivered,4.0,No,No
ORD104268,CUST11265,2025-11-12,Hyderabad,Hyderabad,Vijayawada,152.6,Beauty,2,9.54,Rail,Delhivery,700.01,103.99,7.81,2025-11-14,2025-11-21,2025-11-21,Delivered,5.0,No,No
ORD102776,CUST12674,2025-06-28,Pune,Pune,Nagpur,392.6,Home & Kitchen,4,3.24,Road,Delhivery,1835.06,429.4,7.17,2025-06-30,2025-07-05,2025-07-05,Delivered,5.0,No,No
ORD101350,CUST11043,2025-12-01,Bengaluru,Bengaluru,Surat,152.0,Grocery,2,6.38,Express,Shadowfax,1021.59,103.34,8.64,2025-12-04,2025-12-07,2025-12-10,Delayed,4.0,No,No
ORD101841,CUST10397,2025-03-28,Bengaluru,Bengaluru,Kochi,186.6,Sports,5,5.62,Road,XpressBees,955.13,208.22,7.27,2025-03-30,2025-04-04,2025-04-07,Delayed,4.0,No,No
ORD101964,CUST11247,2025-09-08,Pune,Pune,Vijayawada,442.0,Books,4,7.16,Road,Delhivery,1975.43,363.71,8.85,2025-09-11,2025-09-16,2025-09-16,Delivered,5.0,No,No
ORD102586,CUST10308,2025-02-11,Pune,Pune,Kochi,148.2,Sports,3,9.41,Road,Delhivery,920.44,155.11,7.26,2025-02-14,2025-02-18,2025-02-18,Delivered,3.0,No,No
ORD100135,CUST12560,2025-04-15,Pune,Pune,Ahmedabad,571.8,Beauty,3,1.32,Road,Ecom Express,2337.91,538.6,8.96,2025-04-17,2025-04-23,2025-04-23,Delivered,5.0,No,No
ORD102719,CUST10857,2025-07-14,Hyderabad,Hyderabad,Kochi,492.5,Grocery,1,3.28,Road,Blue Dart,2225.58,422.15,10.47,2025-07-16,2025-07-21,2025-07-21,Delivered,4.0,No,No
ORD100323,CUST11396,2025-02-11,Pune,Pune,Lucknow,488.7,Electronics,1,12.19,Road,Blue Dart,2205.23,515.36,7.2,2025-02-13,2025-02-19,2025-02-24,Delayed,3.0,No,No
ORD104542,CUST10412,2025-08-30,Hyderabad,Hyderabad,Visakhapatnam,64.4,Books,4,0.57,Road,Delhivery,345.2,54.61,8.14,2025-09-01,2025-09-05,2025-09-05,Delivered,4.0,No,No
ORD104584,CUST12306,2025-08-23,Bengaluru,Bengaluru,Hyderabad,139.7,Home & Kitchen,3,3.29,Air,Delhivery,1374.87,118.23,6.94,2025-08-25,2025-08-26,2025-08-26,Delivered,5.0,No,No
ORD102209,CUST11118,2025-05-08,Pune,Pune,Nagpur,518.8,Grocery,2,8.87,Express,Shadowfax,3745.7,375.28,10.2,2025-05-10,2025-05-14,2025-05-15,Delayed,3.0,No,No
ORD103298,CUST11376,2025-10-13,Chennai,Chennai,Surat,191.7,Sports,5,8.67,Road,Ecom Express,1067.89,212.9,7.58,2025-10-15,2025-10-20,2025-10-20,Delivered,5.0,No,No
ORD101971,CUST10266,2025-01-24,Hyderabad,Hyderabad,Kochi,365.7,Books,1,3.74,Air,Shadowfax,3531.39,393.69,8.07,2025-01-26,2025-01-28,2025-01-28,Delivered,4.0,No,No
ORD101584,CUST12064,2025-03-22,Hyderabad,Hyderabad,Pune,311.2,Home & Kitchen,6,2.68,Road,Delhivery,1479.15,,9.07,2025-03-24,2025-03-30,2025-03-30,Delivered,5.0,No,No
ORD104718,CUST10281,2025-04-14,Delhi,Delhi,,128.2,Beauty,3,3.77,Road,XpressBees,596.16,122.94,9.92,2025-04-17,2025-04-23,2025-04-23,Delivered,4.0,No,No
ORD103168,CUST11241,2025-11-16,Delhi,Delhi,Visakhapatnam,1554.2,Grocery,7,4.36,Rail,XpressBees,5231.1,1755.71,7.7,2025-11-18,2025-11-27,2025-12-03,Delayed,4.0,No,No
ORD101617,CUST12681,2025-04-15,Delhi,Delhi,Ahmedabad,281.6,Clothing,4,7.46,Express,Ecom Express,2242.01,291.74,10.3,2025-04-17,2025-04-20,2025-04-20,Delivered,4.0,No,No
ORD101145,CUST10172,2025-02-28,Hyderabad,Hyderabad,Surat,132.0,Clothing,1,8.1,Road,Blue Dart,743.75,66.9,5.22,2025-03-02,2025-03-07,2025-03-07,Delivered,5.0,Yes,No
ORD100908,CUST10036,2025-02-02,Bengaluru,Bengaluru,Ahmedabad,655.9,Books,7,8.27,Road,Delhivery,2973.67,650.12,11.7,2025-02-05,2025-02-11,2025-02-11,Delivered,4.0,No,No
ORD100309,CUST10472,2025-08-21,Bengaluru,Bengaluru,Ahmedabad,182.5,Sports,5,12.64,Road,XpressBees,,80.18,5.16,2025-08-23,2025-08-28,2025-08-28,Delivered,3.0,No,No
ORD101706,CUST10755,2025-04-29,Hyderabad,Hyderabad,Jaipur,274.7,Sports,7,10.54,Road,Blue Dart,1345.43,246.85,6.47,2025-05-01,2025-05-07,2025-05-07,Delivered,4.0,No,No
ORD101623,CUST11497,2025-04-14,Delhi,Delhi,Chennai,553.8,Home & Kitchen,1,4.17,Road,DTDC,2425.0,474.68,8.32,2025-04-17,2025-04-23,2025-04-23,Delivered,4.0,No,No
ORD101725,CUST12220,2025-02-25,Bengaluru,Bengaluru,Visakhapatnam,312.0,Sports,6,9.78,Road,Delhivery,1509.72,252.31,8.92,2025-02-28,2025-03-06,2025-03-06,Delivered,3.0,No,No
ORD100762,CUST11881,2025-06-14,Pune,Pune,Kolkata,521.3,Grocery,1,6.64,Express,Shadowfax,3804.84,547.18,8.02,2025-06-17,2025-06-21,2025-06-21,Delivered,5.0,No,No
ORD101361,CUST11511,2025-04-20,Mumbai,Mumbai,Vijayawada,155.2,Books,2,2.68,Road,Delhivery,602.13,133.61,8.55,2025-04-23,2025-04-26,2025-04-26,Delivered,3.0,No,No
ORD102142,CUST10724,2025-06-03,Pune,Pune,Lucknow,609.5,Sports,1,2.97,Road,Ecom Express,2672.18,687.42,7.47,2025-06-05,2025-06-13,2025-06-16,Delayed,4.0,No,No
ORD102579,CUST10219,2025-07-17,Hyderabad,Hyderabad,Jaipur,650.2,Clothing,6,12.29,Rail,XpressBees,2327.7,580.96,7.27,2025-07-19,2025-07-25,2025-07-25,Delivered,5.0,No,No
ORD101980,CUST11947,2025-10-07,Delhi,Delhi,Coimbatore,308.8,Books,4,2.97,Express,Delhivery,2309.71,342.39,10.63,2025-10-09,2025-10-12,2025-10-12,Delivered,4.0,No,No
ORD100774,CUST10676,2025-05-25,Delhi,Delhi,Indore,341.2,Clothing,5,2.9,Rail,Delhivery,1242.45,336.12,8.35,2025-05-27,2025-06-02,2025-06-02,Delivered,4.0,No,No
ORD101951,CUST10876,2025-07-19,Hyderabad,Hyderabad,Lucknow,677.1,Clothing,3,3.41,Air,Blue Dart,6125.22,759.39,5.7,2025-07-21,2025-07-25,2025-07-25,Delivered,5.0,No,No
ORD101081,CUST11374,2025-09-07,Delhi,Delhi,Nagpur,175.0,Home & Kitchen,4,1.45,Air,DTDC,1739.42,168.62,6.5,2025-09-09,2025-09-12,2025-09-12,Delivered,3.0,No,No
ORD103520,CUST12388,2025-05-03,Pune,Pune,Indore,264.2,Automotive,5,3.94,Rail,XpressBees,985.02,304.98,6.41,2025-05-05,2025-05-11,2025-05-11,Delivered,5.0,No,No
ORD102502,CUST11200,2025-04-18,Hyderabad,Hyderabad,Coimbatore,327.6,Clothing,1,2.52,Rail,XpressBees,1140.95,227.12,9.02,2025-04-20,2025-04-27,2025-04-27,Delivered,4.0,No,No
ORD102642,CUST12666,2025-10-16,Chennai,Chennai,Delhi,511.0,Electronics,6,3.71,Express,Blue Dart,3824.13,566.46,5.64,2025-10-18,2025-10-21,2025-10-21,Delivered,,No,No
ORD105000,CUST11550,2025-01-07,Chennai,Chennai,Kolkata,1172.6,Automotive,1,10.02,Air,DTDC,10745.85,1259.7,5.78,2025-01-09,2025-01-14,2025-01-14,Delivered,5.0,No,No
ORD102525,CUST11403,2025-07-03,Delhi,Delhi,Surat,617.3,Automotive,7,6.92,Air,Shadowfax,5800.7,606.38,9.1,2025-07-05,2025-07-09,2025-07-09,Delivered,3.0,No,No
ORD104568,CUST10550,2025-05-01,Mumbai,Mumbai,Surat,189.7,Sports,4,2.24,rail,Shadowfax,713.99,146.08,7.92,2025-05-03,2025-05-09,2025-05-14,Delayed,4.0,Yes,No
ORD100849,CUST11911,2025-09-25,Bengaluru,Bengaluru,Coimbatore,528.3,Home & Kitchen,7,5.79,Road,Shadowfax,2565.72,471.73,6.6,2025-09-27,2025-10-02,2025-10-02,Delivered,4.0,No,No
ORD103040,CUST11619,2025-03-14,Delhi,Delhi,Ahmedabad,294.5,Grocery,7,8.16,Express,XpressBees,2262.4,223.96,10.91,2025-03-16,2025-03-21,2025-03-21,Delivered,5.0,No,No
ORD103071,CUST12789,2025-03-30,Pune,Pune,Visakhapatnam,75.1,Grocery,4,9.47,Express,XpressBees,587.69,81.69,9.06,2025-04-01,2025-04-03,2025-04-03,Delivered,4.0,No,No
ORD100305,CUST10304,2025-04-30,Bengaluru,Bengaluru,Bhopal,322.9,Home & Kitchen,4,18.1,Express,XpressBees,2529.73,289.7,10.22,2025-05-03,2025-05-06,2025-05-06,Delivered,3.0,No,No
ORD100741,CUST10957,2025-09-21,Delhi,Delhi,Surat,740.5,Clothing,3,2.62,Rail,Blue Dart,2374.27,628.2,10.42,2025-09-23,2025-10-01,2025-10-06,Delayed,4.0,No,No
ORD103618,CUST12681,2025-03-14,Pune,Pune,Vijayawada,378.2,Books,6,1.18,Air,Ecom Express,3363.24,296.13,11.98,2025-03-17,2025-03-20,2025-03-20,Delivered,4.0,No,No
ORD101303,CUST11295,2025-08-22,Mumbai,Mumbai,Ahmedabad,230.8,Sports,6,7.66,Air,Ecom Express,2159.66,245.17,11.54,2025-08-25,2025-08-27,2025-08-27,Delivered,4.0,No,No
ORD101820,CUST11986,2025-06-07,Delhi,Delhi,Lucknow,272.3,Books,7,6.96,Road,Blue Dart,1259.64,292.58,8.24,2025-06-09,2025-06-14,2025-06-14,Delivered,4.0,No,No
ORD102862,CUST11673,2025-02-25,Bengaluru,Bengaluru,Visakhapatnam,145.2,Books,6,7.92,Air,Shadowfax,1449.21,143.56,5.11,2025-02-26,2025-02-27,2025-02-27,Delivered,4.0,No,No
ORD103492,CUST11996,2025-12-22,Bengaluru,Bengaluru,Delhi,487.1,Clothing,2,2.46,Road,XpressBees,2233.09,445.13,4.58,2025-12-24,2025-12-30,2025-12-30,Delivered,4.0,No,No
ORD103034,CUST12482,2025-02-17,Mumbai,Mumbai,Kolkata,255.8,Books,1,6.39,Air,Delhivery,2420.17,138.05,9.1,2025-02-20,2025-02-23,2025-02-23,Delivered,4.0,No,No
ORD103173,CUST10627,2025-04-06,Pune,Pune,Visakhapatnam,227.1,Clothing,7,3.03,Air,Delhivery,2149.77,180.98,9.87,2025-04-09,2025-04-13,2025-04-13,Delivered,5.0,No,Yes
ORD101811,CUST10239,2025-02-15,Pune,Pune,Kochi,465.4,Clothing,6,9.22,Road,Delhivery,2116.3,279.28,,2025-02-16,2025-02-22,2025-02-22,Delivered,5.0,No,No
ORD100771,CUST10088,2025-05-12,Chennai,Chennai,Coimbatore,745.1,Books,4,14.14,Air,Shadowfax,6863.78,638.1,7.94,2025-05-15,2025-05-19,2025-05-19,Delivered,5.0,No,No
ORD102219,CUST11017,2025-05-19,Hyderabad,Hyderabad,Nagpur,566.9,Electronics,6,6.73,Road,DTDC,2604.9,515.77,6.21,2025-05-20,2025-05-25,2025-05-25,Delivered,5.0,No,No
ORD103737,CUST12272,2025-10-29,Bengaluru,Bengaluru,Coimbatore,1379.6,Automotive,3,7.28,Road,Blue Dart,6010.45,1118.85,12.09,2025-11-01,2025-11-09,2025-11-09,Delivered,5.0,No,No
ORD102473,CUST12479,2025-12-17,Bengaluru,Bengaluru,Delhi,171.7,Books,3,2.43,Road,Blue Dart,646.37,149.64,5.11,2025-12-19,2025-12-25,2025-12-25,Delivered,4.0,No,No
ORD101607,CUST11454,2025-02-14,Delhi,Delhi,Pune,351.5,Beauty,1,3.09,Express,Ecom Express,2548.96,348.55,11.04,2025-02-17,2025-02-21,2025-02-21,Delivered,5.0,No,No
ORD101428,CUST11875,2025-07-07,Chennai,Chennai,Lucknow,317.4,Electronics,6,2.89,Road,XpressBees,1371.53,287.06,3.37,2025-07-08,2025-07-11,2025-07-11,Delivered,5.0,No,No
ORD102270,CUST10402,2025-09-04,Mumbai,Mumbai,Vijayawada,1078.5,Sports,4,11.7,Air,DTDC,9820.84,736.06,10.64,2025-09-07,2025-09-12,2025-09-12,Delivered,4.0,No,No
ORD100387,CUST11204,2025-10-16,Bengaluru,Bengaluru,Chennai,334.8,Books,2,1.27,Road,Blue Dart,1323.26,267.53,5.46,2025-10-18,2025-10-23,2025-10-23,Delivered,4.0,No,No
ORD104308,CUST10766,2025-09-21,Delhi,Delhi,Kochi,493.8,Sports,1,2.79,Road,XpressBees,2014.53,431.07,7.67,2025-09-24,2025-09-28,2025-09-28,Delivered,4.0,No,No
ORD103438,CUST10959,2025-05-09,Mumbai,Mumbai,Kolkata,315.9,Clothing,7,4.75,Road,XpressBees,1451.98,190.19,10.65,2025-05-12,2025-05-18,2025-05-18,Delivered,4.0,No,No
ORD103720,CUST12756,2025-02-24,Bengaluru,Bengaluru,Surat,323.1,Electronics,5,5.51,Air,Shadowfax,3057.5,366.7,8.55,2025-02-27,2025-03-02,2025-03-06,Delayed,3.0,No,No
ORD101647,CUST12275,2025-05-21,Hyderabad,Hyderabad,Delhi,470.1,Books,1,4.95,Rail,DTDC,1631.66,503.64,7.72,2025-05-23,2025-05-30,2025-05-30,Delivered,4.0,No,No
ORD100933,CUST11621,2025-03-10,Hyderabad,Hyderabad,Delhi,565.5,Automotive,4,3.34,Rail,DTDC,,446.19,4.86,2025-03-11,2025-03-17,2025-03-17,Delivered,5.0,No,No
ORD103748,CUST12573,2025-01-24,Hyderabad,Hyderabad,Lucknow,514.6,Clothing,6,1.92,Road,XpressBees,2201.45,405.81,6.2,2025-01-26,2025-02-01,2025-02-01,Delivered,5.0,No,No
ORD101180,CUST10033,2025-06-09,Delhi,Delhi,Indore,515.1,Books,3,0.21,Road,Blue Dart,2276.5,436.12,9.58,2025-06-11,2025-06-16,2025-06-16,Delivered,4.0,No,No
ORD103561,CUST11517,2025-01-24,Hyderabad,Hyderabad,Bhopal,294.3,Clothing,1,3.4,Express,Ecom Express,2202.89,,5.76,2025-01-26,2025-01-29,2025-01-29,Delivered,4.0,No,No
ORD102476,CUST11513,2025-01-11,Mumbai,Mumbai,Visakhapatnam,279.2,Home & Kitchen,7,2.44,Air,Ecom Express,2681.57,237.33,8.18,2025-01-13,2025-01-16,2025-01-16,Delivered,4.0,No,No
ORD100784,CUST11433,2025-11-06,Pune,Pune,Nagpur,63.8,Sports,5,7.53,Rail,XpressBees,351.76,84.93,10.75,2025-11-09,2025-11-13,2025-11-13,Delivered,5.0,No,No
ORD102112,CUST12082,2025-11-11,Chennai,Chennai,Visakhapatnam,358.7,Automotive,6,6.23,Road,DTDC,1718.69,360.39,5.61,2025-11-12,2025-11-19,2025-11-19,Delivered,4.0,No,No
ORD102787,CUST12054,2025-01-18,Pune,Pune,Kolkata,571.1,Home & Kitchen,4,9.53,Road,XpressBees,2578.3,631.39,6.14,2025-01-20,2025-01-26,2025-01-26,Delivered,5.0,No,No
ORD101500,CUST12321,2025-08-03,Mumbai,Mumbai,Pune,440.8,Sports,1,1.85,Air,DTDC,3963.44,405.32,6.8,2025-08-05,2025-08-08,2025-08-08,Delivered,5.0,No,No
ORD102975,CUST12755,2025-10-02,Bengaluru,Bengaluru,Lucknow,822.0,Electronics,1,4.18,Rail,Shadowfax,2670.0,613.11,11.54,2025-10-05,2025-10-13,2025-10-13,Delivered,5.0,No,No
ORD102978,CUST10049,2025-08-03,Bengaluru,Bengaluru,Hyderabad,257.0,Grocery,6,10.21,Road,DTDC,1477.8,262.01,5.97,2025-08-04,2025-08-10,2025-08-10,Delivered,5.0,No,No
ORD103667,CUST10709,2025-02-16,Bengaluru,Bengaluru,Indore,995.5,Home & Kitchen,1,1.68,Road,Ecom Express,,767.38,4.8,2025-02-18,2025-02-26,2025-02-27,Delayed,4.0,No,No
ORD100694,CUST11622,2025-07-23,Chennai,Chennai,Mumbai,309.0,Electronics,2,5.82,Road,DTDC,1509.44,215.62,9.33,2025-07-24,2025-07-29,2025-07-29,Delivered,5.0,No,No
ORD102144,CUST12239,2025-10-03,Hyderabad,Hyderabad,Vijayawada,401.2,Electronics,2,6.03,Road,Delhivery,1793.43,288.76,9.94,2025-10-05,2025-10-10,2025-10-10,Delivered,4.0,No,No
ORD101381,CUST12426,2025-12-30,Mumbai,Mumbai,Coimbatore,297.7,Electronics,5,3.21,Express,Shadowfax,2103.41,261.68,8.02,2025-12-31,2026-01-04,2026-01-04,Delivered,5.0,No,No
ORD101155,CUST12715,2025-04-13,Delhi,Delhi,Pune,667.9,Home & Kitchen,7,10.34,Rail,Delhivery,2487.65,484.43,12.43,2025-04-16,2025-04-23,2025-04-23,Delivered,4.0,No,No
ORD100374,CUST10712,2025-11-10,Pune,Pune,Kolkata,455.6,Automotive,2,2.31,Air,XpressBees,4183.4,306.67,7.28,2025-11-12,2025-11-15,2025-11-15,Delivered,5.0,No,No
ORD102544,CUST11365,2025-09-17,Hyderabad,Hyderabad,Visakhapatnam,419.4,Sports,4,3.45,Express,Blue Dart,3097.78,438.93,9.98,2025-09-19,2025-09-23,2025-09-23,Delivered,5.0,No,No
ORD102065,CUST11478,2025-05-24,Delhi,Delhi,Chennai,157.1,Clothing,1,6.27,Road,XpressBees,798.0,135.25,,2025-05-27,2025-06-01,2025-06-01,Delivered,4.0,No,No
ORD103752,CUST10745,2025-11-28,Chennai,Chennai,Hyderabad,488.6,Grocery,1,10.06,Express,Ecom Express,3498.98,297.87,6.78,2025-11-29,2025-12-03,2025-12-03,Delivered,4.0,No,No
ORD100139,CUST10413,2025-05-20,Mumbai,Mumbai,Chennai,430.4,Home & Kitchen,6,4.91,Rail,Delhivery,1476.02,309.94,8.82,2025-05-21,2025-05-27,2025-05-27,Delivered,4.0,No,Yes
ORD104208,CUST10093,2025-12-31,Delhi,Delhi,Jaipur,299.5,Beauty,5,6.57,Road,Shadowfax,1407.86,180.16,11.23,2026-01-02,2026-01-07,2026-01-07,Delivered,5.0,No,No
ORD104521,CUST10807,2025-01-20,Delhi,Delhi,Bengaluru,180.5,Sports,5,2.84,Road,Shadowfax,880.1,165.1,8.5,2025-01-22,2025-01-27,2025-01-27,Delivered,5.0,No,No
ORD100457,CUST11597,2025-05-20,Delhi,Delhi,Chennai,445.9,Beauty,3,1.63,Express,XpressBees,3103.89,459.23,11.84,2025-05-23,2025-05-28,2025-05-31,Delayed,4.0,No,No
ORD102914,CUST12248,2025-02-14,Hyderabad,Hyderabad,Surat,93.5,Home & Kitchen,2,1.78,Road,Blue Dart,383.31,90.44,10.89,2025-02-16,2025-02-20,2025-02-20,Delivered,4.0,No,No
ORD100738,CUST12701,2025-03-03,Bengaluru,Bengaluru,Delhi,1021.3,Automotive,7,1.43,Road,Shadowfax,4389.97,987.23,9.03,2025-03-04,2025-03-12,2025-03-12,Delivered,3.0,No,No
ORD102882,CUST10469,2025-02-08,Mumbai,Mumbai,Kochi,461.7,Clothing,6,4.04,Road,Ecom Express,2108.83,399.0,12.77,2025-02-12,2025-02-17,2025-02-17,Delivered,5.0,No,No
ORD101693,CUST11441,2025-12-09,Hyderabad,Hyderabad,Visakhapatnam,339.3,Books,7,4.99,Road,Blue Dart,1706.6,240.74,2.28,2025-12-11,2025-12-16,2025-12-16,Delivered,4.0,Yes,Yes
ORD101999,CUST12791,2025-07-06,Bengaluru,Bengaluru,Hyderabad,328.3,Books,4,1.9,Road,Blue Dart,1595.9,206.44,6.38,2025-07-07,2025-07-12,2025-07-14,Delayed,4.0,No,No
ORD101206,CUST11861,2025-12-18,Pune,Pune,Kolkata,218.9,Grocery,2,11.16,Rail,DTDC,868.28,147.98,9.56,2025-12-20,2025-12-27,2025-12-27,Delivered,4.0,No,No
ORD101633,CUST10187,2025-09-27,Chennai,Chennai,Indore,350.5,Beauty,6,2.09,Road,XpressBees,1564.07,233.02,14.47,2025-09-29,2025-10-05,2025-10-05,Delivered,5.0,No,No
ORD101465,CUST12643,2025-11-05,Bengaluru,Bengaluru,Lucknow,305.9,Automotive,4,5.62,Road,Ecom Express,1423.71,435.78,6.14,2025-11-07,2025-11-10,2025-11-12,Delayed,3.0,No,No
ORD104304,CUST10238,2025-09-20,Bengaluru,Bengaluru,Kolkata,600.0,Sports,6,1.62,Road,Delhivery,2618.48,662.4,9.63,2025-09-22,2025-09-27,2025-09-27,Delivered,4.0,No,No
ORD102855,CUST12478,2025-06-23,Hyderabad,Hyderabad,Mumbai,680.5,Home & Kitchen,5,3.03,Rail,Blue Dart,2306.97,604.69,7.31,2025-06-24,2025-07-01,2025-07-04,Delayed,3.0,No,No
ORD100945,CUST10715,2025-05-19,Hyderabad,Hyderabad,Lucknow,280.7,Automotive,4,6.96,Road,Ecom Express,1357.96,200.76,8.85,2025-05-21,2025-05-27,2025-05-27,Delivered,3.0,No,No
ORD100284,CUST12301,2025-05-18,Chennai,Chennai,Pune,300.9,Sports,4,7.38,Road,Blue Dart,1370.18,255.72,8.93,2025-05-20,2025-05-25,2025-05-25,Delivered,4.0,No,No
ORD103020,CUST10957,2025-05-24,Delhi,Delhi,Chennai,232.2,Beauty,7,2.93,Road,XpressBees,1043.1,193.67,12.83,2025-05-27,2025-06-02,2025-06-02,Delivered,5.0,No,No
ORD100727,CUST12434,2025-09-01,Pune,Pune,Lucknow,749.7,Books,1,4.36,Air,Ecom Express,6828.37,789.28,9.44,2025-09-04,2025-09-07,2025-09-07,Delivered,3.0,No,No
ORD101461,CUST12489,2025-09-21,Mumbai,Mumbai,Coimbatore,368.1,Electronics,4,8.55,Road,Shadowfax,1618.43,362.62,10.09,2025-09-23,2025-09-28,2025-09-28,Delivered,5.0,Yes,No
ORD103714,CUST10354,2025-05-17,Mumbai,Mumbai,Bhopal,237.9,Grocery,5,12.72,Road,DTDC,1259.97,198.77,11.9,2025-05-19,2025-05-25,2025-05-25,Delivered,4.0,No,No
ORD104925,CUST10454,2025-01-17,Delhi,Delhi,Ahmedabad,163.4,Home & Kitchen,2,3.94,Air,Delhivery,1577.79,79.39,9.54,2025-01-19,2025-01-22,2025-01-28,Delayed,4.0,No,No
ORD102327,CUST11545,2025-08-31,Bengaluru,Bengaluru,Kolkata,48.9,Books,7,2.15,rail,XpressBees,276.48,20.0,8.87,2025-09-02,2025-09-07,2025-09-07,Delivered,4.0,No,No
ORD101519,CUST12699,2025-10-24,Pune,Pune,Ahmedabad,277.9,Books,3,0.2,Road,Blue Dart,1162.23,306.41,6.76,2025-10-26,2025-10-30,2025-10-30,Delivered,5.0,No,No
ORD103886,CUST12030,2025-10-04,Chennai,Chennai,Hyderabad,448.5,Automotive,4,3.95,Road,Shadowfax,1954.47,240.92,4.91,2025-10-06,2025-10-12,2025-10-12,Delivered,4.0,No,No
ORD104376,CUST10715,2025-06-17,Mumbai,Mumbai,Jaipur,146.1,Clothing,1,3.09,Express,Blue Dart,1121.9,143.23,8.02,2025-06-19,2025-06-22,2025-06-22,Delivered,5.0,No,No
ORD100469,CUST11157,2025-09-28,Delhi,Delhi,Pune,201.4,Grocery,1,7.14,Air,Delhivery,1898.6,172.34,11.72,2025-10-01,2025-10-04,2025-10-04,Delivered,4.0,No,No
ORD103063,CUST10379,2025-09-10,Bengaluru,Bengaluru,Coimbatore,463.0,Home & Kitchen,6,14.01,Air,XpressBees,4560.99,471.36,5.78,2025-09-12,2025-09-15,2025-09-15,Delivered,5.0,No,No
ORD104556,CUST11176,2025-01-05,Delhi,Delhi,Vijayawada,342.9,Clothing,2,8.09,Rail,XpressBees,1254.97,292.64,6.29,2025-01-07,2025-01-13,2025-01-13,Delivered,3.0,No,No
ORD103663,CUST11880,2025-03-15,Hyderabad,Hyderabad,Vijayawada,145.6,Home & Kitchen,2,7.49,Air,Blue Dart,1465.02,212.33,6.71,2025-03-17,2025-03-19,2025-03-19,Delivered,4.0,No,No
ORD101846,CUST11542,2025-06-04,Pune,Pune,Pune,72.0,Grocery,5,0.86,Road,Shadowfax,230.67,57.89,9.19,2025-06-07,2025-06-12,2025-06-12,Delivered,5.0,No,No
ORD101056,CUST12660,2025-09-15,Bengaluru,Bengaluru,Kochi,433.4,Clothing,7,6.1,Road,Ecom Express,1854.54,456.34,8.6,2025-09-18,2025-09-24,2025-09-27,Delayed,4.0,No,No
ORD102646,CUST11911,2025-09-29,Chennai,Chennai,Kochi,217.3,Home & Kitchen,7,0.66,Air,Shadowfax,2070.17,176.02,,2025-09-30,2025-10-01,2025-10-01,Delivered,4.0,No,No
ORD102058,CUST11975,2025-11-09,Pune,Pune,Delhi,506.8,Sports,5,11.46,Rail,XpressBees,1816.41,463.86,5.36,2025-11-11,2025-11-18,2025-11-18,Delivered,4.0,No,No
ORD103106,CUST10058,2025-08-02,Delhi,Delhi,Kochi,655.3,Grocery,7,8.47,Road,DTDC,2995.94,501.6,9.54,2025-08-05,2025-08-12,2025-08-12,Delivered,4.0,No,No
ORD104283,CUST10811,2025-09-30,Chennai,Chennai,Hyderabad,152.2,Grocery,6,3.12,Road,Blue Dart,794.03,88.12,3.66,2025-10-02,2025-10-07,2025-10-07,Delivered,5.0,No,No
ORD104613,CUST12478,2025-05-28,Hyderabad,Hyderabad,Visakhapatnam,1683.5,Home & Kitchen,2,3.16,Rail,Ecom Express,5515.16,1527.62,9.54,2025-05-31,2025-06-09,2025-06-09,Delivered,4.0,No,No
ORD100735,CUST12393,2025-07-31,Hyderabad,Hyderabad,Visakhapatnam,121.6,Clothing,4,2.38,Road,DTDC,,57.8,9.54,2025-08-02,2025-08-06,2025-08-06,Delivered,4.0,No,No
ORD102036,CUST11569,2025-03-01,Delhi,Delhi,Lucknow,351.5,Sports,6,6.58,Air,Blue Dart,3303.68,208.78,7.49,2025-03-03,2025-03-05,2025-03-05,Delivered,5.0,No,No
ORD101379,CUST11362,2025-03-07,Delhi,Delhi,Jaipur,146.8,Automotive,1,3.77,Express,Blue Dart,1054.34,172.15,4.58,2025-03-08,2025-03-10,2025-03-10,Delivered,4.0,No,No
ORD101225,CUST12797,2025-02-21,Pune,Pune,Bengaluru,234.2,Home & Kitchen,4,3.99,Rail,Delhivery,684.23,168.22,6.77,2025-02-22,2025-02-28,2025-02-28,Delivered,4.0,No,No
ORD100523,CUST11244,2025-12-07,Hyderabad,Hyderabad,Nagpur,282.6,Automotive,3,7.96,Road,DTDC,1357.34,261.14,4.56,2025-12-08,2025-12-14,2025-12-20,Delayed,4.0,No,No
ORD102989,CUST11368,2025-03-18,Bengaluru,Bengaluru,Ahmedabad,302.3,Books,5,3.07,Road,xpressbees,1384.37,299.82,9.01,2025-03-20,2025-03-24,2025-03-24,Delivered,5.0,No,No
ORD103456,CUST12051,2025-05-17,Delhi,Delhi,Jaipur,265.1,Home & Kitchen,4,1.88,Rail,Shadowfax,860.12,249.95,6.19,2025-05-19,2025-05-24,2025-05-24,Delivered,4.0,No,No
ORD102066,CUST12135,2025-04-01,Hyderabad,Hyderabad,Visakhapatnam,182.4,Automotive,3,4.32,Road,DTDC,831.83,208.5,8.81,2025-04-03,2025-04-08,2025-04-09,Delayed,4.0,No,No
ORD101355,CUST10895,2025-10-09,Bengaluru,Bengaluru,Bhopal,331.7,Sports,7,0.84,Road,Shadowfax,1598.69,376.26,6.97,2025-10-12,2025-10-16,2025-10-16,Delivered,3.0,No,No
ORD100624,CUST12652,2025-12-23,Hyderabad,Hyderabad,Surat,927.8,Automotive,5,5.88,Road,Ecom Express,4080.35,970.71,3.57,2025-12-25,2025-12-31,2025-12-31,Delivered,4.0,No,No
ORD101082,CUST10104,2025-04-17,Mumbai,Mumbai,Indore,156.7,Clothing,1,20.14,Rail,XpressBees,853.79,80.89,8.63,2025-04-21,2025-04-26,2025-04-26,Delivered,4.0,No,Yes
ORD102946,CUST11085,2025-02-22,Hyderabad,Hyderabad,Indore,300.3,Clothing,1,5.3,Air,Blue Dart,2799.05,311.09,7.16,2025-02-25,2025-02-28,2025-02-28,Delivered,4.0,No,No
ORD103078,CUST11261,2025-11-21,Bengaluru,Bengaluru,Kolkata,634.4,Beauty,3,2.74,Road,Delhivery,2694.15,475.95,7.08,2025-11-23,2025-11-28,2025-11-28,Delivered,5.0,No,No
ORD101287,CUST11807,2025-09-30,Delhi,Delhi,Mumbai,422.4,Sports,4,2.83,Road,Shadowfax,1990.33,465.79,7.99,2025-10-02,2025-10-07,2025-10-07,Delivered,4.0,No,No
ORD104465,CUST12777,2025-01-04,Chennai,Chennai,Delhi,652.6,Electronics,3,2.58,Road,XpressBees,2678.45,661.37,11.67,2025-01-07,2025-01-12,2025-01-15,Delayed,4.0,No,No
ORD101142,CUST12575,2025-09-02,Mumbai,Mumbai,Surat,1557.5,Books,4,4.32,Express,Blue Dart,11084.95,1254.84,9.8,2025-09-04,2025-09-12,2025-09-17,Delayed,3.0,No,No
ORD102479,CUST10541,2025-02-02,Chennai,Chennai,Indore,115.1,Sports,7,17.89,Express,Blue Dart,1150.74,84.56,8.9,2025-02-04,2025-02-07,2025-02-07,Delivered,5.0,No,No
ORD101851,CUST10187,2025-03-08,Chennai,Chennai,Lucknow,398.2,Books,7,5.47,Air,Ecom Express,3736.66,319.39,6.38,2025-03-11,2025-03-14,2025-03-21,Delayed,4.0,No,No
ORD104341,CUST11717,2025-08-23,Chennai,Chennai,Indore,337.3,Grocery,1,6.12,Road,Ecom Express,1560.83,371.71,5.64,2025-08-25,2025-08-30,2025-08-30,Delivered,4.0,No,No
ORD103491,CUST10187,2025-07-28,Bengaluru,Bengaluru,Coimbatore,830.2,Beauty,2,3.61,Road,XpressBees,3611.51,825.11,6.17,2025-07-30,2025-08-03,2025-08-07,Delayed,3.0,No,No
ORD100104,CUST10903,2025-08-19,Hyderabad,Hyderabad,Vijayawada,1162.7,Sports,1,13.17,Express,Ecom Express,8333.29,923.58,5.14,2025-08-21,2025-08-26,2025-08-28,Delayed,3.0,No,No
ORD103324,CUST11957,2025-10-08,Pune,Pune,Hyderabad,113.4,Automotive,6,11.07,Rail,Ecom Express,754.74,136.94,11.17,2025-10-10,2025-10-14,2025-10-14,Delivered,4.0,No,No
ORD100220,CUST10715,2025-01-20,Mumbai,Mumbai,Kochi,1259.4,Clothing,1,12.17,Express,XpressBees,8971.75,774.33,8.66,2025-01-22,2025-01-27,2025-01-27,Delivered,5.0,No,No
ORD101682,CUST10374,2025-07-12,Hyderabad,Hyderabad,Pune,36.4,Grocery,7,5.0,Road,XpressBees,424.5,29.44,9.28,2025-07-14,2025-07-19,2025-07-19,Delivered,,No,No
ORD100689,CUST10298,2025-12-04,Pune,Pune,Hyderabad,318.8,Beauty,5,6.74,Air,XpressBees,3074.27,384.78,8.29,2025-12-06,2025-12-08,2025-12-08,Delivered,4.0,No,No
ORD100437,CUST11197,2025-12-15,Hyderabad,Hyderabad,Kolkata,206.3,Home & Kitchen,5,3.74,Road,Delhivery,1009.23,142.96,7.08,2025-12-17,2025-12-21,2025-12-21,Delivered,3.0,No,No
ORD102561,CUST11940,2025-09-09,Delhi,Delhi,Surat,173.7,Electronics,1,6.12,Air,XpressBees,1604.63,151.55,9.84,2025-09-11,2025-09-13,2025-09-18,Delayed,3.0,No,No
ORD101589,CUST10225,2025-11-06,Bengaluru,Bengaluru,Mumbai,230.3,Grocery,3,1.7,Air,Ecom Express,2186.18,152.84,11.1,2025-11-08,2025-11-11,2025-11-11,Delivered,5.0,No,No
ORD101994,CUST10255,2025-08-27,Chennai,Chennai,Ahmedabad,223.7,Books,5,2.24,Road,DTDC,939.88,268.49,6.71,2025-08-30,2025-09-04,2025-09-04,Delivered,4.0,No,No
ORD101533,CUST10664,2025-06-14,Chennai,Chennai,Coimbatore,190.7,Home & Kitchen,2,4.1,Express,Blue Dart,1411.43,187.17,5.86,2025-06-15,2025-06-18,2025-06-18,Delivered,4.0,No,No
ORD104578,CUST11009,2025-09-30,Bengaluru,Bengaluru,Surat,460.8,Beauty,5,8.42,Road,Delhivery,2168.54,384.91,9.54,2025-10-02,2025-10-08,2025-10-08,Delivered,4.0,No,No
ORD102600,CUST12270,2025-01-14,Mumbai,Mumbai,Vijayawada,694.0,Grocery,4,5.09,Air,Blue Dart,6286.68,627.34,9.31,2025-01-16,2025-01-21,2025-01-21,Delivered,4.0,No,No
ORD102145,CUST10797,2025-03-13,Delhi,Delhi,Visakhapatnam,1013.4,Automotive,5,6.88,Air,XpressBees,9296.02,1020.72,,2025-03-15,2025-03-18,2025-03-22,Delayed,4.0,No,No
ORD102488,CUST10029,2025-04-18,Mumbai,Mumbai,Pune,532.7,Electronics,3,9.43,Road,XpressBees,2495.77,613.96,9.03,2025-04-21,2025-04-27,2025-04-27,Delivered,5.0,No,No
ORD104339,CUST12778,2025-04-24,Pune,Pune,Jaipur,973.5,Clothing,4,6.51,Air,Blue Dart,8855.39,722.2,4.75,2025-04-26,2025-04-28,2025-05-03,Delayed,2.0,No,No
ORD103441,CUST11243,2025-05-13,Mumbai,Mumbai,Hyderabad,118.2,Sports,4,0.42,Road,Shadowfax,515.63,26.48,12.55,2025-05-14,2025-05-18,2025-05-18,Delivered,4.0,Yes,No
ORD103817,CUST10669,2025-01-22,Delhi,Delhi,Bhopal,359.8,Grocery,3,4.33,Road,Shadowfax,1569.96,365.29,7.39,2025-01-24,2025-01-28,2025-01-29,Delayed,4.0,No,No
ORD101573,CUST11695,2025-12-08,Hyderabad,Hyderabad,Surat,282.3,Sports,7,4.19,Rail,Shadowfax,1116.77,185.15,6.05,2025-12-10,2025-12-16,2025-12-16,Delivered,5.0,No,No
ORD100073,CUST11221,2025-07-24,Hyderabad,Hyderabad,Bengaluru,375.2,Automotive,7,1.47,Express,DTDC,2751.4,291.14,8.16,2025-07-26,2025-07-29,2025-07-29,Delivered,4.0,No,No
ORD103363,CUST10823,2025-07-10,Chennai,Chennai,Coimbatore,353.5,Beauty,6,3.67,Rail,Ecom Express,1317.15,271.51,5.56,2025-07-13,2025-07-19,2025-07-22,Delayed,3.0,No,No
ORD103228,CUST12606,2025-05-17,Hyderabad,Hyderabad,Ahmedabad,927.5,Beauty,6,4.04,Rail,Delhivery,3036.07,900.37,7.37,2025-05-20,2025-05-28,2025-05-28,Delivered,5.0,No,No
ORD101092,CUST10786,2025-02-26,Mumbai,Mumbai,Surat,339.8,Home & Kitchen,1,4.33,Road,Blue Dart,1433.59,431.02,11.73,2025-03-01,2025-03-06,2025-03-06,Delivered,5.0,No,No
ORD103211,CUST10835,2025-10-20,Mumbai,Mumbai,Coimbatore,454.1,Books,4,1.46,Road,XpressBees,2031.37,448.53,5.57,2025-10-23,2025-10-29,2025-10-29,Delivered,4.0,No,No
ORD103055,CUST11900,2025-10-12,Pune,Pune,Coimbatore,452.9,Home & Kitchen,5,3.03,Road,Ecom Express,1986.5,337.66,6.53,2025-10-14,2025-10-19,2025-10-22,Delayed,3.0,No,No
ORD101297,CUST12414,2025-10-25,Pune,Pune,Coimbatore,476.4,Grocery,7,6.61,Rail,Delhivery,1771.0,456.88,9.75,2025-10-28,2025-11-04,2025-11-04,Delivered,4.0,No,No
ORD104625,CUST11525,2025-03-20,Hyderabad,Hyderabad,Mumbai,532.2,Electronics,1,0.74,Road,Delhivery,2329.1,593.55,8.67,2025-03-22,2025-03-28,2025-04-04,Delayed,4.0,No,No
ORD102603,CUST12047,2025-08-29,Chennai,Chennai,Bengaluru,673.8,Automotive,2,6.67,Air,Ecom Express,6001.79,658.89,6.36,2025-09-01,2025-09-05,2025-09-07,Delayed,4.0,No,No
ORD102294,CUST10907,2025-09-22,Hyderabad,Hyderabad,Bhopal,294.7,Automotive,4,3.13,Road,Delhivery,1272.6,215.89,7.56,2025-09-24,2025-09-29,2025-09-29,Delivered,5.0,No,No
ORD102405,CUST10153,2025-08-08,Pune,Pune,Vijayawada,186.7,Grocery,6,7.75,Road,Shadowfax,920.42,252.56,7.93,2025-08-09,2025-08-14,2025-08-15,Delayed,3.0,No,No
ORD104070,CUST12280,2025-10-08,Mumbai,Mumbai,Bengaluru,108.1,Automotive,5,6.95,Road,Delhivery,470.93,96.74,10.87,2025-10-11,2025-10-16,2025-10-16,Delivered,4.0,No,No
ORD100395,CUST10435,2025-08-03,Chennai,Chennai,Mumbai,259.4,Beauty,4,6.44,Rail,Delhivery,987.87,278.78,7.58,2025-08-05,2025-08-12,2025-08-12,Delivered,4.0,No,No
ORD100386,CUST12723,2025-05-11,Hyderabad,Hyderabad,Vijayawada,362.9,Grocery,6,2.46,Express,Ecom Express,2678.47,307.26,8.9,2025-05-13,2025-05-18,2025-05-18,Delivered,5.0,No,No
ORD103572,CUST12189,2025-08-04,Chennai,Chennai,Surat,336.0,Beauty,2,8.61,Road,Ecom Express,1524.01,308.76,5.74,2025-08-05,2025-08-10,2025-08-10,Delivered,4.0,No,No
ORD102569,CUST11557,2025-02-15,Delhi,Delhi,Nagpur,902.1,Books,1,13.46,Express,Shadowfax,6398.32,818.67,12.24,2025-02-17,2025-02-21,2025-02-21,Delivered,5.0,No,No
ORD101011,CUST10728,2025-10-16,Pune,Pune,Surat,223.8,Home & Kitchen,3,2.05,Express,XpressBees,1571.22,254.56,8.35,2025-10-17,2025-10-21,2025-10-21,Delivered,4.0,No,No
ORD100275,CUST10357,2025-06-05,Pune,Pune,Surat,805.2,Home & Kitchen,6,9.51,Air,Delhivery,7427.63,692.04,13.05,2025-06-07,2025-06-11,2025-06-11,Delivered,4.0,No,No
ORD100198,CUST11231,2025-09-23,Mumbai,Mumbai,Bengaluru,479.9,Electronics,3,5.93,Road,Delhivery,2077.45,463.08,11.58,2025-09-26,2025-10-02,2025-10-02,Delivered,5.0,No,No
ORD103201,CUST12322,2025-03-27,Hyderabad,Hyderabad,Mumbai,348.9,Grocery,4,7.11,Road,Delhivery,1651.28,399.54,6.02,2025-03-30,2025-04-04,2025-04-04,Delivered,4.0,No,No
ORD101884,CUST11925,2025-06-16,Bengaluru,Bengaluru,Surat,776.5,Automotive,7,3.42,Rail,Delhivery,2713.72,840.23,7.15,2025-06-19,2025-06-27,2025-07-03,Delayed,4.0,No,No
ORD104048,CUST10857,2025-12-27,Chennai,Chennai,Vijayawada,309.9,Home & Kitchen,3,7.65,Express,Ecom Express,2338.54,298.4,3.67,2025-12-29,2026-01-01,2026-01-04,Delayed,4.0,No,No
ORD101807,CUST12339,2025-03-26,Chennai,Chennai,Ahmedabad,193.0,Books,5,6.95,Road,Shadowfax,1051.02,145.65,11.69,2025-03-28,2025-04-02,2025-04-02,Delivered,5.0,No,No
ORD100972,CUST10177,2025-05-01,Bengaluru,Bengaluru,Ahmedabad,574.1,Books,4,3.25,Rail,Delhivery,2023.63,562.77,10.12,2025-05-04,2025-05-11,2025-05-12,Delayed,3.0,No,No
ORD101181,CUST12749,2025-04-19,Pune,Pune,Coimbatore,320.3,Sports,3,1.87,Road,Shadowfax,1311.97,313.12,8.55,2025-04-22,2025-04-26,2025-04-26,Delivered,4.0,No,No
ORD101485,CUST10155,2025-09-05,Mumbai,Mumbai,Bengaluru,161.3,Automotive,5,4.05,Road,Delhivery,840.68,129.94,11.22,2025-09-08,2025-09-14,2025-09-14,Delivered,5.0,No,No
ORD103036,CUST12195,2025-08-15,Mumbai,Mumbai,Chennai,49.5,Electronics,3,2.56,Air,Ecom Express,570.24,53.0,7.66,2025-08-16,2025-08-17,2025-08-18,Delayed,3.0,No,No
ORD104460,CUST11065,2025-10-31,Delhi,Delhi,Surat,157.4,Books,4,5.42,Express,Delhivery,1295.51,170.83,8.57,2025-11-02,2025-11-05,2025-11-05,Delivered,4.0,No,No
ORD100515,CUST10620,2025-10-09,Hyderabad,Hyderabad,Delhi,412.2,Home & Kitchen,1,3.8,Air,Delhivery,3858.99,434.44,4.63,2025-10-10,2025-10-12,2025-10-12,Delivered,4.0,No,No
ORD100286,CUST10479,2025-10-11,Pune,Pune,Surat,685.6,Clothing,3,7.01,Rail,Delhivery,2408.24,615.31,8.64,2025-10-13,2025-10-20,2025-10-20,Delivered,4.0,No,No
ORD104207,CUST10370,2025-08-12,Bengaluru,Bengaluru,Chennai,345.0,Books,4,4.43,Rail,Delhivery,1180.59,293.22,,2025-08-15,2025-08-20,2025-08-20,Delivered,3.0,No,No
ORD104253,CUST10892,2025-09-06,Hyderabad,Hyderabad,Visakhapatnam,304.4,Grocery,5,9.31,Road,XpressBees,1429.92,329.16,4.48,2025-09-08,2025-09-14,2025-09-14,Delivered,3.0,No,No
ORD100575,CUST12271,2025-04-07,Chennai,Chennai,Visakhapatnam,579.9,Automotive,5,7.68,Road,Delhivery,2609.0,509.96,9.08,2025-04-09,2025-04-15,2025-04-15,Delivered,4.0,No,No
ORD104058,CUST10075,2025-06-30,Hyderabad,Hyderabad,Surat,410.4,Sports,1,6.31,Rail,DTDC,1188.2,387.84,6.67,2025-07-01,2025-07-09,2025-07-09,Delivered,5.0,No,Yes
ORD100227,CUST12453,2025-06-06,Hyderabad,Hyderabad,Indore,241.5,Grocery,2,8.97,Express,Delhivery,1760.51,168.07,8.29,2025-06-08,2025-06-11,2025-06-11,Delivered,4.0,No,No
ORD104575,CUST10218,2025-03-06,Mumbai,Mumbai,Bhopal,420.9,Home & Kitchen,6,3.77,Air,XpressBees,4016.02,261.23,11.67,2025-03-09,2025-03-11,2025-03-11,Delivered,4.0,No,No
ORD101470,CUST11281,2025-10-14,Chennai,Chennai,Delhi,425.2,Sports,7,6.61,Road,Blue Dart,1920.28,389.52,7.59,2025-10-16,2025-10-21,2025-10-23,Delayed,3.0,No,Yes
ORD104261,CUST10916,2025-01-11,Hyderabad,Hyderabad,Vijayawada,582.0,Books,1,0.54,Air,Blue Dart,5238.82,351.13,5.69,2025-01-13,2025-01-16,2025-01-16,Delivered,4.0,No,No
ORD103554,CUST12200,2025-05-21,Mumbai,Mumbai,Ahmedabad,474.0,Beauty,2,4.22,Rail,XpressBees,1712.87,384.61,6.36,2025-05-24,2025-06-01,2025-06-02,Delayed,4.0,No,No
ORD100439,CUST10963,2025-02-13,Delhi,Delhi,Lucknow,233.4,Electronics,6,8.28,Road,Shadowfax,1205.69,183.25,10.95,2025-02-16,2025-02-20,2025-02-20,Delivered,5.0,No,No
ORD103562,CUST11157,2025-02-15,Hyderabad,Hyderabad,Ahmedabad,156.7,Home & Kitchen,3,6.3,Express,Blue Dart,1268.16,129.58,9.54,2025-02-17,2025-02-21,2025-02-21,Delivered,4.0,No,No
ORD102281,CUST10545,2025-12-01,Pune,Pune,Vijayawada,665.7,Beauty,4,1.21,Rail,Shadowfax,2191.09,750.55,7.97,2025-12-03,2025-12-11,2025-12-11,Delivered,5.0,No,No
ORD102723,CUST11278,2025-02-17,Bengaluru,Bengaluru,Chennai,490.9,Clothing,1,3.23,Road,Shadowfax,1984.42,440.9,,2025-02-19,2025-02-25,2025-02-25,Delivered,5.0,No,No
ORD101227,CUST12008,2025-08-24,Pune,Pune,Lucknow,279.2,Books,7,6.42,Road,Ecom Express,1411.58,153.94,6.41,2025-08-27,2025-09-02,2025-09-02,Delivered,4.0,No,No
ORD101216,CUST11498,2025-11-17,Pune,Pune,Mumbai,194.4,Automotive,3,1.46,Express,Shadowfax,1364.73,197.88,10.02,2025-11-20,2025-11-23,2025-11-23,Delivered,4.0,No,No
ORD100277,CUST11314,2025-12-20,Bengaluru,Bengaluru,Delhi,348.5,Beauty,4,0.29,Rail,Blue Dart,1242.55,402.92,8.33,2025-12-23,2025-12-30,2025-12-30,Delivered,4.0,No,No
ORD100486,CUST11222,2025-04-23,Delhi,Delhi,Bhopal,348.8,Grocery,3,8.78,Road,Delhivery,1762.56,232.0,8.75,2025-04-24,2025-04-29,2025-04-29,Delivered,4.0,No,No
ORD102636,CUST11249,2025-10-08,Bengaluru,Bengaluru,Lucknow,236.5,Automotive,7,5.43,Road,Blue Dart,1259.0,166.79,6.27,2025-10-10,2025-10-15,2025-10-15,Delivered,3.0,No,No
ORD104721,CUST12682,2025-01-06,Bengaluru,Bengaluru,Chennai,515.6,Books,5,4.53,Rail,DTDC,1699.22,372.9,8.45,2025-01-07,2025-01-13,2025-01-14,Delayed,3.0,No,No
ORD104955,CUST11656,2025-10-20,Chennai,Chennai,Indore,295.5,Books,6,5.31,Road,Delhivery,1295.2,269.06,7.49,2025-10-22,2025-10-26,2025-10-26,Delivered,5.0,No,No
ORD102466,CUST11930,2025-08-14,Chennai,Chennai,Ahmedabad,670.3,Clothing,5,1.47,Road,DTDC,2880.01,483.3,10.39,2025-08-16,2025-08-23,2025-08-26,Delayed,3.0,No,No
ORD101024,CUST12237,2025-07-20,Pune,Pune,Delhi,203.4,Books,6,6.12,Road,Ecom Express,1036.99,178.26,10.51,2025-07-23,2025-07-28,2025-07-28,Delivered,4.0,No,No
ORD101569,CUST12371,2025-04-12,Pune,Pune,Delhi,241.7,Grocery,5,3.81,Road,Ecom Express,1333.98,224.91,7.9,2025-04-14,2025-04-19,2025-04-19,Delivered,4.0,No,No
ORD100470,CUST10835,2025-12-07,Mumbai,Mumbai,Lucknow,298.8,Home & Kitchen,6,7.64,Road,Shadowfax,1637.01,345.86,12.0,2025-12-11,2025-12-15,2025-12-15,Delivered,4.0,No,No
ORD101762,CUST11782,2025-02-20,Pune,Pune,Delhi,207.1,Beauty,6,9.99,Road,DTDC,1154.75,263.08,8.7,2025-02-23,2025-02-28,2025-02-28,Delivered,3.0,No,No
ORD103751,CUST11597,2025-05-29,Pune,Pune,Indore,515.4,Books,6,1.8,Road,DTDC,2148.98,433.6,7.48,2025-05-30,2025-06-03,2025-06-03,Delivered,5.0,No,No
ORD104773,CUST11340,2025-07-05,Delhi,Delhi,Hyderabad,287.6,Books,7,6.61,Express,Ecom Express,2032.66,248.26,10.34,2025-07-08,2025-07-13,2025-07-17,Delayed,4.0,No,No
ORD104413,CUST11226,2025-12-24,Bengaluru,Bengaluru,Ahmedabad,544.8,Beauty,5,6.5,Road,Delhivery,2524.4,362.29,4.89,2025-12-26,2026-01-01,2026-01-01,Delivered,4.0,No,No
ORD102665,CUST10004,2025-10-21,Hyderabad,Hyderabad,Indore,761.7,Home & Kitchen,7,4.46,Road,Shadowfax,3282.29,596.55,6.42,2025-10-22,2025-10-28,2025-10-28,Delivered,4.0,No,No
ORD104543,CUST10566,2025-11-01,Chennai,Chennai,Hyderabad,296.6,Automotive,5,5.3,Road,XpressBees,1521.35,346.77,13.25,2025-11-04,2025-11-08,2025-11-08,Delivered,5.0,Yes,No
ORD102860,CUST11540,2025-02-20,Pune,Pune,Kolkata,328.7,Clothing,7,0.65,Express,XpressBees,2487.92,334.95,10.38,2025-02-23,2025-02-26,2025-02-28,Delayed,4.0,No,No
ORD100064,CUST10704,2025-02-03,Bengaluru,Bengaluru,Nagpur,493.7,Sports,5,3.47,Air,Blue Dart,4409.86,512.2,8.43,2025-02-05,2025-02-11,2025-02-11,Delivered,4.0,No,No
ORD104573,CUST10152,2025-01-15,Pune,Pune,Lucknow,373.1,Clothing,5,2.16,Express,DTDC,2686.81,378.75,7.44,2025-01-18,2025-01-21,2025-01-21,Delivered,5.0,No,No
ORD101311,CUST12155,2025-03-11,Delhi,Delhi,Chennai,167.6,Clothing,6,17.31,Road,Ecom Express,1116.09,132.63,10.65,2025-03-14,2025-03-18,2025-03-18,Delivered,5.0,No,No
ORD100730,CUST10191,2025-08-24,Bengaluru,Bengaluru,Hyderabad,425.6,Sports,2,2.99,Express,Ecom Express,3012.08,471.8,5.9,2025-08-25,2025-08-28,2025-08-28,Delivered,5.0,No,No
ORD100089,CUST11732,2025-05-28,Pune,Pune,Jaipur,794.0,Electronics,3,0.53,Air,Blue Dart,7045.95,857.61,8.86,2025-05-30,2025-06-03,2025-06-03,Delivered,5.0,No,No
ORD102993,CUST11825,2025-10-01,Delhi,Delhi,Hyderabad,574.6,Electronics,6,2.81,Rail,Blue Dart,1972.56,431.19,9.83,2025-10-03,2025-10-09,2025-10-11,Delayed,3.0,No,No
ORD104167,CUST11968,2025-04-16,Hyderabad,Hyderabad,Chennai,337.8,Sports,1,1.35,Express,XpressBees,2343.71,327.06,9.56,2025-04-19,2025-04-23,2025-04-23,Delivered,5.0,No,No
ORD103461,CUST10655,2025-03-27,Bengaluru,Bengaluru,Mumbai,584.8,Home & Kitchen,4,4.59,Road,Ecom Express,2651.23,700.69,8.72,2025-03-29,2025-04-05,2025-04-09,Delayed,4.0,No,No
ORD100329,CUST12421,2025-11-10,Chennai,Chennai,Kolkata,170.1,Electronics,5,5.53,Road,Shadowfax,875.04,143.46,9.56,2025-11-13,2025-11-19,2025-11-19,Delivered,5.0,No,No
ORD103286,CUST12415,2025-11-19,Hyderabad,Hyderabad,Vijayawada,479.7,Books,6,3.32,Road,Ecom Express,2205.17,323.7,7.5,2025-11-21,2025-11-27,2025-11-27,Delivered,4.0,No,No
ORD103964,CUST12485,2025-08-28,Delhi,Delhi,,1107.9,Sports,4,12.72,Rail,XpressBees,3633.24,789.44,8.42,2025-08-30,2025-09-06,2025-09-11,Delayed,3.0,No,No
ORD104343,CUST10495,2025-10-13,Pune,Pune,Mumbai,143.2,Beauty,4,4.25,Road,XpressBees,851.67,90.82,8.51,2025-10-15,2025-10-20,2025-10-20,Delivered,3.0,No,No
ORD100303,CUST10817,2025-05-29,Hyderabad,Hyderabad,Visakhapatnam,437.3,Sports,3,10.71,Road,Shadowfax,2061.13,428.89,9.89,2025-05-31,2025-06-05,2025-06-05,Delivered,4.0,No,No
ORD101883,CUST12385,2025-05-28,Pune,Pune,Kolkata,558.5,Books,6,13.78,Air,Blue Dart,5288.13,486.91,8.48,2025-05-29,2025-06-01,2025-06-01,Delivered,4.0,No,No
ORD101420,CUST11962,2025-12-28,Pune,Pune,Indore,347.0,Grocery,6,1.96,Road,Ecom Express,1438.31,268.7,12.7,2025-12-30,2026-01-04,2026-01-06,Delayed,4.0,No,No
ORD101395,CUST11078,2025-08-02,Hyderabad,Hyderabad,Mumbai,334.1,Clothing,2,7.27,Air,DTDC,3059.24,218.1,7.03,2025-08-04,2025-08-07,2025-08-07,Delivered,5.0,No,No
ORD101108,CUST11604,2025-07-31,Hyderabad,Hyderabad,Mumbai,305.6,Beauty,6,4.82,Road,Blue Dart,1514.62,227.58,6.68,2025-08-02,2025-08-08,2025-08-08,Delivered,5.0,No,No
ORD103226,CUST12006,2025-09-14,Bengaluru,Bengaluru,Kochi,275.7,Beauty,3,3.46,Road,Shadowfax,1203.0,276.27,8.16,2025-09-16,2025-09-21,2025-09-21,Delivered,4.0,No,No
ORD103421,CUST10856,2025-01-07,Bengaluru,Bengaluru,Chennai,307.7,Clothing,3,9.42,Rail,Ecom Express,1124.62,195.47,10.15,2025-01-10,2025-01-18,2025-01-18,Delivered,5.0,No,No
ORD102180,CUST11852,2025-09-17,Hyderabad,Hyderabad,Pune,389.7,Electronics,4,1.47,Air,Shadowfax,3679.43,272.17,9.87,2025-09-20,2025-09-23,2025-09-23,Delivered,4.0,No,No
ORD103067,CUST10772,2025-12-11,Bengaluru,Bengaluru,Hyderabad,578.3,Beauty,4,4.51,Road,Blue Dart,2577.42,682.61,7.23,2025-12-13,2025-12-19,2025-12-21,Delayed,4.0,No,No
ORD103048,CUST10331,2025-08-01,Bengaluru,Bengaluru,Indore,753.0,Home & Kitchen,7,4.63,Road,Shadowfax,3417.9,843.53,8.53,2025-08-04,2025-08-09,2025-08-09,Delivered,5.0,No,No
ORD101135,CUST12799,2025-07-12,Chennai,Chennai,Ahmedabad,233.4,Electronics,1,8.98,Road,Blue Dart,1114.5,322.02,4.45,2025-07-14,2025-07-19,2025-07-19,Delivered,4.0,No,No
ORD104905,CUST10362,2025-11-17,Delhi,Delhi,Surat,121.5,Automotive,5,1.28,Road,Delhivery,622.14,112.96,7.01,2025-11-19,2025-11-24,2025-11-24,Delivered,4.0,No,No
ORD101126,CUST10757,2025-07-21,Pune,Pune,Nagpur,520.6,Clothing,2,3.66,Road,Ecom Express,2248.53,458.94,6.55,2025-07-24,2025-07-29,2025-07-30,Delayed,3.0,No,No
ORD103463,CUST12111,2025-06-10,Hyderabad,Hyderabad,Indore,378.4,Books,6,0.52,Air,Shadowfax,3454.68,405.28,11.17,2025-06-13,2025-06-16,2025-06-16,Delivered,4.0,No,No
ORD104912,CUST11646,2025-08-14,Hyderabad,Hyderabad,,658.3,Automotive,1,4.12,Road,Ecom Express,2695.76,639.96,4.08,2025-08-16,2025-08-21,2025-08-21,Delivered,5.0,No,No
ORD101437,CUST11380,2025-08-07,Pune,Pune,Chennai,602.9,Home & Kitchen,1,5.23,Express,shadowfax,4428.87,449.3,8.87,2025-08-10,2025-08-15,2025-08-15,Delivered,5.0,No,No
ORD104740,CUST10020,2025-08-21,Mumbai,Mumbai,Jaipur,122.3,Sports,4,8.02,Air,Shadowfax,1355.17,79.25,10.57,2025-08-23,2025-08-25,2025-08-25,Delivered,4.0,No,No
ORD102312,CUST10342,2025-07-16,Pune,Pune,Nagpur,108.7,Beauty,7,6.64,Road,Ecom Express,657.02,141.55,8.58,2025-07-18,2025-07-23,2025-07-23,Delivered,4.0,No,No
ORD104448,CUST10089,2025-06-18,Bengaluru,Bengaluru,Pune,448.0,Electronics,1,11.12,Rail,XpressBees,1587.37,429.62,6.26,2025-06-21,2025-06-26,2025-06-26,Delivered,4.0,No,No
ORD100946,CUST11999,2025-10-06,Hyderabad,Hyderabad,Bengaluru,403.7,Books,3,3.62,Air,Shadowfax,3763.37,493.72,6.93,2025-10-09,2025-10-12,2025-10-18,Delayed,4.0,Yes,Yes
ORD100467,CUST12561,2025-03-04,Bengaluru,Bengaluru,Chennai,344.6,Electronics,7,5.9,road,DTDC,1665.55,201.43,9.0,2025-03-06,2025-03-11,2025-03-11,Delivered,4.0,No,No
ORD103801,CUST11049,2025-09-02,Pune,Pune,Visakhapatnam,193.9,Electronics,3,4.31,Road,XpressBees,873.01,171.96,11.84,2025-09-05,2025-09-10,2025-09-11,Delayed,3.0,No,Yes
ORD102725,CUST11385,2025-08-15,Mumbai,Mumbai,Chennai,621.3,Sports,6,1.7,Rail,DTDC,2172.21,475.96,9.68,2025-08-17,2025-08-24,2025-08-24,Delivered,4.0,No,No
ORD103830,CUST10985,2025-12-04,hyderabad,Hyderabad,Pune,435.4,Home & Kitchen,3,5.67,Rail,Blue Dart,1513.96,401.26,4.95,2025-12-06,2025-12-14,2025-12-14,Delivered,4.0,No,No
ORD100983,CUST12786,2025-12-18,Pune,Pune,Bengaluru,197.8,Beauty,3,5.79,Road,Delhivery,992.87,146.71,8.9,2025-12-21,2025-12-27,2025-12-29,Delayed,4.0,No,No
ORD101411,CUST10650,2025-07-11,Hyderabad,Hyderabad,Vijayawada,540.0,Grocery,1,7.2,Road,XpressBees,2376.93,428.55,8.11,2025-07-13,2025-07-18,2025-07-18,Delivered,4.0,No,No
ORD101909,CUST12723,2025-08-09,Mumbai,Mumbai,Kochi,546.4,Beauty,1,4.52,Air,DTDC,4979.1,534.75,10.16,2025-08-11,2025-08-14,2025-08-18,Delayed,5.0,No,No
ORD100574,CUST12222,2025-02-03,Hyderabad,Hyderabad,Kolkata,261.2,Grocery,3,11.33,Rail,DTDC,1103.6,313.5,12.68,2025-02-05,2025-02-11,2025-02-17,Delayed,3.0,No,No
ORD100839,CUST10420,2025-10-27,Hyderabad,Hyderabad,Coimbatore,122.4,Beauty,1,4.01,Road,Delhivery,590.01,23.32,9.85,2025-10-30,2025-11-03,2025-11-03,Delivered,5.0,Yes,No
ORD100622,CUST10499,2025-12-25,Hyderabad,Hyderabad,Vijayawada,363.4,Electronics,2,4.72,Air,Blue Dart,3293.05,320.81,5.15,2025-12-27,2025-12-29,2025-12-29,Delivered,4.0,No,No
ORD101427,CUST11058,2025-02-15,Mumbai,Mumbai,Bengaluru,365.5,Home & Kitchen,3,9.38,Rail,Ecom Express,1424.84,348.08,11.84,2025-02-19,2025-02-23,2025-02-26,Delayed,3.0,No,No
ORD104872,CUST10272,2025-01-04,Pune,Pune,Bhopal,484.1,Beauty,7,5.77,Road,Ecom Express,2319.09,516.49,4.36,2025-01-06,2025-01-11,2025-01-17,Delayed,3.0,No,No
ORD103614,CUST10267,2025-07-27,Bengaluru,Bengaluru,Nagpur,478.7,Clothing,4,4.96,Road,dtdc,2154.18,283.63,10.83,2025-07-29,2025-08-04,2025-08-04,Delivered,5.0,No,No
ORD104715,CUST12051,2025-10-25,Hyderabad,Hyderabad,Vijayawada,294.6,Electronics,2,5.6,Road,Ecom Express,1400.73,207.58,8.07,2025-10-27,2025-10-31,2025-10-31,Delivered,4.0,No,No
ORD103004,CUST12073,2025-01-28,Chennai,Chennai,Indore,394.0,Automotive,5,4.17,Rail,Blue Dart,1374.29,389.07,5.29,2025-01-30,2025-02-06,2025-02-06,Delivered,4.0,No,No
ORD104194,CUST10610,2025-07-06,Bengaluru,Bengaluru,Lucknow,226.3,home & kitchen,2,1.38,Road,Ecom Express,887.8,202.21,8.73,2025-07-09,2025-07-14,2025-07-14,Delivered,4.0,No,No
ORD104271,CUST10526,2025-07-27,Delhi,Delhi,Lucknow,241.6,Home & Kitchen,3,13.48,Road,Blue Dart,1126.59,194.98,,2025-07-30,2025-08-04,2025-08-04,Delivered,4.0,No,No
ORD102919,CUST10912,2025-09-28,Hyderabad,Hyderabad,Visakhapatnam,763.8,Clothing,6,2.64,Road,Delhivery,3261.92,637.16,4.45,2025-09-30,2025-10-07,2025-10-07,Delivered,3.0,No,No
ORD104582,CUST12294,2025-06-18,Mumbai,Mumbai,Bengaluru,238.5,Clothing,1,4.88,Air,Delhivery,2238.96,300.93,10.65,2025-06-20,2025-06-22,2025-06-22,Delivered,4.0,No,No
ORD100558,CUST12774,2025-08-11,Bengaluru,Bengaluru,Mumbai,530.1,Books,6,8.95,Express,Blue Dart,4052.44,489.5,12.29,2025-08-13,2025-08-16,2025-08-16,Delivered,4.0,No,No
ORD103395,CUST10658,2025-08-24,Hyderabad,Hyderabad,Indore,408.7,Automotive,3,4.41,Road,XpressBees,1581.65,371.32,7.79,2025-08-25,2025-08-30,2025-08-30,Delivered,4.0,No,No
ORD104347,CUST11179,2025-10-25,Delhi,Delhi,Jaipur,311.0,Electronics,5,0.61,Road,Delhivery,1453.08,211.91,8.06,2025-10-27,2025-11-01,2025-11-01,Delivered,5.0,No,No
ORD100282,CUST12479,2025-06-23,Chennai,Chennai,Hyderabad,562.0,Home & Kitchen,5,7.8,Express,Ecom Express,4194.52,616.31,7.06,2025-06-25,2025-06-29,2025-06-30,Delayed,3.0,No,No
ORD101412,CUST11384,2025-11-09,Delhi,Delhi,Pune,588.6,Clothing,1,5.42,Air,DTDC,5366.74,544.66,7.51,2025-11-10,2025-11-14,2025-11-14,Delivered,4.0,No,No
ORD100875,CUST10356,2025-04-28,Mumbai,Mumbai,Lucknow,1063.0,Beauty,5,3.8,Rail,Delhivery,3536.7,798.98,10.52,2025-05-01,2025-05-09,2025-05-09,Delivered,4.0,No,No
ORD104679,CUST11601,2025-04-01,Bengaluru,Bengaluru,Visakhapatnam,729.7,Automotive,3,0.67,Road,Blue Dart,3179.03,856.05,8.65,2025-04-03,2025-04-10,2025-04-10,Delivered,4.0,No,No
ORD101975,CUST10586,2025-09-27,Hyderabad,Hyderabad,Nagpur,312.3,Beauty,1,0.58,Road,XpressBees,1203.09,219.79,7.98,2025-09-30,2025-10-06,2025-10-11,Delayed,3.0,No,No
ORD100480,CUST11750,2025-01-14,Hyderabad,Hyderabad,Pune,65.0,Home & Kitchen,4,6.38,Road,Delhivery,389.56,20.0,8.81,2025-01-16,2025-01-21,2025-01-21,Delivered,3.0,No,No
ORD102257,CUST11263,2025-02-21,Delhi,Delhi,Jaipur,389.7,Books,6,0.37,Road,Shadowfax,1702.92,434.27,7.8,2025-02-23,2025-03-01,2025-03-01,Delivered,5.0,No,No
ORD101467,CUST10023,2025-11-18,Mumbai,Mumbai,Delhi,512.1,Electronics,5,7.44,Rail,XpressBees,1766.24,489.12,9.02,2025-11-20,2025-11-25,2025-11-27,Delayed,3.0,No,No
ORD100414,CUST11103,2025-11-22,Mumbai,Mumbai,Bhopal,273.2,Electronics,5,8.1,Road,Blue Dart,1387.01,221.25,10.17,2025-11-25,2025-12-01,2025-12-05,Delayed,3.0,No,No
ORD100246,CUST10798,2025-10-17,Hyderabad,Hyderabad,Mumbai,741.8,Automotive,4,4.67,Air,XpressBees,6842.25,562.76,6.02,2025-10-20,2025-10-24,2025-10-28,Delayed,4.0,No,No
ORD102417,CUST11744,2025-10-24,Bengaluru,Bengaluru,Bhopal,490.7,Sports,7,2.53,Road,DTDC,2176.47,337.91,9.33,2025-10-27,2025-11-02,2025-11-02,Delivered,5.0,No,No
ORD103605,CUST12364,2025-09-16,Chennai,Chennai,Nagpur,933.0,Electronics,2,2.79,Road,Ecom Express,3971.34,1059.34,3.73,2025-09-17,2025-09-24,2025-09-24,Delivered,5.0,No,No
ORD102635,CUST11489,2025-08-07,Hyderabad,Hyderabad,Lucknow,291.3,Books,3,9.64,Road,Ecom Express,1432.32,368.12,8.91,2025-08-10,2025-08-16,2025-08-16,Delivered,5.0,No,No
ORD102435,CUST10048,2025-02-27,Bengaluru,Bengaluru,Chennai,208.1,Home & Kitchen,1,3.59,Road,Ecom Express,953.14,211.79,12.14,2025-03-02,2025-03-07,2025-03-07,Delivered,5.0,No,No
ORD104353,CUST10232,2025-07-24,Chennai,Chennai,Lucknow,210.3,Books,5,2.82,Air,XpressBees,1994.66,149.68,8.38,2025-07-27,2025-07-29,2025-08-01,Delayed,4.0,No,No
ORD104284,CUST11776,2025-01-19,Chennai,Chennai,Hyderabad,67.5,Clothing,1,7.27,Road,Shadowfax,469.02,96.55,5.6,2025-01-21,2025-01-26,2025-01-26,Delivered,5.0,No,No
ORD100162,CUST12409,2025-12-25,Bengaluru,Bengaluru,Nagpur,482.4,Books,3,6.37,Road,Shadowfax,2117.48,409.08,4.67,2025-12-27,2025-12-31,2026-01-06,Delayed,4.0,No,No
ORD104357,CUST12142,2025-12-12,Mumbai,Mumbai,Nagpur,303.8,Beauty,6,7.38,Rail,Blue Dart,1143.53,192.4,10.78,2025-12-15,2025-12-21,2025-12-22,Delayed,3.0,No,No
ORD104451,CUST12464,2025-10-05,Pune,Pune,Bengaluru,232.1,Clothing,2,12.42,Road,Delhivery,1170.2,196.64,6.02,2025-10-06,2025-10-10,2025-10-10,Delivered,4.0,No,No
ORD103481,CUST10581,2025-09-20,Chennai,Chennai,Lucknow,356.8,Automotive,3,4.85,Road,Delhivery,1545.53,372.17,6.12,2025-09-22,2025-09-26,2025-10-02,Delayed,3.0,No,No
ORD103369,CUST12142,2025-11-12,Mumbai,Mumbai,,683.9,Clothing,4,3.49,Express,Delhivery,4862.67,778.03,9.06,2025-11-14,2025-11-19,2025-11-19,Delivered,4.0,No,No
ORD102941,CUST12270,2025-11-17,Bengaluru,Bengaluru,Jaipur,127.2,Electronics,2,4.55,Road,Blue Dart,728.53,85.87,9.06,2025-11-19,2025-11-23,2025-11-25,Delayed,3.0,No,No
ORD104911,CUST11130,2025-08-19,Hyderabad,Hyderabad,Kochi,526.7,Beauty,3,6.49,Express,Ecom Express,3812.81,537.32,4.31,2025-08-21,2025-08-24,2025-08-24,Delivered,4.0,No,No
ORD100040,CUST11656,2025-08-08,Hyderabad,Hyderabad,Ahmedabad,259.7,Home & Kitchen,5,0.56,Road,Blue Dart,1186.96,255.28,6.09,2025-08-10,2025-08-17,2025-08-17,Delivered,5.0,No,No
ORD101788,CUST11878,2025-01-21,Mumbai,Mumbai,Jaipur,707.8,Home & Kitchen,2,5.26,Road,Delhivery,3061.89,619.66,12.73,2025-01-23,2025-01-28,2025-01-28,Delivered,4.0,No,No
ORD100314,CUST12543,2025-05-17,Hyderabad,Hyderabad,Bengaluru,227.8,Electronics,7,10.24,Express,Delhivery,1823.66,231.7,10.28,2025-05-20,2025-05-24,2025-05-24,Delivered,4.0,No,No
ORD100189,CUST10280,2025-12-14,Hyderabad,Hyderabad,Pune,794.3,Electronics,6,20.51,Rail,Delhivery,,882.26,6.97,2025-12-16,2025-12-23,2025-12-25,Delayed,4.0,No,No
ORD100633,CUST11035,2025-08-20,Mumbai,Mumbai,Lucknow,102.3,Clothing,1,4.56,Road,Shadowfax,584.19,101.43,9.58,2025-08-22,2025-08-28,2025-08-28,Delivered,4.0,Yes,No
ORD100716,CUST12435,2025-03-18,Pune,Pune,Delhi,324.5,Sports,7,3.29,Express,Shadowfax,2350.65,292.08,10.2,2025-03-20,2025-03-24,2025-03-24,Delivered,4.0,No,No
ORD103213,CUST11673,2025-06-05,Chennai,Chennai,Lucknow,199.1,Grocery,1,3.07,Air,Delhivery,1901.39,156.32,5.49,2025-06-07,2025-06-09,2025-06-09,Delivered,5.0,No,No
ORD103239,CUST12278,2025-07-28,Hyderabad,Hyderabad,Bhopal,192.7,Home & Kitchen,3,3.93,Air,Blue Dart,1772.37,235.17,5.17,2025-07-30,2025-07-31,2025-07-31,Delivered,5.0,No,No
ORD102317,CUST10754,2025-03-17,Bengaluru,Bengaluru,Delhi,99.5,Grocery,5,7.95,Air,Blue Dart,1144.24,71.57,10.82,2025-03-19,2025-03-22,2025-03-22,Delivered,4.0,No,No
ORD101840,CUST11550,2025-08-16,Mumbai,Mumbai,Kochi,253.2,Electronics,1,16.73,Air,Delhivery,2563.32,143.76,6.73,2025-08-19,2025-08-23,2025-08-23,Delivered,4.0,No,No
ORD100835,CUST11712,2025-10-15,Pune,Pune,Indore,245.0,Electronics,3,2.49,Rail,Shadowfax,780.72,176.26,13.91,2025-10-18,2025-10-25,2025-10-25,Delivered,4.0,No,No
ORD102200,CUST11240,2025-06-18,Mumbai,Mumbai,Indore,1080.8,Beauty,5,15.07,Air,Ecom Express,10008.55,699.38,8.37,2025-06-20,2025-06-24,2025-06-24,Delivered,5.0,No,No
ORD103257,CUST12262,2025-12-07,Hyderabad,Hyderabad,Indore,123.2,Sports,6,6.59,Express,Ecom Express,919.19,109.85,7.07,2025-12-09,2025-12-13,2025-12-14,Delayed,4.0,No,Yes
ORD100350,CUST12349,2025-05-25,Chennai,Chennai,Nagpur,384.2,Grocery,5,2.84,Road,Shadowfax,1908.23,194.76,7.3,2025-05-27,2025-06-03,2025-06-03,Delivered,4.0,No,No
ORD102852,CUST11312,2025-01-29,Bengaluru,Bengaluru,Lucknow,541.7,Sports,6,5.18,Road,Shadowfax,2426.88,560.04,7.77,2025-02-01,2025-02-08,2025-02-08,Delivered,3.0,No,No
ORD103425,CUST10178,2025-12-01,Chennai,Chennai,Mumbai,419.3,Books,4,4.41,Road,Ecom Express,1777.36,453.78,7.49,2025-12-03,2025-12-09,2025-12-09,Delivered,3.0,No,No
ORD101203,CUST10483,2025-01-26,Mumbai,Mumbai,Bengaluru,369.1,Books,4,2.68,Road,Delhivery,1547.01,317.38,12.29,2025-01-29,2025-02-04,2025-02-04,Delivered,5.0,No,No
ORD103857,CUST11204,2025-12-24,Hyderabad,Hyderabad,Lucknow,232.4,Books,7,1.83,Rail,Delhivery,724.06,188.77,8.84,2025-12-26,2026-01-01,2026-01-01,Delivered,5.0,No,No
ORD103362,CUST11274,2025-12-11,Delhi,Delhi,Kolkata,242.7,Books,4,7.05,Rail,Ecom Express,920.5,262.88,8.56,2025-12-13,2025-12-19,2025-12-24,Delayed,3.0,Yes,No
ORD103253,CUST12095,2025-10-27,Hyderabad,Hyderabad,Chennai,115.8,Books,5,9.18,Road,Ecom Express,779.24,98.94,7.95,2025-10-29,2025-11-02,2025-11-05,Delayed,4.0,No,No
ORD101340,CUST10964,2025-11-06,Pune,Pune,Chennai,411.5,Beauty,4,7.87,Road,Delhivery,1895.55,467.62,8.59,2025-11-09,2025-11-15,2025-11-15,Delivered,4.0,No,Yes
ORD104030,CUST11603,2025-07-04,Hyderabad,Hyderabad,Bengaluru,300.1,Electronics,6,2.59,Road,Delhivery,1523.68,267.37,4.42,2025-07-06,2025-07-11,2025-07-14,Delayed,4.0,No,Yes
ORD101417,CUST10873,2025-05-07,Pune,Pune,Bhopal,87.2,Sports,1,4.64,Rail,Shadowfax,356.48,97.36,12.84,2025-05-09,2025-05-15,2025-05-15,Delivered,5.0,No,No
ORD100132,CUST12266,2025-10-25,Mumbai,Mumbai,Jaipur,1057.1,Clothing,7,1.49,Road,DTDC,4637.84,844.37,8.3,2025-10-27,2025-11-03,2025-11-07,Delayed,4.0,No,No
ORD102840,CUST11115,2025-12-26,Bengaluru,Bengaluru,Ahmedabad,278.6,Automotive,3,1.29,Road,Blue Dart,1262.53,307.35,3.53,2025-12-28,2026-01-03,2026-01-03,Delivered,4.0,No,No
ORD100251,CUST10705,2025-09-16,Mumbai,Mumbai,Kolkata,835.6,Home & Kitchen,5,23.83,Rail,XpressBees,3127.75,587.04,13.52,2025-09-20,2025-09-27,2025-09-27,Delivered,4.0,No,No
ORD102028,CUST11087,2025-04-28,Pune,Pune,Ahmedabad,215.6,Electronics,2,3.88,Road,DTDC,1140.65,258.71,8.29,2025-04-29,2025-05-04,2025-05-07,Delayed,,No,No
ORD101681,CUST11305,2025-02-06,Pune,Pune,Bengaluru,191.8,Clothing,7,5.75,Rail,Delhivery,687.4,254.71,6.97,2025-02-08,2025-02-13,2025-02-14,Delayed,3.0,No,No
ORD101292,CUST10175,2025-05-07,Hyderabad,Hyderabad,Bengaluru,288.5,Books,2,7.75,Air,XpressBees,2711.83,298.73,11.11,2025-05-10,2025-05-12,2025-05-12,Delivered,5.0,No,No
ORD101724,CUST11872,2025-10-08,Chennai,Chennai,Coimbatore,162.3,Electronics,7,9.7,Road,Ecom Express,896.24,137.13,7.31,2025-10-10,2025-10-15,2025-10-15,Delivered,5.0,No,No
ORD102612,CUST10671,2025-08-31,Mumbai,Mumbai,Ahmedabad,599.5,Electronics,1,4.0,Express,Delhivery,4293.59,473.09,8.56,2025-09-01,2025-09-04,2025-09-10,Delayed,4.0,No,No
ORD103384,CUST11663,2025-04-24,Delhi,Delhi,Kochi,190.7,Books,7,5.59,Road,Shadowfax,890.86,230.18,9.55,2025-04-26,2025-05-01,2025-05-06,Delayed,4.0,No,No
ORD104241,CUST11160,2025-04-14,Delhi,Delhi,Pune,66.0,Books,6,9.33,Road,Blue Dart,508.12,20.0,8.23,2025-04-15,2025-04-20,2025-04-20,Delivered,5.0,No,No
ORD101097,CUST12046,2025-04-23,Delhi,Delhi,Pune,122.7,Electronics,1,6.27,Express,Shadowfax,986.39,67.22,10.68,2025-04-25,2025-04-29,2025-04-29,Delivered,4.0,No,No
ORD102708,CUST12480,2025-10-08,Pune,Pune,Coimbatore,560.4,Sports,7,2.35,Air,DTDC,5175.15,521.66,7.67,2025-10-10,2025-10-14,2025-10-14,Delivered,5.0,No,No
ORD100184,CUST10306,2025-07-17,Hyderabad,Hyderabad,Surat,41.9,Clothing,4,0.68,Road,Blue Dart,183.09,20.0,6.15,2025-07-19,2025-07-24,2025-07-24,Delivered,4.0,No,No
ORD100642,CUST12650,2025-10-20,Hyderabad,Hyderabad,Ahmedabad,364.9,Sports,1,7.61,Air,XpressBees,3264.72,308.74,6.25,2025-10-22,2025-10-24,2025-10-24,Delivered,5.0,No,No
ORD104931,CUST10820,2025-11-14,Pune,Pune,Indore,356.9,Clothing,2,4.76,Road,Ecom Express,1649.23,371.45,11.52,2025-11-17,2025-11-22,2025-11-25,Delayed,4.0,No,No
ORD100084,CUST12031,2025-11-26,Delhi,Delhi,Nagpur,269.7,Electronics,2,3.62,Road,Shadowfax,1322.9,267.26,5.95,2025-11-27,2025-12-02,2025-12-02,Delivered,4.0,No,No
ORD104698,CUST10678,2025-07-07,Delhi,Delhi,Mumbai,113.1,Grocery,7,2.98,Air,XpressBees,1133.29,119.74,10.56,2025-07-09,2025-07-11,2025-07-11,Delivered,4.0,No,No
ORD103998,CUST10238,2025-10-28,Chennai,Chennai,Hyderabad,341.0,Electronics,2,11.89,Road,Ecom Express,1729.98,240.16,5.19,2025-10-30,2025-11-04,2025-11-04,Delivered,5.0,No,No
ORD101033,CUST10137,2025-06-14,Mumbai,Mumbai,Chennai,302.4,Grocery,1,6.86,Road,Shadowfax,1327.64,249.57,11.06,2025-06-16,2025-06-21,2025-06-27,Delayed,4.0,No,No
ORD103856,CUST11316,2025-11-29,Chennai,Chennai,Pune,573.7,Books,5,14.9,Express,DTDC,4375.03,581.05,6.06,2025-12-01,2025-12-03,2025-12-03,Delivered,5.0,No,No
ORD102093,CUST12766,2025-07-19,Delhi,Delhi,Bengaluru,366.9,Sports,3,4.48,Road,Shadowfax,1550.55,363.31,10.75,2025-07-21,2025-07-24,2025-07-24,Delivered,5.0,No,No
ORD104769,CUST11011,2025-07-23,Pune,Pune,Coimbatore,651.5,Beauty,7,12.96,Road,Ecom Express,3041.36,554.56,11.98,2025-07-27,2025-08-02,2025-08-02,Delivered,4.0,No,No
ORD104282,CUST10852,2025-02-04,Mumbai,Mumbai,Nagpur,477.4,Home & Kitchen,5,3.02,Road,DTDC,2097.67,526.33,8.55,2025-02-06,2025-02-10,2025-02-11,Delayed,3.0,No,No
ORD102491,CUST12496,2025-07-18,Delhi,Delhi,Kochi,1123.8,Electronics,2,1.3,Rail,Delhivery,,893.94,12.91,2025-07-22,2025-07-30,2025-07-31,Delayed,4.0,No,No
ORD103800,CUST12019,2025-05-21,Bengaluru,Bengaluru,Lucknow,199.8,Electronics,2,16.62,Road,DTDC,1238.87,122.5,5.36,2025-05-23,2025-05-29,2025-05-29,Delivered,4.0,No,No
ORD102004,CUST11467,2025-03-24,Bengaluru,Bengaluru,Jaipur,923.6,Automotive,5,2.99,Road,DTDC,4115.26,921.26,13.38,2025-03-27,2025-04-01,2025-04-01,Delivered,4.0,No,No
ORD103631,CUST11403,2025-02-13,Delhi,Delhi,Kochi,662.7,Grocery,7,5.56,Road,DTDC,2952.1,802.87,7.11,2025-02-16,2025-02-22,2025-02-22,Delivered,4.0,No,No
ORD104861,CUST11656,2025-11-23,Chennai,Chennai,Lucknow,803.7,Electronics,4,11.65,Rail,Blue Dart,2917.84,683.12,11.51,2025-11-26,2025-12-03,2025-12-07,Delayed,3.0,No,No
ORD103039,CUST11489,2025-10-19,Pune,Pune,Indore,424.2,Clothing,3,2.73,Road,Delhivery,1705.21,385.53,7.45,2025-10-21,2025-10-28,2025-10-30,Delayed,4.0,No,No
ORD102396,CUST11869,2025-04-12,Mumbai,Mumbai,Pune,173.2,Electronics,3,3.35,Road,XpressBees,771.76,159.0,9.5,2025-04-13,2025-04-18,2025-04-18,Delivered,4.0,No,No
ORD103526,CUST12389,2025-08-07,Delhi,Delhi,Ahmedabad,307.7,Books,3,0.85,Rail,Blue Dart,1103.72,229.24,11.76,2025-08-10,2025-08-16,2025-08-16,Delivered,4.0,No,No
ORD104242,CUST11304,2025-05-13,Delhi,Delhi,Mumbai,355.4,Beauty,3,6.77,Road,Ecom Express,1580.12,312.06,7.37,2025-05-15,2025-05-21,2025-05-21,Delivered,5.0,No,No
ORD104225,CUST10785,2025-08-12,Pune,Pune,Vijayawada,658.5,Books,5,2.98,Air,Ecom Express,5991.82,473.91,7.4,2025-08-14,2025-08-17,2025-08-17,Delivered,5.0,No,No
ORD104419,CUST10413,2025-08-30,Bengaluru,Bengaluru,Vijayawada,287.5,Home & Kitchen,1,9.82,Rail,XpressBees,958.32,216.42,10.74,2025-09-02,2025-09-09,2025-09-09,Delivered,4.0,No,No
ORD104877,CUST12129,2025-12-13,Chennai,Chennai,Lucknow,534.5,Beauty,5,6.24,Air,Ecom Express,5129.89,,6.93,2025-12-15,2025-12-19,2025-12-19,Delivered,4.0,No,No
ORD103536,CUST10487,2025-08-25,Chennai,Chennai,Bhopal,38.4,Electronics,4,8.11,Road,Delhivery,357.13,20.0,8.28,2025-08-28,2025-09-01,2025-09-01,Delivered,3.0,No,No
ORD103954,CUST12360,2025-01-26,Pune,Pune,Kolkata,264.7,Sports,3,8.6,Road,Ecom Express,1344.86,250.7,9.54,2025-01-28,2025-02-01,2025-02-01,Delivered,5.0,No,No
ORD102076,CUST12183,2025-02-12,Hyderabad,Hyderabad,,351.3,Clothing,3,7.79,Express,DTDC,2488.38,293.87,8.87,2025-02-14,2025-02-17,2025-02-17,Delivered,4.0,No,No
ORD100154,CUST10960,2025-08-16,Hyderabad,Hyderabad,Kolkata,301.6,Clothing,2,7.05,Road,Ecom Express,1416.64,200.3,5.41,2025-08-19,2025-08-24,2025-08-24,Delivered,4.0,No,No
ORD100867,CUST10776,2025-04-25,Hyderabad,Hyderabad,Chennai,438.2,Clothing,5,2.26,Road,Ecom Express,1946.03,430.71,8.74,2025-04-27,2025-05-02,2025-05-02,Delivered,4.0,No,No
ORD104370,CUST10557,2025-09-24,Chennai,Chennai,Delhi,341.0,Automotive,2,1.95,Rail,Shadowfax,1038.85,283.52,5.82,2025-09-25,2025-10-01,2025-10-01,Delivered,4.0,No,No
ORD103624,CUST10433,2025-06-05,Pune,Pune,Indore,283.1,Electronics,5,3.53,Road,Delhivery,1231.06,254.09,9.61,2025-06-07,2025-06-13,2025-06-13,Delivered,5.0,No,No
ORD100758,CUST10004,2025-07-22,Bengaluru,Bengaluru,Pune,242.4,Grocery,4,2.47,Road,Blue Dart,1153.42,226.14,,2025-07-24,2025-07-29,2025-07-29,Delivered,5.0,No,No
ORD100626,CUST10409,2025-05-13,Mumbai,Mumbai,Kolkata,863.9,Electronics,2,4.63,Air,Blue Dart,7755.75,1040.41,6.85,2025-05-15,2025-05-18,2025-05-18,Delivered,4.0,No,No
ORD100657,CUST12178,2025-01-01,Delhi,Delhi,Bengaluru,495.3,Clothing,3,1.27,Rail,Ecom Express,1656.24,522.83,7.48,2025-01-02,2025-01-08,2025-01-08,Delivered,5.0,No,No
ORD101196,CUST10246,2025-12-23,Chennai,Chennai,Mumbai,146.0,Sports,6,5.27,Express,Ecom Express,1101.53,152.94,6.9,2025-12-26,2025-12-29,2025-12-29,Delivered,4.0,No,No
ORD101371,CUST10181,2025-12-25,Delhi,Delhi,Coimbatore,133.6,Automotive,4,2.7,Road,DTDC,690.35,154.44,11.19,2025-12-28,2025-12-31,2025-12-31,Delivered,4.0,No,No
ORD103677,CUST12003,2025-11-23,Mumbai,Mumbai,Indore,767.8,Books,5,1.92,Road,Blue Dart,3356.6,772.28,8.34,2025-11-25,2025-11-30,2025-12-02,Delayed,3.0,No,No
ORD100861,CUST11421,2025-04-18,Chennai,Chennai,Bengaluru,251.7,Electronics,4,9.58,Rail,Shadowfax,888.96,220.81,9.14,2025-04-20,2025-04-26,2025-04-29,Delayed,2.0,No,No
ORD104701,CUST10558,2025-01-08,Chennai,Chennai,Vijayawada,307.2,Sports,5,2.92,Rail,XpressBees,928.85,233.41,5.36,2025-01-10,2025-01-16,2025-01-17,Delayed,3.0,No,No
ORD103024,CUST12357,2025-07-10,Mumbai,Mumbai,Ahmedabad,704.6,Automotive,4,10.9,Rail,Ecom Express,2556.21,537.01,8.4,2025-07-12,2025-07-18,2025-07-20,Delayed,3.0,No,No
ORD104490,CUST10358,2025-06-27,Bengaluru,Bengaluru,Coimbatore,504.1,Home & Kitchen,5,9.02,Rail,Ecom Express,1806.91,554.51,7.22,2025-06-29,2025-07-04,2025-07-04,Delivered,5.0,No,No
ORD104935,CUST10132,2025-11-21,Chennai,Chennai,Nagpur,438.9,Electronics,4,5.62,Road,XpressBees,2002.02,232.24,7.15,2025-11-23,2025-11-27,2025-11-27,Delivered,5.0,No,No
ORD101090,CUST10561,2025-03-15,Chennai,Chennai,Indore,406.2,Beauty,4,9.92,Road,Delhivery,1913.55,336.5,9.84,2025-03-17,2025-03-22,2025-03-22,Delivered,4.0,Yes,No
ORD103908,CUST11029,2025-05-14,Pune,Pune,Coimbatore,564.8,Beauty,2,11.3,Air,Shadowfax,5196.36,593.79,7.06,2025-05-16,2025-05-20,2025-05-20,Delivered,4.0,No,No
ORD104526,CUST10579,2025-11-27,Bengaluru,Bengaluru,Lucknow,134.5,Grocery,3,2.56,Road,Blue Dart,-100.0,,8.16,2025-11-29,2025-12-03,2025-12-03,Delivered,4.0,No,No
ORD102474,CUST10681,2025-09-07,Pune,Pune,Bengaluru,425.3,Electronics,3,8.32,Rail,Blue Dart,1556.19,425.98,10.33,2025-09-10,2025-09-17,2025-09-17,Delivered,5.0,No,No
ORD104212,CUST12799,2025-11-19,Bengaluru,Bengaluru,Ahmedabad,173.8,Sports,1,1.13,Road,Ecom Express,694.28,181.74,11.6,2025-11-22,2025-11-27,2025-11-27,Delivered,5.0,No,No
ORD102124,CUST12754,2025-03-19,Delhi,Delhi,Kolkata,473.9,Automotive,4,0.91,Express,Blue Dart,3365.95,474.58,11.69,2025-03-22,2025-03-26,2025-03-26,Delivered,4.0,No,No
ORD103915,CUST12739,2025-04-27,Pune,Pune,Surat,503.8,Grocery,2,3.84,Rail,Delhivery,1627.26,475.32,7.35,2025-04-29,2025-05-06,2025-05-11,Delayed,3.0,No,No
ORD101742,CUST11654,2025-12-13,Hyderabad,Hyderabad,Vijayawada,112.4,Sports,1,13.6,Air,Ecom Express,1313.08,139.09,5.24,2025-12-15,2025-12-18,2025-12-22,Delayed,4.0,No,No
ORD103765,CUST11319,2025-05-16,Hyderabad,Hyderabad,Visakhapatnam,417.4,Books,6,3.29,Express,XpressBees,3084.73,284.83,10.58,2025-05-18,2025-05-20,2025-05-20,Delivered,5.0,No,No
ORD101476,CUST10131,2025-07-03,Hyderabad,Hyderabad,Lucknow,582.3,Books,6,2.95,Road,Blue Dart,2653.86,569.05,8.73,2025-07-05,2025-07-10,2025-07-10,Delivered,4.0,No,No
ORD104015,CUST10869,2025-07-10,Chennai,Chennai,Mumbai,157.0,Clothing,2,5.59,Air,XpressBees,1463.91,160.89,7.12,2025-07-12,2025-07-14,2025-07-17,Delayed,3.0,No,No
ORD100823,CUST12322,2025-03-09,Mumbai,Mumbai,Coimbatore,347.8,Beauty,4,1.02,Rail,Blue Dart,1122.63,333.54,10.19,2025-03-11,2025-03-16,2025-03-18,Delayed,3.0,No,No
ORD102419,CUST10084,2025-02-22,Delhi,Delhi,Kochi,495.8,Electronics,5,0.58,Road,DTDC,2120.05,528.19,9.11,2025-02-24,2025-03-02,2025-03-02,Delivered,4.0,No,No
ORD100847,CUST10628,2025-10-14,Mumbai,Mumbai,Ahmedabad,215.9,Books,7,3.53,Air,Delhivery,2112.65,251.54,11.8,2025-10-16,2025-10-19,2025-10-19,Delivered,5.0,No,No
ORD102970,CUST12460,2025-07-16,Hyderabad,Hyderabad,Kolkata,513.5,Clothing,3,3.08,Air,Ecom Express,4783.96,500.51,8.74,2025-07-18,2025-07-20,2025-07-20,Delivered,5.0,No,No
ORD104681,CUST10903,2025-05-01,Bengaluru,Bengaluru,Surat,661.9,Automotive,6,17.32,Air,Shadowfax,6328.26,666.63,4.64,2025-05-02,2025-05-05,2025-05-08,Delayed,4.0,No,No
ORD103747,CUST11985,2025-03-02,Mumbai,Mumbai,Hyderabad,582.0,Beauty,5,0.61,Express,DTDC,4068.88,578.53,9.05,2025-03-04,2025-03-08,2025-03-08,Delivered,4.0,No,No
ORD104705,CUST10595,2025-02-10,Pune,Pune,Vijayawada,338.9,Electronics,7,6.1,Road,DTDC,1586.02,338.25,13.29,2025-02-12,2025-02-17,2025-02-18,Delayed,4.0,No,No
ORD102498,CUST12149,2025-03-13,Hyderabad,Hyderabad,Visakhapatnam,1038.9,Grocery,7,5.54,Air,ecom express,9530.85,1061.62,7.6,2025-03-14,2025-03-19,2025-03-19,Delivered,3.0,No,No
ORD104400,CUST11309,2025-01-30,Delhi,Delhi,Bengaluru,341.6,Home & Kitchen,1,5.32,Air,Shadowfax,3091.14,398.42,5.73,2025-02-01,2025-02-03,2025-02-03,Delivered,3.0,No,No
ORD102581,CUST10204,2025-08-29,Chennai,Chennai,Kolkata,222.3,Sports,6,8.4,Road,Blue Dart,1056.81,275.67,7.32,2025-08-31,2025-09-05,2025-09-12,Delayed,3.0,No,No
ORD102258,CUST10923,2025-07-26,Pune,Pune,Kolkata,340.9,Beauty,4,1.32,Road,Shadowfax,1474.41,284.05,9.06,2025-07-28,2025-08-02,2025-08-02,Delivered,5.0,No,No
ORD102140,CUST11054,2025-11-25,Pune,Pune,Jaipur,431.1,Home & Kitchen,7,2.56,Rail,Shadowfax,1622.67,299.99,5.3,2025-11-27,2025-12-03,2025-12-03,Delivered,4.0,No,No
ORD100121,CUST11605,2025-11-17,Bengaluru,Bengaluru,Bhopal,283.2,Automotive,4,2.35,Rail,DTDC,999.37,268.73,9.93,2025-11-19,2025-11-25,2025-11-27,Delayed,4.0,No,No
ORD102827,CUST10078,2025-10-31,pune,Pune,Lucknow,277.8,Beauty,6,0.71,Express,Delhivery,2117.37,251.86,10.03,2025-11-02,2025-11-06,2025-11-06,Delivered,3.0,No,No
ORD101526,CUST11648,2025-05-30,Mumbai,Mumbai,Coimbatore,84.5,Grocery,1,9.67,Road,Delhivery,280.27,106.28,11.92,2025-06-02,2025-06-06,2025-06-06,Delivered,4.0,No,No
ORD102728,CUST10392,2025-11-04,Hyderabad,Hyderabad,Pune,633.9,Books,4,5.55,Road,Shadowfax,2930.99,567.46,4.61,2025-11-06,2025-11-12,2025-11-12,Delivered,5.0,No,No
ORD103220,CUST12300,2025-10-28,Hyderabad,Hyderabad,Kolkata,225.8,Electronics,2,6.47,Rail,Delhivery,786.03,219.74,8.07,2025-10-30,2025-11-04,2025-11-04,Delivered,3.0,No,No
ORD103593,CUST12333,2025-03-16,Mumbai,Mumbai,Pune,672.0,Sports,7,4.39,Rail,Shadowfax,2296.2,660.84,8.92,2025-03-18,2025-03-24,2025-03-31,Delayed,4.0,No,No
ORD100802,CUST11221,2025-04-02,Pune,Pune,Chennai,503.1,Books,3,2.56,Air,XpressBees,4551.55,401.97,12.29,2025-04-05,2025-04-07,2025-04-07,Delivered,4.0,No,No
ORD102018,CUST12736,2025-07-13,Pune,Pune,Bengaluru,515.0,Automotive,4,3.77,Air,Shadowfax,4750.0,502.34,7.09,2025-07-14,2025-07-18,2025-07-18,Delivered,5.0,No,No
ORD104895,CUST10105,2025-05-25,Pune,Pune,Vijayawada,226.9,Books,7,2.24,Road,Blue Dart,1053.44,188.98,6.47,2025-05-27,2025-05-31,2025-05-31,Delivered,4.0,No,No
ORD102110,CUST12650,2025-10-02,Bengaluru,Bengaluru,Visakhapatnam,423.4,Grocery,6,6.24,Road,Blue Dart,1906.15,421.07,7.17,2025-10-04,2025-10-09,2025-10-09,Delivered,4.0,No,No
ORD102916,CUST12362,2025-11-14,Hyderabad,Hyderabad,Kolkata,475.1,Books,3,8.14,Rail,DTDC,1649.13,364.81,7.67,2025-11-16,2025-11-22,2025-11-23,Delayed,5.0,No,No
ORD100474,CUST10053,2025-09-20,Mumbai,Mumbai,Ahmedabad,279.7,Clothing,6,1.52,Road,Ecom Express,1376.03,215.49,15.06,2025-09-23,2025-09-27,2025-09-29,Delayed,3.0,No,Yes
ORD101299,CUST10953,2025-02-19,Bengaluru,Bengaluru,Bhopal,819.5,Automotive,4,3.6,Express,Blue Dart,5732.6,709.3,6.01,2025-02-22,2025-02-26,2025-02-26,Delivered,4.0,No,No
ORD103792,CUST10786,2025-08-24,Pune,Pune,Visakhapatnam,239.0,Beauty,4,5.52,Air,Shadowfax,2249.03,85.12,13.34,2025-08-26,2025-08-28,2025-08-28,Delivered,5.0,No,No
ORD102851,CUST11371,2025-06-18,Delhi,Delhi,Chennai,924.1,Beauty,2,6.4,Road,DTDC,4008.11,706.91,9.22,2025-06-20,2025-06-27,2025-06-27,Delivered,5.0,No,No
ORD100151,CUST12661,2025-07-04,Pune,Pune,Delhi,230.8,Grocery,2,3.12,Rail,Blue Dart,876.58,167.58,10.57,2025-07-06,2025-07-11,2025-07-11,Delivered,4.0,No,No
ORD100281,CUST11461,2025-08-28,Mumbai,Mumbai,Kolkata,255.6,Clothing,4,3.42,Rail,XpressBees,971.5,232.87,10.1,2025-08-30,2025-09-05,2025-09-05,Delivered,4.0,No,No
ORD103231,CUST11731,2025-10-05,Chennai,Chennai,Jaipur,97.9,Electronics,2,9.06,Air,XpressBees,1086.23,101.39,7.04,2025-10-07,2025-10-09,2025-10-09,Delivered,5.0,No,No
ORD104081,CUST10730,2025-08-02,Delhi,Delhi,Bhopal,223.4,Electronics,3,1.14,Express,Shadowfax,1540.64,203.78,12.72,2025-08-05,2025-08-09,2025-08-09,Delivered,4.0,No,No
ORD100538,CUST10069,2025-07-08,Hyderabad,Hyderabad,Nagpur,182.3,Automotive,6,2.12,Road,Blue Dart,875.46,196.46,3.06,2025-07-10,2025-07-16,2025-07-16,Delivered,5.0,No,No
ORD101173,CUST10023,2025-09-20,Hyderabad,Hyderabad,,581.0,Books,4,17.61,Road,XpressBees,2719.9,540.64,7.62,2025-09-22,2025-09-28,2025-10-04,Delayed,3.0,No,No
ORD103869,CUST10138,2025-05-19,Hyderabad,Hyderabad,Pune,597.4,Grocery,2,9.67,Rail,XpressBees,2208.85,543.63,3.29,2025-05-20,2025-05-26,2025-05-26,Delivered,4.0,No,No
ORD104487,CUST10096,2025-10-11,Mumbai,Mumbai,Chennai,363.4,Books,3,1.53,Road,Ecom Express,1529.1,263.63,7.55,2025-10-13,2025-10-19,2025-10-19,Delivered,4.0,No,No
ORD100075,CUST12202,2025-03-12,Pune,Pune,Jaipur,189.4,Grocery,7,4.3,Road,XpressBees,834.01,99.33,8.21,2025-03-14,2025-03-18,2025-03-18,Delivered,4.0,No,No
ORD100586,CUST11882,2025-08-05,Pune,Pune,Chennai,394.1,Automotive,4,4.39,Express,Delhivery,2898.5,315.17,7.8,2025-08-07,2025-08-12,2025-08-12,Delivered,4.0,No,No
ORD101521,CUST10603,2025-11-29,Chennai,Chennai,Mumbai,131.8,Home & Kitchen,1,2.18,Rail,DTDC,575.88,133.96,6.61,2025-12-01,2025-12-06,2025-12-08,Delayed,4.0,No,No
ORD101314,CUST10127,2025-07-17,Mumbai,Mumbai,Lucknow,483.2,Sports,6,1.89,Air,Ecom Express,4413.57,287.9,4.52,2025-07-19,2025-07-22,2025-07-22,Delivered,4.0,No,No
ORD100600,CUST11319,2025-12-01,Hyderabad,Hyderabad,Mumbai,183.5,Clothing,2,4.15,Express,Shadowfax,1426.72,163.17,5.76,2025-12-03,2025-12-07,2025-12-07,Delivered,3.0,No,No
ORD101770,CUST10987,2025-02-16,Mumbai,Mumbai,Lucknow,476.3,Automotive,2,7.28,Road,Shadowfax,2104.48,417.17,8.47,2025-02-19,2025-02-23,2025-02-23,Delivered,5.0,No,No
ORD103967,CUST12752,2025-01-31,Mumbai,Mumbai,Jaipur,477.8,Grocery,7,5.22,Air,XpressBees,4545.42,415.13,5.25,2025-02-02,2025-02-05,2025-02-10,Delayed,3.0,No,No
ORD101202,CUST11992,2025-11-05,Chennai,Chennai,Vijayawada,72.1,Home & Kitchen,3,6.25,Road,Blue Dart,462.94,50.42,8.91,2025-11-07,2025-11-12,2025-11-12,Delivered,4.0,No,No
ORD100302,CUST11436,2025-08-21,Hyderabad,Hyderabad,Visakhapatnam,646.9,Beauty,2,4.15,Express,XpressBees,4710.14,369.09,6.7,2025-08-22,2025-08-26,2025-08-26,Delivered,5.0,No,No
ORD103558,CUST12147,2025-04-21,Mumbai,Mumbai,Kolkata,462.2,Clothing,1,5.91,Rail,XpressBees,1662.09,454.68,6.74,2025-04-23,2025-04-29,2025-04-29,Delivered,4.0,No,No
ORD102952,CUST12479,2025-10-31,Delhi,Delhi,Nagpur,484.6,Clothing,4,2.33,Road,XpressBees,2084.86,360.6,8.61,2025-11-02,2025-11-07,2025-11-10,Delayed,3.0,No,No
ORD104402,CUST11547,2025-10-16,Chennai,Chennai,Nagpur,853.7,Home & Kitchen,2,5.89,Road,DTDC,3653.77,726.61,4.36,2025-10-18,2025-10-25,2025-10-28,Delayed,3.0,No,No
ORD101050,CUST11047,2025-07-06,Bengaluru,Bengaluru,Indore,379.5,Beauty,2,3.99,Express,Ecom Express,2732.94,310.4,7.33,2025-07-08,2025-07-12,2025-07-16,Delayed,3.0,Yes,No
ORD100443,CUST11405,2025-07-07,Pune,Pune,Visakhapatnam,576.0,Electronics,7,5.11,Rail,Blue Dart,2146.53,595.58,9.41,2025-07-09,2025-07-17,2025-07-17,Delivered,4.0,No,No
ORD104885,CUST12296,2025-08-04,Hyderabad,Hyderabad,Kochi,278.1,Automotive,4,14.23,Air,Delhivery,2752.25,312.4,10.91,2025-08-07,2025-08-11,2025-08-12,Delayed,3.0,No,No
ORD104988,CUST10941,2025-08-22,Hyderabad,Hyderabad,Surat,446.8,Home & Kitchen,6,3.32,Express,Delhivery,3311.82,536.04,6.82,2025-08-24,2025-08-31,2025-08-31,Delivered,4.0,No,No
ORD100941,CUST12241,2025-11-30,Mumbai,Mumbai,Coimbatore,480.1,Grocery,2,11.39,Rail,Shadowfax,1744.43,435.56,10.05,2025-12-03,2025-12-11,2025-12-14,Delayed,3.0,No,No
ORD104623,CUST12685,2025-06-19,Delhi,Delhi,Pune,255.8,Books,6,13.78,Road,Ecom Express,1410.38,186.96,12.49,2025-06-22,2025-06-28,2025-06-28,Delivered,4.0,No,No
ORD101032,CUST12541,2025-11-29,Pune,Pune,Surat,504.8,Automotive,5,5.04,Air,Delhivery,4697.7,604.29,6.61,2025-12-01,2025-12-03,2025-12-03,Delivered,5.0,No,No
ORD101928,CUST11291,2025-11-20,Delhi,Delhi,Hyderabad,493.0,Automotive,2,1.53,Road,Blue Dart,2273.82,340.3,11.19,2025-11-23,2025-11-29,2025-11-29,Delivered,5.0,No,No
ORD103238,CUST11232,2025-03-02,Hyderabad,Hyderabad,Mumbai,357.9,Grocery,4,12.86,Road,Blue Dart,1664.31,263.25,5.62,2025-03-04,2025-03-10,2025-03-10,Delivered,4.0,No,No
ORD104312,CUST11281,2025-10-10,Chennai,Chennai,Bhopal,495.1,Sports,4,1.88,Road,Shadowfax,2075.99,391.03,7.89,2025-10-12,2025-10-20,2025-10-20,Delivered,5.0,No,No
ORD101315,CUST11861,2025-02-15,Mumbai,Mumbai,Coimbatore,337.6,Sports,1,1.15,Rail,Ecom Express,997.05,318.08,4.07,2025-02-16,2025-02-22,2025-02-22,Delivered,5.0,No,No
ORD104233,CUST12353,2025-04-01,Hyderabad,Hyderabad,Visakhapatnam,193.0,Books,3,4.52,Road,Blue Dart,847.8,149.41,7.06,2025-04-03,2025-04-07,2025-04-07,Delivered,4.0,No,No
ORD100192,CUST10036,2025-02-27,Pune,Pune,Delhi,345.5,Clothing,6,4.16,Road,Blue Dart,1730.76,290.24,8.33,2025-03-01,2025-03-06,2025-03-06,Delivered,4.0,No,No
ORD101522,CUST12618,2025-11-09,Bengaluru,Bengaluru,Visakhapatnam,329.0,Automotive,6,4.19,Express,Blue Dart,2443.4,325.69,10.31,2025-11-12,2025-11-16,2025-11-16,Delivered,4.0,No,No
ORD104919,CUST11263,2025-03-25,Delhi,Delhi,Visakhapatnam,290.8,Sports,7,6.35,Rail,Blue Dart,1083.67,198.93,12.39,2025-03-29,2025-04-03,2025-04-03,Delivered,4.0,No,No
ORD100805,CUST11873,2025-02-03,chennai,Chennai,Visakhapatnam,230.3,Automotive,4,16.73,Road,Shadowfax,1319.2,189.42,5.8,2025-02-05,2025-02-10,2025-02-10,Delivered,4.0,No,No
ORD102954,CUST12438,2025-01-29,Pune,Pune,Indore,267.6,Automotive,3,10.99,Rail,DTDC,1067.86,200.21,6.72,2025-02-01,2025-02-07,2025-02-09,Delayed,4.0,No,No
ORD100645,CUST12630,2025-03-11,Delhi,Delhi,Mumbai,385.8,Sports,5,0.45,Air,Blue Dart,3443.71,403.25,9.65,2025-03-13,2025-03-16,2025-03-16,Delivered,5.0,No,Yes
ORD104546,CUST10490,2025-05-13,Hyderabad,Hyderabad,Chennai,304.0,Sports,4,5.58,Express,Ecom Express,2336.96,203.37,7.84,2025-05-15,2025-05-20,2025-05-20,Delivered,5.0,No,No
ORD102364,CUST11264,2025-08-24,Pune,Pune,Delhi,108.4,Sports,4,4.31,Express,Ecom Express,898.08,172.27,11.59,2025-08-27,2025-08-31,2025-08-31,Delivered,4.0,No,No
ORD103016,CUST10936,2025-08-22,Bengaluru,Bengaluru,Kochi,637.7,Beauty,3,7.38,Rail,blue dart,2304.82,521.39,8.52,2025-08-25,2025-09-03,2025-09-03,Delivered,5.0,No,No
ORD103609,CUST12614,2025-10-27,Delhi,Delhi,Kochi,404.9,Books,7,6.0,Road,Delhivery,1925.93,283.05,11.77,2025-10-30,2025-11-06,2025-11-06,Delivered,4.0,No,Yes
ORD100408,CUST10207,2025-05-22,Mumbai,Mumbai,Chennai,245.5,Home & Kitchen,4,13.85,Air,Blue Dart,2403.62,248.09,10.32,2025-05-25,2025-05-28,2025-05-28,Delivered,4.0,No,No
ORD103780,CUST11633,2025-09-06,Delhi,Delhi,Mumbai,416.5,Electronics,7,2.43,Road,Delhivery,1898.96,435.98,8.0,2025-09-07,2025-09-12,2025-09-12,Delivered,4.0,No,No
ORD100827,CUST12709,2025-02-25,Bengaluru,Bengaluru,Bhopal,361.2,Beauty,7,6.97,Road,Delhivery,1760.66,224.58,10.84,2025-02-27,2025-03-05,2025-03-10,Delayed,4.0,No,No
ORD103851,CUST12540,2025-10-26,Bengaluru,Bengaluru,Coimbatore,1285.7,Clothing,6,4.22,Rail,Shadowfax,4295.48,1267.95,7.69,2025-10-28,2025-11-05,2025-11-05,Delivered,4.0,No,No
ORD102734,CUST10155,2025-10-30,Bengaluru,Bengaluru,Coimbatore,139.2,Automotive,2,5.42,Road,XpressBees,595.0,95.59,7.13,2025-11-01,2025-11-05,2025-11-05,Delivered,5.0,No,No
ORD100099,CUST10591,2025-02-04,Hyderabad,Hyderabad,Pune,200.7,Automotive,7,2.1,Express,Blue Dart,1379.73,182.72,8.04,2025-02-06,2025-02-09,2025-02-09,Delivered,4.0,No,No
ORD102462,CUST10135,2025-01-06,Chennai,Chennai,Bhopal,362.8,Beauty,7,3.57,Road,Ecom Express,1542.82,292.34,12.56,2025-01-09,2025-01-14,2025-01-15,Delayed,4.0,No,No
ORD100072,CUST10648,2025-08-13,Bengaluru,Bengaluru,Pune,402.2,Clothing,3,4.82,Road,Blue Dart,1829.29,325.58,6.81,2025-08-15,2025-08-19,2025-08-19,Delivered,3.0,No,No
ORD104124,CUST12505,2025-01-19,Bengaluru,Bengaluru,Delhi,118.5,Sports,5,14.23,Road,XpressBees,711.35,171.25,7.03,2025-01-21,2025-01-24,2025-01-24,Delivered,4.0,No,No
ORD103511,CUST12704,2025-12-19,Bengaluru,Bengaluru,Kochi,145.4,Clothing,6,9.35,Road,DTDC,816.37,135.21,9.72,2025-12-22,2025-12-27,2025-12-27,Delivered,5.0,No,No
ORD100345,CUST10187,2025-07-07,Chennai,Chennai,Kolkata,811.5,Clothing,6,4.33,Air,Delhivery,7442.84,849.17,7.37,2025-07-10,2025-07-14,2025-07-21,Delayed,4.0,No,No
ORD104272,CUST12628,2025-07-27,Hyderabad,Hyderabad,Chennai,271.8,Books,4,9.44,Road,Blue Dart,1423.17,304.05,6.48,2025-07-28,2025-08-03,2025-08-03,Delivered,4.0,No,No
ORD103797,CUST11624,2025-06-05,Mumbai,Mumbai,Bengaluru,723.9,Home & Kitchen,6,3.64,Road,Ecom Express,3259.93,535.76,8.71,2025-06-07,2025-06-13,2025-06-13,Delivered,,No,No
ORD104587,CUST12151,2025-10-14,Delhi,Delhi,Mumbai,339.1,Books,4,1.7,Rail,XpressBees,1266.64,313.62,6.96,2025-10-16,2025-10-22,2025-10-23,Delayed,3.0,No,No
ORD100126,CUST12768,2025-06-28,Chennai,Chennai,Pune,289.8,Automotive,1,2.08,Road,Blue Dart,1168.94,292.88,5.45,2025-06-30,2025-07-07,2025-07-07,Delivered,5.0,No,No
ORD102397,CUST12435,2025-01-04,Bengaluru,Bengaluru,Kolkata,528.0,Clothing,5,6.6,Rail,Blue Dart,1732.83,424.95,7.84,2025-01-06,2025-01-12,2025-01-12,Delivered,4.0,No,No
ORD100426,CUST11197,2025-06-17,Pune,Pune,Delhi,524.2,Clothing,7,5.47,Road,DTDC,2334.64,510.86,9.77,2025-06-20,2025-06-26,2025-06-30,Delayed,3.0,No,No
ORD100268,CUST10636,2025-10-16,Chennai,Chennai,Visakhapatnam,642.2,Sports,2,5.52,Air,Ecom Express,5965.49,520.77,3.55,2025-10-17,2025-10-22,2025-10-22,Delivered,5.0,No,No
ORD103348,CUST12399,2025-08-18,Chennai,Chennai,Jaipur,761.9,Electronics,7,3.66,Road,XpressBees,3374.08,812.83,9.44,2025-08-21,2025-08-27,2025-08-28,Delayed,3.0,No,No
ORD103001,CUST12513,2025-03-23,Chennai,Chennai,Kochi,1197.7,Clothing,5,4.3,Road,DTDC,5156.76,1344.47,10.44,2025-03-25,2025-04-02,2025-04-05,Delayed,3.0,No,No
ORD102225,CUST11550,2025-12-08,Pune,Pune,Vijayawada,305.3,Home & Kitchen,5,4.96,Road,Shadowfax,1361.03,331.84,6.33,2025-12-10,2025-12-15,2025-12-15,Delivered,5.0,No,No
ORD103650,CUST11759,2025-09-01,Hyderabad,Hyderabad,Visakhapatnam,198.3,Home & Kitchen,6,12.98,Road,Blue Dart,1072.27,198.43,11.1,2025-09-04,2025-09-08,2025-09-08,Delivered,3.0,No,No
ORD100248,CUST10151,2025-05-01,Chennai,Chennai,Indore,237.7,Books,2,5.61,Road,Ecom Express,1139.54,294.63,7.98,2025-05-03,2025-05-08,2025-05-08,Delivered,4.0,No,No
ORD102897,CUST10914,2025-10-25,Delhi,Delhi,Hyderabad,285.2,Grocery,1,3.95,Road,Blue Dart,1129.28,280.0,6.89,2025-10-27,2025-11-03,2025-11-03,Delivered,3.0,No,No
ORD101463,CUST10551,2025-06-04,Bengaluru,Bengaluru,Hyderabad,1014.4,Books,1,6.03,Rail,XpressBees,3330.57,807.65,9.23,2025-06-07,2025-06-15,2025-06-15,Delivered,4.0,No,No
ORD104871,CUST10107,2025-09-01,Bengaluru,Bengaluru,Kolkata,305.8,Beauty,3,5.6,Rail,Blue Dart,1181.62,245.04,5.78,2025-09-03,2025-09-10,2025-09-10,Delivered,4.0,No,No
ORD104689,CUST11476,2025-03-13,Pune,Pune,Kolkata,131.7,Home & Kitchen,2,2.84,Air,DTDC,1322.6,118.06,8.76,2025-03-16,2025-03-19,2025-03-19,Delivered,4.0,No,No
ORD100093,CUST10419,2025-02-01,Hyderabad,Hyderabad,Vijayawada,818.0,Beauty,5,3.24,Road,Ecom Express,3493.57,628.02,8.4,2025-02-04,2025-02-11,2025-02-13,Delayed,3.0,No,No
ORD104971,CUST10140,2025-08-24,Delhi,Delhi,Pune,396.3,Home & Kitchen,2,9.31,Road,Blue Dart,1939.59,314.92,6.79,2025-08-26,2025-09-02,2025-09-02,Delivered,5.0,No,No
ORD102211,CUST12354,2025-07-30,Mumbai,Mumbai,Kochi,450.2,Electronics,7,2.54,Road,Shadowfax,2035.72,452.03,11.95,2025-08-01,2025-08-08,2025-08-08,Delivered,5.0,No,No
ORD103794,CUST12421,2025-03-18,Hyderabad,Hyderabad,Bengaluru,317.9,Sports,1,1.15,Road,Delhivery,1324.57,260.5,12.15,2025-03-21,2025-03-26,2025-03-26,Delivered,4.0,No,No
ORD101273,CUST10993,2025-02-06,Pune,Pune,Coimbatore,492.4,Grocery,1,5.84,Rail,Shadowfax,1738.41,493.33,5.82,2025-02-08,2025-02-15,2025-02-15,Delivered,5.0,No,No
ORD104822,CUST11764,2025-05-15,Chennai,Chennai,Surat,617.8,Automotive,3,6.81,Road,DTDC,2717.04,520.72,3.07,2025-05-17,2025-05-22,2025-05-22,Delivered,5.0,No,No
ORD104843,CUST12631,2025-04-12,Bengaluru,Bengaluru,Lucknow,572.7,Books,2,8.29,Road,DTDC,2643.85,522.57,12.98,2025-04-15,2025-04-21,2025-04-21,Delivered,4.0,No,No
ORD102384,CUST12243,2025-04-02,Chennai,Chennai,Mumbai,91.9,Books,4,9.49,Air,XpressBees,1007.29,59.37,6.78,2025-04-05,2025-04-07,2025-04-07,Delivered,4.0,No,No
ORD103773,CUST11368,2025-01-11,Chennai,Chennai,Indore,858.5,Books,2,7.31,Road,Shadowfax,3728.93,855.05,11.11,2025-01-13,2025-01-20,2025-01-20,Delivered,4.0,No,No
ORD102086,CUST10678,2025-11-21,Hyderabad,Hyderabad,Kochi,233.6,Home & Kitchen,2,4.24,Rail,Delhivery,799.43,196.63,5.98,2025-11-22,2025-11-28,2025-11-28,Delivered,3.0,No,No
ORD104330,CUST12661,2025-07-28,Chennai,Chennai,Nagpur,128.1,Beauty,1,22.26,Express,Ecom Express,1182.2,124.44,3.98,2025-07-29,2025-08-01,2025-08-01,Delivered,5.0,No,No
ORD103097,CUST10168,2025-03-18,Hyderabad,Hyderabad,Chennai,459.5,Sports,3,15.29,Road,Delhivery,2022.43,438.32,9.05,2025-03-21,2025-03-26,2025-03-26,Delivered,5.0,No,No
ORD104762,CUST11053,2025-04-02,Pune,Pune,Kochi,510.1,Books,2,5.37,Air,XpressBees,4672.52,335.78,7.61,2025-04-03,2025-04-06,2025-04-12,Delayed,3.0,No,No
ORD102083,CUST12207,2025-08-15,Hyderabad,Hyderabad,Surat,487.7,Beauty,3,6.65,Road,Shadowfax,,481.66,2.85,2025-08-16,2025-08-20,2025-08-20,Delivered,4.0,No,No
ORD100153,CUST11895,2025-05-03,Pune,Pune,Hyderabad,162.8,Books,5,0.45,Express,DTDC,1312.77,32.37,9.61,2025-05-06,2025-05-10,2025-05-10,Delivered,4.0,No,No
ORD100407,CUST12769,2025-04-17,Pune,Pune,Visakhapatnam,243.5,Sports,2,0.44,Road,Ecom Express,985.77,218.04,11.21,2025-04-20,2025-04-24,2025-04-24,Delivered,3.0,No,No
ORD100424,CUST11175,2025-08-17,Bengaluru,Bengaluru,Nagpur,487.2,Sports,4,2.36,Road,Delhivery,2183.1,484.57,11.38,2025-08-20,2025-08-26,2025-08-26,Delivered,4.0,No,No
ORD104325,CUST12697,2025-05-16,Mumbai,Mumbai,Nagpur,370.0,Books,2,9.3,Express,Delhivery,2864.54,372.44,13.38,2025-05-19,2025-05-22,2025-05-22,Delivered,4.0,No,No
ORD100935,CUST12060,2025-07-31,Pune,Pune,Surat,641.6,beauty,2,5.24,Road,Blue Dart,2731.09,530.17,5.6,2025-08-02,2025-08-08,2025-08-10,Delayed,3.0,No,No
ORD100466,CUST11443,2025-01-11,Bengaluru,Bengaluru,Hyderabad,401.5,Books,5,3.96,Road,DTDC,1873.07,467.31,7.02,2025-01-13,2025-01-20,2025-01-20,Delivered,5.0,No,No
ORD100025,CUST10710,2025-10-21,Bengaluru,Bengaluru,Kochi,474.0,Electronics,2,6.64,Express,Blue Dart,3493.28,361.02,6.66,2025-10-23,2025-10-27,2025-10-27,Delivered,5.0,No,No
ORD102235,CUST11593,2025-02-26,Hyderabad,Hyderabad,Chennai,196.6,Home & Kitchen,3,7.07,Road,XpressBees,866.77,113.9,6.58,2025-02-28,2025-03-03,2025-03-03,Delivered,4.0,No,No
ORD102974,CUST10539,2025-06-18,Bengaluru,Bengaluru,Indore,237.6,Electronics,4,19.45,Express,Ecom Express,2127.74,144.08,6.99,2025-06-20,2025-06-23,2025-06-23,Delivered,5.0,No,No
ORD103728,CUST10098,2025-03-25,Hyderabad,Hyderabad,Surat,164.7,Books,2,4.49,Rail,DTDC,636.37,178.57,8.14,2025-03-28,2025-04-04,2025-04-04,Delivered,4.0,No,No
ORD101388,CUST11862,2025-05-16,Delhi,Delhi,Nagpur,169.5,Beauty,4,4.23,Rail,DTDC,712.28,106.54,11.07,2025-05-19,2025-05-24,2025-05-24,Delivered,5.0,No,No
ORD104803,CUST12216,2025-12-30,Bengaluru,Bengaluru,Mumbai,765.8,Books,4,6.67,Road,Ecom Express,3383.2,632.75,5.17,2026-01-01,2026-01-07,2026-01-07,Delivered,4.0,No,No
ORD103517,CUST11710,2025-11-16,Pune,Pune,Mumbai,291.7,Sports,6,3.21,Road,Ecom Express,1364.02,227.53,10.26,2025-11-18,2025-11-23,2025-11-23,Delivered,5.0,No,No
ORD100397,CUST10878,2025-01-03,Mumbai,Mumbai,Bengaluru,612.2,Automotive,4,11.85,Air,Blue Dart,5739.83,568.41,7.48,2025-01-06,2025-01-10,2025-01-10,Delivered,4.0,No,No
ORD104959,CUST11298,2025-12-07,Chennai,Chennai,Bhopal,840.2,Grocery,1,4.17,Road,Delhivery,3532.78,689.03,8.3,2025-12-09,2025-12-15,2025-12-15,Delivered,4.0,No,No
ORD101555,CUST12366,2025-10-08,Bengaluru,Bengaluru,Coimbatore,187.2,Sports,7,10.01,Express,Ecom Express,1505.21,133.87,11.46,2025-10-11,2025-10-15,2025-10-15,Delivered,5.0,No,No
ORD103564,CUST12196,2025-05-03,Mumbai,Mumbai,Chennai,556.4,Automotive,5,5.22,Road,XpressBees,2303.89,568.7,11.15,2025-05-06,2025-05-12,2025-05-12,Delivered,3.0,No,No
ORD103813,CUST12485,2025-09-21,Delhi,Delhi,Hyderabad,290.2,Automotive,7,6.68,Rail,Blue Dart,1041.05,239.69,12.67,2025-09-24,2025-09-30,2025-09-30,Delivered,4.0,No,No
ORD103732,CUST12276,2025-11-27,Pune,Pune,Bhopal,411.6,Home & Kitchen,5,9.65,Road,DTDC,1934.86,391.68,10.7,2025-11-29,2025-12-04,2025-12-04,Delivered,4.0,No,No
ORD101305,CUST11421,2025-06-13,Mumbai,Mumbai,Pune,241.7,Books,1,11.26,Express,Delhivery,1690.66,213.6,12.07,2025-06-16,2025-06-19,2025-06-19,Delivered,3.0,No,No
ORD102111,CUST10109,2025-03-23,Hyderabad,Hyderabad,Mumbai,585.7,Automotive,2,15.16,Road,Blue Dart,2740.58,543.46,5.12,2025-03-25,2025-03-31,2025-03-31,Delivered,5.0,No,No
ORD104012,CUST12365,2025-12-19,Delhi,Delhi,Lucknow,287.8,Books,2,1.77,Road,Blue Dart,1265.86,248.86,9.57,2025-12-21,2025-12-26,2025-12-26,Delivered,5.0,No,No
ORD104368,CUST12459,2025-11-28,Chennai,Chennai,Kolkata,151.7,Automotive,6,6.19,Road,Shadowfax,740.48,164.09,4.79,2025-11-29,2025-12-03,2025-12-03,Delivered,4.0,No,No
ORD103548,CUST11640,2025-03-23,Bengaluru,Bengaluru,Lucknow,517.2,Sports,5,10.86,Road,DTDC,2456.16,483.06,9.77,2025-03-25,2025-04-01,2025-04-01,Delivered,4.0,No,No
ORD100923,CUST12346,2025-12-15,Bengaluru,Bengaluru,Surat,356.2,Clothing,3,3.8,Air,DTDC,3181.42,409.95,9.73,2025-12-18,2025-12-21,2025-12-21,Delivered,4.0,No,No
ORD101624,CUST12191,2025-04-07,Pune,Pune,Hyderabad,320.6,Automotive,1,3.13,Express,Shadowfax,2241.23,243.04,7.87,2025-04-09,2025-04-12,2025-04-12,Delivered,4.0,No,No
ORD100630,CUST12484,2025-09-04,Pune,Pune,Indore,543.8,Electronics,5,0.95,Rail,Blue Dart,1776.83,374.77,6.51,2025-09-05,2025-09-13,2025-09-16,Delayed,3.0,No,No
ORD100639,CUST10891,2025-06-24,Hyderabad,Hyderabad,Mumbai,1634.2,Automotive,2,5.92,Express,Delhivery,11443.09,1467.25,6.67,2025-06-27,2025-07-02,2025-07-02,Delivered,4.0,No,No
ORD104198,CUST12643,2025-10-09,Pune,Pune,Visakhapatnam,394.9,Automotive,6,2.61,Road,Ecom Express,1829.05,243.21,7.73,2025-10-10,2025-10-15,2025-10-16,Delayed,4.0,No,No
ORD102934,CUST10278,2025-10-13,Chennai,Chennai,Pune,512.9,Automotive,6,2.25,Road,DTDC,2271.17,582.08,7.6,2025-10-15,2025-10-20,2025-10-22,Delayed,4.0,No,No
ORD102768,CUST11341,2025-04-11,Bengaluru,Bengaluru,Vijayawada,666.9,Electronics,6,7.42,Road,XpressBees,3010.45,667.23,5.18,2025-04-13,2025-04-19,2025-04-21,Delayed,2.0,No,No
ORD102231,CUST10537,2025-08-22,Hyderabad,Hyderabad,Lucknow,159.7,Books,1,10.09,Road,DTDC,923.61,157.35,8.93,2025-08-24,2025-08-27,2025-08-28,Delayed,4.0,No,No
ORD102001,CUST11574,2025-09-12,Mumbai,Mumbai,Indore,880.1,Home & Kitchen,6,1.5,Road,Shadowfax,3893.44,723.52,11.39,2025-09-14,2025-09-21,2025-09-21,Delivered,4.0,No,No
ORD103782,CUST10699,2025-05-11,Bengaluru,Bengaluru,Bhopal,240.5,Books,5,9.66,Road,XpressBees,1077.63,227.4,6.84,2025-05-13,2025-05-17,2025-05-17,Delivered,4.0,No,No
ORD101791,CUST11689,2025-06-15,Hyderabad,Hyderabad,Coimbatore,465.0,Grocery,7,4.12,Air,Delhivery,4239.59,452.36,4.64,2025-06-17,2025-06-19,2025-06-19,Delivered,4.0,No,No
ORD102915,CUST11149,2025-12-22,Mumbai,Mumbai,Bhopal,-25.0,Grocery,7,2.33,Road,Blue Dart,2684.05,447.88,9.99,2025-12-24,2025-12-29,2025-12-29,Delivered,5.0,No,No
ORD100182,CUST10868,2025-12-05,Mumbai,Mumbai,Coimbatore,271.6,Beauty,3,5.31,Rail,Delhivery,1061.48,171.59,10.11,2025-12-07,2025-12-14,2025-12-15,Delayed,5.0,Yes,No
ORD102471,CUST11421,2025-02-03,Mumbai,Mumbai,Kolkata,281.4,Automotive,7,1.08,Rail,Shadowfax,1021.35,324.18,12.17,2025-02-06,2025-02-12,2025-02-12,Delivered,5.0,No,No
ORD104317,CUST10844,2025-12-04,Mumbai,Mumbai,Vijayawada,773.8,Clothing,3,2.51,Road,Shadowfax,3409.15,831.19,9.33,2025-12-06,2025-12-12,2025-12-18,Delayed,5.0,No,No
ORD101363,CUST10576,2025-07-17,Mumbai,Mumbai,Coimbatore,828.9,Home & Kitchen,7,6.12,Rail,Shadowfax,2783.29,580.26,12.73,2025-07-20,2025-07-28,2025-07-28,Delivered,5.0,No,No
ORD103338,CUST12312,2025-04-29,Pune,Pune,Hyderabad,380.1,Home & Kitchen,6,2.92,Road,Delhivery,1618.77,300.02,11.16,2025-05-02,2025-05-08,2025-05-08,Delivered,5.0,No,Yes
ORD101843,CUST10210,2025-03-04,Chennai,Chennai,Bhopal,463.6,Automotive,5,17.72,Air,Blue Dart,4460.35,414.25,8.38,2025-03-07,2025-03-10,2025-03-10,Delivered,4.0,No,No
ORD100583,CUST12463,2025-09-19,Pune,Pune,Kochi,151.9,Home & Kitchen,4,3.77,Express,XpressBees,1135.06,171.52,10.34,2025-09-21,2025-09-24,2025-09-24,Delivered,4.0,No,No
ORD100430,CUST10372,2025-09-06,Pune,Pune,Jaipur,891.5,Beauty,4,22.92,Air,Shadowfax,8504.27,597.34,5.39,2025-09-08,2025-09-10,2025-09-10,Delivered,5.0,No,No
ORD100557,CUST10450,2025-05-24,Hyderabad,Hyderabad,Lucknow,543.7,Clothing,1,2.4,Air,XpressBees,4859.59,469.58,11.03,2025-05-25,2025-05-28,2025-05-28,Delivered,4.0,No,No
ORD103227,CUST11602,2025-07-11,Delhi,Delhi,Visakhapatnam,590.0,Automotive,3,4.43,Road,DTDC,2499.45,460.78,8.95,2025-07-14,2025-07-18,2025-07-18,Delivered,4.0,No,No
ORD101812,CUST11040,2025-08-28,Chennai,Chennai,Coimbatore,799.4,Sports,3,11.46,Road,Blue Dart,3628.56,820.26,5.09,2025-08-29,2025-09-04,2025-09-04,Delivered,4.0,No,No
ORD102470,CUST12467,2025-10-01,Pune,Pune,Delhi,531.3,Books,7,4.84,Road,Blue Dart,2356.07,599.35,10.29,2025-10-04,2025-10-09,2025-10-09,Delivered,5.0,No,No
ORD100433,CUST11617,2025-08-19,Pune,Pune,Delhi,281.4,Grocery,4,25.53,Road,Delhivery,1527.71,289.28,11.87,2025-08-21,2025-08-26,2025-08-26,Delivered,5.0,No,No
ORD103131,CUST10996,2025-05-04,Chennai,Chennai,Ahmedabad,383.3,books,5,6.96,Express,XpressBees,2958.41,435.15,6.74,2025-05-07,2025-05-10,2025-05-10,Delivered,5.0,No,No
ORD103716,CUST11417,2025-02-15,Delhi,Delhi,Surat,658.1,Automotive,7,4.91,Express,Ecom Express,4742.46,501.83,9.3,2025-02-18,2025-02-22,2025-02-22,Delivered,5.0,No,Yes
ORD102146,CUST11241,2025-11-03,Hyderabad,Hyderabad,Mumbai,522.5,Grocery,6,7.68,Road,DTDC,2447.24,335.96,5.97,2025-11-05,2025-11-11,2025-11-11,Delivered,4.0,No,No
ORD100949,CUST10207,2025-09-18,Bengaluru,Bengaluru,Mumbai,137.5,Home & Kitchen,2,4.8,Rail,Blue Dart,469.51,76.18,7.29,2025-09-20,2025-09-27,2025-09-30,Delayed,3.0,No,No
ORD101078,CUST10536,2025-01-17,Mumbai,Mumbai,Indore,67.2,Beauty,6,11.6,Road,XpressBees,703.92,77.75,9.59,2025-01-20,2025-01-24,2025-01-24,Delivered,5.0,No,No
ORD103541,CUST12555,2025-08-23,Hyderabad,Hyderabad,Surat,362.7,Books,3,9.94,Express,Shadowfax,2794.09,,7.07,2025-08-26,2025-08-31,2025-08-31,Delivered,4.0,No,No
ORD104232,CUST12208,2025-11-26,Hyderabad,Hyderabad,,84.8,Electronics,4,4.17,Road,XpressBees,443.49,62.66,5.97,2025-11-29,2025-12-03,2025-12-03,Delivered,3.0,No,No
ORD101949,CUST10542,2025-06-25,Hyderabad,Hyderabad,Vijayawada,435.3,Home & Kitchen,3,0.66,Air,XpressBees,3991.71,339.72,3.93,2025-06-27,2025-06-30,2025-06-30,Delivered,4.0,No,Yes
ORD101796,CUST12597,2025-09-05,Bengaluru,Bengaluru,Indore,211.9,Grocery,1,1.54,Road,Ecom Express,934.85,206.66,9.69,2025-09-07,2025-09-11,2025-09-11,Delivered,5.0,No,No
ORD103973,CUST11141,2025-11-01,Chennai,Chennai,Visakhapatnam,534.6,Automotive,2,2.0,Express,DTDC,3849.85,604.94,10.93,2025-11-04,2025-11-08,2025-11-08,Delivered,5.0,No,No
ORD102866,CUST11762,2025-11-20,Delhi,Delhi,Kochi,409.9,Clothing,6,12.84,Road,Delhivery,2058.2,459.56,11.09,2025-11-22,2025-11-27,2025-11-27,Delivered,4.0,No,No
ORD104293,CUST12367,2025-09-17,Bengaluru,Bengaluru,Nagpur,263.8,Electronics,5,1.29,Rail,DTDC,934.23,204.55,8.09,2025-09-19,2025-09-25,2025-09-25,Delivered,4.0,No,No
ORD101952,CUST12012,2025-08-29,Hyderabad,Hyderabad,Kolkata,141.4,Electronics,3,2.89,Road,XpressBees,667.33,106.82,7.69,2025-08-31,2025-09-06,2025-09-06,Delivered,4.0,No,No
ORD100900,CUST10974,2025-05-03,Pune,Pune,Ahmedabad,955.4,Grocery,1,3.27,Air,Ecom Express,8746.15,658.82,8.52,2025-05-05,2025-05-09,2025-05-09,Delivered,5.0,No,No
ORD102249,CUST10551,2025-07-23,Delhi,Delhi,Bhopal,83.7,Electronics,1,4.78,Road,XpressBees,365.55,104.8,12.02,2025-07-25,2025-07-31,2025-08-04,Delayed,3.0,No,No
ORD101356,CUST10645,2025-07-08,Hyderabad,Hyderabad,Coimbatore,209.2,Clothing,1,5.51,Road,Delhivery,942.81,162.57,5.86,2025-07-10,2025-07-16,2025-07-16,Delivered,4.0,No,No
ORD101746,CUST12737,2025-08-04,Mumbai,Mumbai,Jaipur,87.5,Books,7,2.7,Air,DTDC,847.32,109.38,10.27,2025-08-06,2025-08-08,2025-08-10,Delayed,3.0,No,No
ORD104999,CUST10418,2025-10-13,Chennai,Chennai,Lucknow,232.0,Home & Kitchen,7,2.29,Air,Shadowfax,2214.46,153.01,8.58,2025-10-17,2025-10-19,2025-10-19,Delivered,4.0,No,No
ORD104666,CUST11018,2025-08-29,Hyderabad,Hyderabad,Kochi,266.0,Clothing,3,2.6,Air,DTDC,2537.48,309.88,6.97,2025-08-31,2025-09-02,2025-09-02,Delivered,4.0,No,No
ORD100102,CUST12701,2025-04-08,Bengaluru,Bengaluru,Bhopal,449.8,Grocery,2,10.34,Road,Blue Dart,1954.73,436.26,11.42,2025-04-12,2025-04-17,2025-04-17,Delivered,3.0,No,No
ORD102274,CUST11108,2025-09-07,Hyderabad,Hyderabad,Delhi,228.7,Clothing,3,3.06,Air,XpressBees,2293.72,187.4,9.95,2025-09-09,2025-09-11,2025-09-11,Delivered,5.0,No,No
ORD102114,CUST12135,2025-07-10,Delhi,Delhi,Lucknow,90.0,Home & Kitchen,4,14.44,Air,Delhivery,1104.41,125.79,7.8,2025-07-12,2025-07-13,2025-07-13,Delivered,4.0,No,No
ORD103804,CUST10627,2025-05-20,Mumbai,Mumbai,Jaipur,795.6,Grocery,2,4.19,Express,Blue Dart,5701.31,787.55,11.19,2025-05-23,2025-05-28,2025-05-28,Delivered,4.0,No,No
ORD101383,CUST10518,2025-11-17,Mumbai,Mumbai,Delhi,95.4,Grocery,1,12.79,Road,Ecom Express,538.15,78.62,8.31,2025-11-19,2025-11-23,2025-11-23,Delivered,5.0,No,No
ORD104491,CUST10910,2025-09-08,Bengaluru,Bengaluru,Visakhapatnam,549.2,Books,3,8.93,Rail,DTDC,2112.11,524.71,5.73,2025-09-10,2025-09-18,2025-09-18,Delivered,4.0,No,No
ORD104748,CUST10543,2025-07-29,Mumbai,Mumbai,Visakhapatnam,320.8,Sports,1,9.39,Express,Shadowfax,2437.42,387.67,10.01,2025-07-31,2025-08-04,2025-08-06,Delayed,,No,No
ORD101854,CUST11451,2025-12-21,Delhi,Delhi,Mumbai,206.5,Electronics,1,4.13,Express,XpressBees,1373.89,193.15,8.21,2025-12-23,2025-12-26,2025-12-26,Delivered,5.0,No,No
ORD104909,CUST10355,2025-09-03,Bengaluru,Bengaluru,Ahmedabad,486.3,Grocery,4,9.0,Rail,Ecom Express,1874.35,510.79,7.79,2025-09-06,2025-09-12,2025-09-12,Delivered,4.0,No,No
ORD101246,CUST10938,2025-10-13,Hyderabad,Hyderabad,Mumbai,254.6,Beauty,7,3.02,Road,Blue Dart,1202.49,237.98,8.49,2025-10-16,2025-10-22,2025-10-26,Delayed,2.0,No,No
ORD101462,CUST11209,2025-05-20,Pune,Pune,Visakhapatnam,135.3,Clothing,3,6.73,Road,Blue Dart,654.61,134.33,8.25,2025-05-22,2025-05-27,2025-05-27,Delivered,5.0,No,No
ORD100729,CUST10009,2025-04-13,Delhi,Delhi,Lucknow,405.3,Home & Kitchen,3,3.7,Road,Ecom Express,1892.13,364.46,10.23,2025-04-16,2025-04-22,2025-04-22,Delivered,5.0,No,No
ORD103653,CUST12677,2025-05-08,bengaluru,Bengaluru,Delhi,382.1,Automotive,6,5.9,Road,Shadowfax,1749.19,410.65,10.99,2025-05-11,2025-05-16,2025-05-16,Delivered,4.0,No,No
ORD103377,CUST12766,2025-05-03,Mumbai,Mumbai,Nagpur,435.8,Home & Kitchen,4,5.42,Road,Delhivery,1859.45,348.78,8.48,2025-05-05,2025-05-10,2025-05-10,Delivered,4.0,No,No
ORD103806,CUST10913,2025-03-27,Delhi,Delhi,Kochi,244.7,Electronics,5,13.03,Road,DTDC,1233.42,199.25,8.78,2025-03-29,2025-04-02,2025-04-02,Delivered,4.0,No,No
ORD103347,CUST11570,2025-05-30,Pune,Pune,Surat,426.0,Books,7,1.98,Road,DTDC,1990.33,383.79,8.34,2025-06-02,2025-06-07,2025-06-07,Delivered,5.0,No,No
ORD104929,CUST12144,2025-09-29,Chennai,Chennai,Pune,218.4,Beauty,2,0.63,Air,XpressBees,2030.4,193.66,8.77,2025-10-02,2025-10-05,2025-10-05,Delivered,4.0,No,No
ORD100555,CUST10100,2025-12-22,Hyderabad,Hyderabad,Indore,662.3,Grocery,6,6.03,Express,Blue Dart,4802.33,633.65,2.44,2025-12-24,2025-12-28,2025-12-28,Delivered,4.0,No,No
ORD104576,CUST11015,2025-11-28,Bengaluru,Bengaluru,Kochi,106.2,Home & Kitchen,7,5.16,Rail,XpressBees,537.53,148.11,7.33,2025-11-29,2025-12-05,2025-12-05,Delivered,3.0,No,No
ORD101717,CUST10267,2025-07-01,Mumbai,Mumbai,Jaipur,674.3,Beauty,1,7.81,Air,Shadowfax,6221.58,485.09,10.79,2025-07-04,2025-07-07,2025-07-09,Delayed,4.0,No,No
ORD104596,CUST10920,2025-09-09,Bengaluru,Bengaluru,Indore,280.9,Sports,3,5.45,Road,XpressBees,1281.18,221.54,8.66,2025-09-12,2025-09-18,2025-09-18,Delivered,4.0,No,No
ORD102205,CUST10202,2025-03-06,Chennai,Chennai,Bhopal,128.4,Clothing,3,3.64,Road,Delhivery,549.54,83.17,5.87,2025-03-08,2025-03-13,2025-03-17,Delayed,4.0,No,No
ORD102770,CUST10835,2025-11-11,Mumbai,Mumbai,Coimbatore,533.5,Clothing,1,3.16,Air,Delhivery,4927.74,333.94,8.05,2025-11-14,2025-11-16,2025-11-16,Delivered,4.0,No,No
ORD101154,CUST10631,2025-07-24,Bengaluru,Bengaluru,Coimbatore,1588.4,Beauty,7,7.14,Rail,Delhivery,5199.37,1156.6,10.7,2025-07-27,2025-08-04,2025-08-04,Delivered,5.0,No,No
ORD103002,CUST12382,2025-02-12,Bengaluru,Bengaluru,Delhi,208.5,Beauty,4,1.72,Express,Ecom Express,1573.67,160.75,11.22,2025-02-15,2025-02-18,2025-02-18,Delivered,4.0,No,Yes
ORD102394,CUST12787,2025-08-19,Delhi,Delhi,Jaipur,269.9,Automotive,7,3.65,Road,Ecom Express,1367.53,197.82,10.83,2025-08-22,2025-08-27,2025-08-27,Delivered,4.0,No,No
ORD100150,CUST11362,2025-05-19,Delhi,Delhi,Indore,153.6,Clothing,6,8.45,Road,DTDC,866.57,126.75,9.49,2025-05-22,2025-05-27,2025-05-27,Delivered,5.0,No,No
ORD101370,CUST10320,2025-07-14,Bengaluru,Bengaluru,Mumbai,89.2,Automotive,7,1.18,Rail,Blue Dart,367.39,89.31,7.43,2025-07-17,2025-07-24,2025-07-24,Delivered,4.0,No,No
ORD101218,CUST10250,2025-11-25,Chennai,Chennai,Pune,308.2,Books,5,6.23,Road,DTDC,1464.69,373.44,7.05,2025-11-27,2025-12-02,2025-12-02,Delivered,4.0,No,No
ORD102945,CUST10217,2025-01-24,Mumbai,Mumbai,Hyderabad,269.2,Electronics,4,5.46,Road,Shadowfax,1313.93,,7.55,2025-01-26,2025-02-01,2025-02-04,Delayed,4.0,No,No
ORD104910,CUST12508,2025-08-17,Chennai,Chennai,Visakhapatnam,554.8,Books,4,3.16,Rail,Delhivery,1883.45,455.77,9.51,2025-08-19,2025-08-26,2025-08-26,Delivered,4.0,No,No
ORD102182,CUST10171,2025-06-04,Chennai,Chennai,Coimbatore,346.2,Electronics,7,6.39,Road,Delhivery,1698.81,186.51,7.34,2025-06-06,2025-06-10,2025-06-10,Delivered,5.0,No,No
ORD102571,CUST10431,2025-08-15,Pune,Pune,Kochi,91.0,Beauty,1,3.1,Rail,Ecom Express,,61.55,10.04,2025-08-18,2025-08-22,2025-08-22,Delivered,5.0,No,No
ORD101563,CUST12703,2025-02-01,Delhi,Delhi,Visakhapatnam,228.7,Grocery,4,6.87,Air,DTDC,2146.25,189.72,7.41,2025-02-04,2025-02-07,2025-02-07,Delivered,5.0,No,No
ORD103914,CUST11079,2025-07-14,Chennai,Chennai,Vijayawada,205.1,automotive,4,8.14,Rail,Ecom Express,1010.75,230.52,9.66,2025-07-16,2025-07-22,2025-07-22,Delivered,5.0,No,No
ORD100498,CUST12328,2025-02-14,Hyderabad,Hyderabad,Surat,324.4,Books,5,3.83,Road,Delhivery,1351.74,226.79,9.27,2025-02-17,2025-02-21,2025-02-21,Delivered,5.0,No,No
ORD104084,CUST10106,2025-01-04,Pune,Pune,Delhi,672.5,Grocery,3,2.74,Air,Shadowfax,6217.39,660.25,7.43,2025-01-05,2025-01-10,2025-01-10,Delivered,4.0,No,No
ORD102103,CUST11962,2025-10-11,Hyderabad,Hyderabad,Lucknow,383.2,Sports,7,3.65,Rail,Shadowfax,1215.04,257.55,5.61,2025-10-14,2025-10-20,2025-10-20,Delivered,4.0,No,No
ORD104222,CUST11089,2025-02-15,Mumbai,Mumbai,Pune,125.2,Electronics,7,2.55,Road,XpressBees,670.31,153.05,11.32,2025-02-18,2025-02-24,2025-02-24,Delivered,4.0,No,No
ORD100233,CUST10262,2025-10-06,Delhi,Delhi,Ahmedabad,81.9,Sports,4,5.22,Air,Shadowfax,1047.99,90.56,10.38,2025-10-09,2025-10-11,2025-10-11,Delivered,4.0,No,No
ORD104727,CUST11503,2025-04-27,Mumbai,Mumbai,Coimbatore,253.5,Automotive,2,3.73,Rail,DTDC,892.13,307.07,12.49,2025-04-30,2025-05-06,2025-05-06,Delivered,5.0,No,No
ORD101802,CUST11663,2025-12-17,Bengaluru,Bengaluru,Mumbai,218.7,Sports,6,1.33,Road,DTDC,973.17,239.28,7.7,2025-12-19,2025-12-24,2025-12-24,Delivered,5.0,No,No
ORD100296,CUST10200,2025-02-12,Delhi,Delhi,Mumbai,473.3,Grocery,6,11.66,Road,XpressBees,2357.67,434.65,6.71,2025-02-15,2025-02-21,2025-02-25,Delayed,3.0,No,No
ORD101672,CUST11433,2025-10-05,Delhi,Delhi,Indore,306.7,Books,6,0.9,Road,Shadowfax,1350.23,326.58,9.01,2025-10-07,2025-10-12,2025-10-12,Delivered,4.0,No,No
ORD103982,CUST12516,2025-03-29,Chennai,Chennai,Jaipur,66.2,Grocery,7,20.19,Express,XpressBees,901.21,79.19,5.56,2025-03-31,2025-04-02,2025-04-02,Delivered,5.0,No,No
ORD100667,CUST11690,2025-10-09,Hyderabad,Hyderabad,Pune,173.0,Clothing,6,3.73,Rail,Blue Dart,541.52,201.49,8.03,2025-10-11,2025-10-16,2025-10-16,Delivered,5.0,No,No
ORD100505,CUST12684,2025-08-24,Hyderabad,Hyderabad,Kolkata,1356.2,Clothing,5,2.31,Road,Shadowfax,5832.84,877.76,6.59,2025-08-27,2025-09-02,2025-09-02,Delivered,4.0,No,No
ORD100501,CUST12341,2025-08-05,Chennai,Chennai,Hyderabad,314.4,Grocery,3,3.08,Rail,Shadowfax,1066.36,312.84,7.12,2025-08-07,2025-08-13,2025-08-13,Delivered,4.0,No,No
ORD102054,CUST10099,2025-06-28,mumbai,Mumbai,Jaipur,678.4,Home & Kitchen,1,10.29,Road,XpressBees,2997.09,618.17,12.04,2025-07-01,2025-07-06,2025-07-06,Delivered,5.0,No,Yes
ORD103525,CUST12175,2025-08-13,Delhi,Delhi,Nagpur,183.3,Home & Kitchen,5,1.19,Road,DTDC,831.25,267.0,8.05,2025-08-14,2025-08-18,2025-08-20,Delayed,3.0,No,No
ORD104121,CUST10523,2025-11-11,Delhi,Delhi,Chennai,731.4,Clothing,6,10.01,Rail,Ecom Express,2566.16,590.88,10.82,2025-11-13,2025-11-21,2025-11-24,Delayed,4.0,No,No
ORD101711,CUST12458,2025-07-04,Hyderabad,Hyderabad,Visakhapatnam,623.2,Sports,4,3.42,Air,Ecom Express,5861.78,467.91,5.02,2025-07-06,2025-07-10,2025-07-10,Delivered,3.0,No,No
ORD102186,CUST12284,2025-07-05,Bengaluru,Bengaluru,Delhi,304.5,Clothing,1,3.86,Air,Ecom Express,2578.93,226.43,12.09,2025-07-07,2025-07-08,2025-07-08,Delivered,4.0,No,No
ORD101441,CUST10579,2025-10-25,Bengaluru,Bengaluru,Pune,941.6,Grocery,6,1.96,Road,XpressBees,4059.08,1048.88,3.73,2025-10-26,2025-11-01,2025-11-01,Delivered,5.0,No,No
ORD100103,CUST11785,2025-12-07,Bengaluru,Bengaluru,Nagpur,377.7,Books,2,1.82,Road,Delhivery,1613.47,368.57,9.71,2025-12-10,2025-12-15,2025-12-15,Delivered,5.0,No,Yes
ORD102059,CUST11664,2025-02-01,Delhi,Delhi,Lucknow,610.5,Sports,7,3.0,Express,Delhivery,4315.95,568.18,10.49,2025-02-03,2025-02-08,2025-02-08,Delivered,5.0,No,No
ORD101532,CUST10418,2025-04-10,Hyderabad,Hyderabad,Chennai,582.6,Home & Kitchen,4,4.67,Road,XpressBees,2596.65,512.37,7.6,2025-04-13,2025-04-18,2025-04-18,Delivered,4.0,No,No
ORD100291,CUST12052,2025-03-04,Bengaluru,Bengaluru,Visakhapatnam,927.4,Sports,1,9.93,Rail,XpressBees,3091.68,1069.5,7.36,2025-03-06,2025-03-14,2025-03-14,Delivered,4.0,No,No
ORD100948,CUST12340,2025-10-09,Hyderabad,Hyderabad,Nagpur,388.3,Grocery,2,7.92,Road,XpressBees,1799.67,269.67,6.0,2025-10-12,2025-10-15,2025-10-15,Delivered,5.0,No,No
ORD101068,CUST10383,2025-09-12,Mumbai,Mumbai,Kochi,259.5,Electronics,1,12.53,Road,XpressBees,1415.89,188.44,10.95,2025-09-14,2025-09-18,2025-09-18,Delivered,5.0,No,No
ORD100120,CUST11901,2025-12-12,Hyderabad,Hyderabad,Mumbai,55.8,Home & Kitchen,4,24.12,Express,Ecom Express,780.63,68.72,4.32,2025-12-13,2025-12-15,2025-12-15,Delivered,3.0,No,No
ORD102822,CUST12773,2025-02-18,Pune,Pune,Ahmedabad,558.9,Sports,3,1.39,Road,DTDC,2537.44,587.34,4.63,2025-02-19,2025-02-25,2025-02-25,Delivered,5.0,No,No
ORD102605,CUST10007,2025-04-04,Hyderabad,Hyderabad,Surat,426.2,Electronics,7,7.76,Express,Ecom Express,3281.27,364.64,5.64,2025-04-06,2025-04-09,2025-04-09,Delivered,4.0,No,No
ORD104828,CUST12120,2025-11-29,Hyderabad,Hyderabad,Chennai,665.7,Beauty,2,6.13,Road,Ecom Express,2993.91,702.19,8.12,2025-12-01,2025-12-07,2025-12-07,Delivered,4.0,No,No
ORD103143,CUST12388,2025-12-15,Chennai,Chennai,Pune,545.8,Electronics,6,1.48,Road,DTDC,2373.32,386.04,7.01,2025-12-17,2025-12-23,2025-12-23,Delivered,4.0,No,No
ORD103355,CUST10093,2025-10-17,Mumbai,Mumbai,Bhopal,1325.5,Automotive,1,0.81,Road,DTDC,5604.85,1338.15,12.05,2025-10-20,2025-10-27,2025-10-27,Delivered,4.0,No,Yes
ORD103388,CUST10870,2025-07-24,delhi,Delhi,Chennai,547.9,Beauty,1,0.96,Road,XpressBees,2411.53,590.63,10.08,2025-07-27,2025-07-31,2025-07-31,Delivered,3.0,No,No
ORD103096,CUST11202,2025-11-12,Chennai,Chennai,Bengaluru,167.1,Home & Kitchen,5,7.3,Air,Blue Dart,1785.28,131.61,7.68,2025-11-15,2025-11-16,2025-11-16,Delivered,4.0,No,No
ORD101106,CUST11290,2025-05-08,Pune,Pune,Nagpur,315.7,Automotive,6,3.13,Road,Shadowfax,1409.79,221.04,11.27,2025-05-11,2025-05-16,2025-05-17,Delayed,3.0,No,No
ORD104302,CUST10126,2025-07-30,Mumbai,Mumbai,Ahmedabad,837.0,Books,7,0.28,Road,ecom express,3471.97,766.56,13.34,2025-08-02,2025-08-09,2025-08-09,Delivered,4.0,No,No
ORD101009,CUST12776,2025-05-23,Chennai,Chennai,Lucknow,131.9,Home & Kitchen,6,5.03,Road,Shadowfax,855.23,72.82,10.12,2025-05-25,2025-05-30,2025-05-30,Delivered,4.0,No,No
ORD104978,CUST10499,2025-05-11,Chennai,Chennai,Ahmedabad,369.8,Sports,3,4.96,Road,Shadowfax,1517.37,226.81,5.66,2025-05-13,2025-05-19,2025-05-19,Delivered,4.0,No,No
ORD101018,CUST12478,2025-04-02,Hyderabad,Hyderabad,Visakhapatnam,445.3,Clothing,2,12.96,Road,Blue Dart,2115.0,449.46,8.38,2025-04-04,2025-04-10,2025-04-10,Delivered,4.0,No,No
ORD104316,CUST10795,2025-12-31,Pune,Pune,Hyderabad,270.0,Beauty,2,3.15,Road,Ecom Express,1180.47,172.36,5.75,2026-01-02,2026-01-07,2026-01-07,Delivered,5.0,No,No
ORD102034,CUST11762,2025-07-03,Delhi,Delhi,Coimbatore,568.8,Beauty,6,4.02,Road,Blue Dart,2515.07,637.73,10.8,2025-07-05,2025-07-12,2025-07-12,Delivered,4.0,No,No
ORD102938,CUST12344,2025-04-10,Delhi,Delhi,Vijayawada,87.6,Beauty,4,15.47,Road,Ecom Express,542.25,98.08,10.12,2025-04-13,2025-04-17,2025-04-23,Delayed,3.0,No,No
ORD101636,CUST12761,2025-07-07,Mumbai,Mumbai,Coimbatore,424.9,Grocery,4,8.21,Rail,DTDC,1513.56,429.53,15.56,2025-07-10,2025-07-16,2025-07-19,Delayed,3.0,No,No
ORD103332,CUST10963,2025-05-26,Pune,Pune,Hyderabad,583.9,Beauty,5,7.08,Rail,Shadowfax,-100.0,569.34,8.17,2025-05-29,2025-06-05,2025-06-05,Delivered,4.0,No,No
ORD102101,CUST10615,2025-12-15,Hyderabad,Hyderabad,Chennai,104.2,Clothing,2,5.5,Road,Ecom Express,555.41,91.41,8.12,2025-12-17,2025-12-22,2025-12-22,Delivered,5.0,No,No
ORD101377,CUST10627,2025-07-15,Hyderabad,Hyderabad,Nagpur,1440.5,Electronics,1,8.66,Road,Blue Dart,6212.83,1276.38,4.49,2025-07-17,2025-07-23,2025-07-23,Delivered,5.0,No,No
ORD102120,CUST11111,2025-07-02,Chennai,Chennai,Lucknow,535.7,Electronics,4,6.67,Air,Blue Dart,5061.85,579.55,8.07,2025-07-04,2025-07-07,2025-07-07,Delivered,5.0,No,No
ORD103264,CUST12686,2025-04-01,Delhi,Delhi,,333.5,Automotive,4,6.62,Rail,XpressBees,1204.69,216.57,10.06,2025-04-03,2025-04-08,2025-04-08,Delivered,4.0,No,No
ORD100887,CUST10871,2025-09-23,Pune,Pune,Delhi,405.6,Books,7,6.99,Air,Ecom Express,3876.29,355.36,8.16,2025-09-26,2025-09-27,2025-09-27,Delivered,5.0,No,No
ORD101508,CUST11513,2025-03-06,Bengaluru,Bengaluru,Indore,393.3,Home & Kitchen,1,0.63,Road,Shadowfax,1763.37,316.08,11.75,2025-03-08,2025-03-14,2025-03-14,Delivered,5.0,No,No
ORD101732,CUST10207,2025-04-01,Bengaluru,Bengaluru,Kochi,181.9,Books,7,2.07,Road,Ecom Express,889.34,217.31,10.08,2025-04-04,2025-04-08,2025-04-08,Delivered,4.0,No,No
ORD103061,CUST12315,2025-11-28,Chennai,Chennai,Vijayawada,166.1,Automotive,4,2.27,Road,Shadowfax,811.04,163.54,8.42,2025-11-30,2025-12-04,2025-12-04,Delivered,,No,No
ORD100130,CUST10481,2025-08-20,Chennai,Chennai,Jaipur,803.4,Home & Kitchen,7,10.39,Rail,XpressBees,2869.9,789.16,7.97,2025-08-21,2025-08-27,2025-08-27,Delivered,4.0,Yes,Yes
ORD100477,CUST10758,2025-10-23,Hyderabad,Hyderabad,Chennai,764.5,Electronics,2,6.0,Road,XpressBees,3226.49,801.92,9.89,2025-10-26,2025-11-01,2025-11-03,Delayed,3.0,No,No
ORD102375,CUST11286,2025-03-23,Chennai,Chennai,Hyderabad,315.4,Home & Kitchen,3,1.62,Express,Blue Dart,2201.38,308.21,6.13,2025-03-25,2025-03-29,2025-03-29,Delivered,4.0,No,No
ORD103741,CUST11034,2025-07-31,Chennai,Chennai,Nagpur,289.7,Beauty,7,14.27,Express,Blue Dart,2264.84,224.17,9.51,2025-08-02,2025-08-06,2025-08-06,Delivered,5.0,No,No
ORD104256,CUST12285,2025-02-16,Chennai,Chennai,Delhi,880.2,Grocery,2,3.83,Express,Ecom Express,6279.02,984.02,4.74,2025-02-17,2025-02-21,2025-02-24,Delayed,3.0,No,No
ORD103622,CUST11725,2025-09-16,Pune,Pune,Ahmedabad,216.9,Automotive,3,7.31,Road,Shadowfax,1013.02,120.51,7.84,2025-09-17,2025-09-23,2025-09-24,Delayed,4.0,No,No
ORD102016,CUST11889,2025-03-14,Mumbai,Mumbai,Surat,125.1,Grocery,4,13.36,Rail,XpressBees,626.5,172.14,11.06,2025-03-17,2025-03-22,2025-03-27,Delayed,2.0,No,No
ORD104346,CUST11240,2025-08-27,Hyderabad,Hyderabad,Pune,203.3,Books,7,6.03,Air,XpressBees,2024.41,121.57,7.14,2025-08-29,2025-09-01,2025-09-01,Delivered,4.0,No,No
ORD101932,CUST11304,2025-08-24,Bengaluru,Bengaluru,Delhi,235.9,Clothing,7,0.74,Road,Shadowfax,1167.56,204.33,10.58,2025-08-27,2025-09-01,2025-09-01,Delivered,4.0,No,No
ORD104240,CUST12518,2025-04-04,Bengaluru,Bengaluru,Surat,75.2,Grocery,1,8.44,Road,DTDC,393.6,83.45,12.26,2025-04-06,2025-04-09,2025-04-09,Delivered,4.0,No,No
ORD100659,CUST10724,2025-10-04,Chennai,Chennai,Kochi,510.1,Books,2,9.24,Road,Blue Dart,2351.26,604.19,5.28,2025-10-06,2025-10-11,2025-10-11,Delivered,4.0,No,No
ORD101740,CUST10796,2025-05-25,Hyderabad,Hyderabad,Kolkata,793.1,Electronics,4,1.44,Air,XpressBees,7266.68,801.43,6.66,2025-05-28,2025-06-01,2025-06-01,Delivered,4.0,No,No
ORD102782,CUST10953,2025-01-24,Chennai,Chennai,Bhopal,1070.8,Sports,6,9.02,Road,Ecom Express,4701.96,1199.56,3.24,2025-01-26,2025-02-02,2025-02-02,Delivered,4.0,No,No
ORD102829,CUST10371,2025-09-29,Chennai,Chennai,Bengaluru,432.2,Books,5,10.53,Rail,Ecom Express,1605.06,278.54,11.12,2025-10-01,2025-10-06,2025-10-06,Delivered,5.0,No,No
ORD103113,CUST10239,2025-11-14,Pune,Pune,Lucknow,372.9,Clothing,3,7.48,Rail,Delhivery,1313.32,280.59,10.64,2025-11-17,2025-11-23,2025-11-23,Delivered,5.0,No,No
ORD101306,CUST12645,2025-04-05,Chennai,Chennai,Surat,302.3,Home & Kitchen,6,12.4,Road,Blue Dart,1519.21,299.93,7.65,2025-04-07,2025-04-13,2025-04-13,Delivered,4.0,No,No
ORD103953,CUST10026,2025-02-28,Hyderabad,Hyderabad,Lucknow,735.6,Beauty,7,3.11,Road,XpressBees,3161.93,571.44,,2025-03-02,2025-03-08,2025-03-08,Delivered,4.0,No,No
ORD104692,CUST11914,2025-04-10,Mumbai,Mumbai,Vijayawada,444.9,Beauty,4,3.97,Road,Shadowfax,2052.31,340.69,10.29,2025-04-13,2025-04-18,2025-04-18,Delivered,4.0,No,No
ORD104611,CUST10394,2025-11-11,Delhi,Delhi,Hyderabad,350.3,Electronics,4,5.17,Road,Delhivery,1564.89,294.44,12.14,2025-11-14,2025-11-18,2025-11-18,Delivered,5.0,No,No
ORD102315,CUST11234,2025-05-23,Chennai,Chennai,Lucknow,257.3,Books,6,13.01,Express,XpressBees,2170.99,289.81,8.83,2025-05-25,2025-05-28,2025-05-28,Delivered,5.0,No,No
ORD104634,CUST10922,2025-11-22,Hyderabad,Hyderabad,Ahmedabad,274.1,Electronics,2,1.75,Road,Blue Dart,1243.69,196.53,5.31,2025-11-24,2025-11-30,2025-11-30,Delivered,5.0,No,No
ORD100133,CUST12411,2025-04-21,Mumbai,Mumbai,Pune,301.4,Sports,6,13.22,Rail,Ecom Express,1334.79,248.77,13.08,2025-04-24,2025-05-01,2025-05-01,Delivered,3.0,No,No
ORD104113,CUST11490,2025-05-01,Mumbai,Mumbai,Jaipur,442.5,Beauty,6,2.79,Road,Blue Dart,1951.75,424.84,9.87,2025-05-04,2025-05-10,2025-05-12,Delayed,3.0,Yes,Yes
ORD102194,CUST10947,2025-01-17,Pune,Pune,Ahmedabad,638.5,Sports,2,0.79,Road,Delhivery,2680.99,651.73,11.11,2025-01-19,2025-01-25,2025-01-27,Delayed,3.0,No,No
ORD103921,CUST12455,2025-08-29,Bengaluru,Bengaluru,Nagpur,340.4,Clothing,2,3.86,Road,Delhivery,1561.66,429.92,9.72,2025-08-31,2025-09-06,2025-09-09,Delayed,3.0,No,No
ORD103487,CUST11091,2025-06-06,Hyderabad,Hyderabad,Visakhapatnam,884.0,Clothing,7,4.69,express,DTDC,6305.82,822.36,4.76,2025-06-08,2025-06-12,2025-06-12,Delivered,5.0,No,No
ORD103276,CUST11491,2025-11-22,Hyderabad,Hyderabad,Nagpur,322.3,Grocery,6,19.47,Rail,Shadowfax,1340.54,197.29,5.31,2025-11-24,2025-11-30,2025-11-30,Delivered,3.0,No,No
ORD104377,CUST11989,2025-11-14,Pune,Pune,Coimbatore,384.8,Home & Kitchen,2,3.35,Road,DTDC,1710.35,366.33,8.8,2025-11-17,2025-11-22,2025-11-22,Delivered,5.0,No,No
ORD103811,CUST10496,2025-04-14,Bengaluru,Bengaluru,Nagpur,154.0,Home & Kitchen,6,1.38,Road,XpressBees,607.03,116.22,6.68,2025-04-16,2025-04-20,2025-04-20,Delivered,4.0,No,No
ORD104480,CUST11211,2025-08-29,Bengaluru,Bengaluru,Ahmedabad,255.8,Beauty,2,7.76,Road,Delhivery,1266.5,264.03,6.11,2025-09-01,2025-09-06,2025-09-06,Delivered,5.0,No,No
ORD100764,CUST12674,2025-04-16,Hyderabad,Hyderabad,Bengaluru,348.9,Sports,3,9.07,Rail,Delhivery,1376.36,366.71,5.49,2025-04-18,2025-04-24,2025-04-24,Delivered,3.0,No,No
ORD104986,CUST10028,2025-01-14,Hyderabad,Hyderabad,Mumbai,453.2,Grocery,2,1.84,Road,XpressBees,1888.95,382.79,7.1,2025-01-16,2025-01-22,2025-01-22,Delivered,3.0,No,No
ORD100285,CUST10297,2025-10-15,Mumbai,Mumbai,Visakhapatnam,513.5,Home & Kitchen,1,0.9,Road,Blue Dart,2167.22,460.99,8.79,2025-10-18,2025-10-26,2025-10-26,Delivered,4.0,No,No
ORD103050,CUST10445,2025-05-17,Mumbai,Mumbai,Kolkata,411.7,Books,5,3.11,Road,Ecom Express,1840.58,307.48,12.03,2025-05-20,2025-05-25,2025-05-25,Delivered,4.0,No,No
ORD102260,CUST11538,2025-03-04,Delhi,Delhi,Indore,156.6,Grocery,3,6.41,Rail,Blue Dart,620.52,102.01,7.31,2025-03-06,2025-03-12,2025-03-17,Delayed,4.0,No,No
ORD102849,CUST11479,2025-05-10,Pune,Pune,Hyderabad,442.0,Books,1,2.47,Road,XpressBees,1982.7,394.72,6.99,2025-05-13,2025-05-18,2025-05-18,Delivered,4.0,No,No
ORD102109,CUST10092,2025-06-11,Mumbai,Mumbai,Bhopal,264.1,Electronics,4,16.23,Road,Blue Dart,1345.04,257.35,11.87,2025-06-13,2025-06-19,2025-06-19,Delivered,5.0,No,No
ORD104957,CUST11767,2025-02-10,Mumbai,Mumbai,Indore,261.6,Books,4,0.73,Road,XpressBees,1128.92,241.41,13.18,2025-02-14,2025-02-19,2025-02-24,Delayed,4.0,No,No
ORD102477,CUST11611,2025-06-14,Mumbai,Mumbai,Bengaluru,345.6,Books,5,4.37,Air,Ecom Express,3375.79,250.96,6.18,2025-06-16,2025-06-18,2025-06-21,Delayed,3.0,No,No
ORD103476,CUST11548,2025-08-15,Bengaluru,Bengaluru,Coimbatore,208.6,Sports,3,8.36,Road,Shadowfax,1006.28,199.43,6.63,2025-08-17,2025-08-21,2025-08-21,Delivered,4.0,No,No
ORD104384,CUST12601,2025-10-10,Mumbai,Mumbai,Bhopal,393.7,Beauty,7,3.79,Road,Delhivery,1892.87,342.91,13.42,2025-10-13,2025-10-18,2025-10-18,Delivered,4.0,No,No
ORD102247,CUST12336,2025-02-26,Chennai,Chennai,Mumbai,446.7,Automotive,5,7.12,Road,Ecom Express,2038.8,474.8,8.56,2025-02-28,2025-03-05,2025-03-05,Delivered,4.0,No,No
ORD100209,CUST10010,2025-01-24,Mumbai,Mumbai,Kolkata,161.7,Automotive,3,9.74,Express,Shadowfax,1321.38,86.9,8.43,2025-01-26,2025-01-29,2025-01-29,Delivered,4.0,No,No
ORD101195,CUST12660,2025-08-21,Bengaluru,Bengaluru,Kochi,352.6,Electronics,3,6.56,Road,Blue Dart,1598.31,233.3,6.56,2025-08-22,2025-08-27,2025-08-27,Delivered,5.0,No,No
ORD103516,CUST11278,2025-01-21,Delhi,Delhi,Kochi,65.1,Automotive,1,0.2,Road,Delhivery,213.15,20.0,5.66,2025-01-22,2025-01-27,2025-01-28,Delayed,3.0,No,No
ORD100698,CUST10983,2025-09-03,Bengaluru,Bengaluru,Kochi,97.4,Electronics,3,6.04,Rail,Shadowfax,434.52,121.37,6.41,2025-09-05,2025-09-11,2025-09-11,Delivered,4.0,Yes,No
ORD101534,CUST12647,2025-11-09,Delhi,Delhi,Kolkata,268.3,Beauty,4,0.91,Air,Ecom Express,2478.34,284.33,8.09,2025-11-12,2025-11-14,2025-11-14,Delivered,4.0,No,No
ORD102323,CUST10150,2025-09-08,Hyderabad,Hyderabad,Indore,354.1,Grocery,6,5.17,Air,DTDC,3467.43,371.39,3.83,2025-09-10,2025-09-12,2025-09-12,Delivered,5.0,No,No
ORD102226,CUST12756,2025-06-13,Hyderabad,Hyderabad,Surat,97.2,Sports,7,4.16,Express,DTDC,826.34,116.09,7.91,2025-06-15,2025-06-17,2025-06-20,Delayed,4.0,No,No
ORD101566,CUST12392,2025-11-27,Hyderabad,Hyderabad,Indore,138.8,Automotive,3,25.31,Road,Shadowfax,1046.04,111.12,7.25,2025-11-28,2025-12-03,2025-12-03,Delivered,4.0,No,No
ORD103790,CUST10930,2025-07-28,Hyderabad,Hyderabad,Lucknow,429.9,Grocery,2,1.92,Rail,XpressBees,1527.22,379.55,6.15,2025-07-29,2025-08-03,2025-08-03,Delivered,5.0,No,No
ORD104538,CUST10423,2025-02-12,Hyderabad,Hyderabad,Bhopal,268.4,Electronics,4,3.55,Road,Blue Dart,1193.59,228.58,7.89,2025-02-14,2025-02-20,2025-02-20,Delivered,4.0,No,No
ORD101882,CUST10259,2025-01-21,Hyderabad,Hyderabad,Lucknow,88.3,Grocery,3,0.2,Road,Blue Dart,438.47,99.4,9.7,2025-01-24,2025-01-27,2025-01-27,Delivered,5.0,No,No
ORD101920,CUST12274,2025-09-01,Mumbai,Mumbai,Lucknow,1140.2,Clothing,4,7.6,Road,Delhivery,4842.51,890.76,10.45,2025-09-04,2025-09-12,2025-09-12,Delivered,5.0,No,No
ORD102884,CUST11822,2025-02-28,Hyderabad,Hyderabad,Indore,236.4,Grocery,7,8.22,Road,XpressBees,1290.82,299.65,5.12,2025-03-01,2025-03-05,2025-03-05,Delivered,5.0,No,No
ORD101542,CUST11600,2025-06-10,Hyderabad,Hyderabad,Jaipur,620.7,Clothing,3,3.07,Air,Shadowfax,5524.68,637.84,5.66,2025-06-11,2025-06-16,2025-06-16,Delivered,5.0,No,No
ORD101896,CUST12436,2025-05-04,Hyderabad,Hyderabad,Lucknow,262.4,Grocery,7,8.6,Air,Blue Dart,2466.1,300.66,,2025-05-06,2025-05-07,2025-05-10,Delayed,4.0,No,No
ORD101475,CUST11504,2025-03-21,mumbai,Mumbai,Bhopal,417.1,Electronics,1,9.51,Road,Shadowfax,1960.65,259.48,8.2,2025-03-24,2025-03-31,2025-03-31,Delivered,5.0,No,No
ORD103770,CUST11493,2025-12-11,Pune,Pune,Hyderabad,91.0,Beauty,3,5.01,Express,Shadowfax,803.03,65.96,8.47,2025-12-14,2025-12-16,2025-12-16,Delivered,4.0,No,No
ORD102735,CUST11589,2025-08-06,Mumbai,Mumbai,Ahmedabad,381.2,Sports,4,2.43,Rail,XpressBees,1282.52,352.81,12.29,2025-08-09,2025-08-15,2025-08-15,Delivered,4.0,No,No
ORD103581,CUST10802,2025-08-02,Hyderabad,Hyderabad,Surat,161.6,Clothing,4,16.98,Air,Ecom Express,1656.04,166.9,7.13,2025-08-04,2025-08-07,2025-08-07,Delivered,4.0,No,No
ORD103306,CUST12310,2025-02-06,Mumbai,Mumbai,Bengaluru,109.6,Books,2,11.4,Road,Shadowfax,604.92,53.85,7.97,2025-02-08,2025-02-12,2025-02-12,Delivered,4.0,No,No
ORD104597,CUST10820,2025-01-07,Hyderabad,Hyderabad,Vijayawada,71.8,Home & Kitchen,1,8.73,Road,Shadowfax,530.0,111.45,5.86,2025-01-08,2025-01-14,2025-01-17,Delayed,5.0,No,No
ORD101779,CUST10395,2025-07-29,Hyderabad,Hyderabad,Kolkata,224.1,Automotive,4,6.6,Express,Shadowfax,1658.41,235.67,6.32,2025-08-01,2025-08-05,2025-08-05,Delivered,5.0,No,No
ORD103412,CUST12315,2025-01-26,Mumbai,Mumbai,Chennai,253.3,Grocery,1,10.85,Air,Blue Dart,2522.18,216.2,9.79,2025-01-28,2025-02-01,2025-02-01,Delivered,4.0,No,No
ORD104747,CUST10136,2025-06-21,Delhi,Delhi,Vijayawada,101.4,Sports,1,5.96,Road,Shadowfax,471.33,93.67,9.79,2025-06-23,2025-06-28,2025-06-28,Delivered,4.0,No,No
ORD104352,CUST12709,2025-08-25,Delhi,Delhi,Mumbai,111.2,Books,4,1.71,Road,Shadowfax,490.64,83.21,9.67,2025-08-27,2025-08-31,2025-09-02,Delayed,4.0,No,No
ORD100143,CUST11768,2025-04-23,Pune,Pune,Indore,44.4,Beauty,7,4.08,Road,XpressBees,440.97,141.54,10.87,2025-04-25,2025-04-30,2025-04-30,Delivered,4.0,No,No
ORD102805,CUST10031,2025-02-17,Mumbai,Mumbai,Pune,72.7,Clothing,1,5.54,Express,DTDC,689.24,86.16,8.88,2025-02-19,2025-02-20,2025-02-27,Delayed,3.0,No,No
ORD104019,CUST11754,2025-09-05,Chennai,Chennai,Delhi,111.3,Electronics,5,2.89,Air,DTDC,1194.78,120.81,3.83,2025-09-07,2025-09-09,2025-09-09,Delivered,4.0,No,No
ORD103092,CUST10966,2025-12-08,Chennai,Chennai,,562.3,Clothing,4,5.63,Air,Delhivery,5337.9,498.3,6.26,2025-12-09,2025-12-13,2025-12-13,Delivered,4.0,No,Yes
ORD100749,CUST11098,2025-05-02,Chennai,Chennai,Kochi,305.3,Home & Kitchen,1,6.68,Road,Shadowfax,1423.91,226.72,4.79,2025-05-04,2025-05-08,2025-05-09,Delayed,3.0,No,No
ORD103250,CUST11483,2025-07-10,Mumbai,Mumbai,Vijayawada,274.7,Books,5,2.54,Rail,Blue Dart,812.04,,7.88,2025-07-12,2025-07-18,2025-07-18,Delivered,4.0,No,No
ORD100273,CUST11623,2025-03-07,Mumbai,Mumbai,Chennai,281.3,Sports,7,3.98,Road,Ecom Express,1253.92,222.01,9.19,2025-03-09,2025-03-15,2025-03-15,Delivered,4.0,No,Yes
ORD100440,CUST12400,2025-11-14,Chennai,Chennai,Jaipur,309.7,Automotive,6,7.51,Air,Shadowfax,2943.55,301.67,3.82,2025-11-15,2025-11-17,2025-11-17,Delivered,5.0,No,No
ORD101087,CUST10841,2025-05-18,Hyderabad,Hyderabad,Kochi,207.4,Books,2,5.06,Rail,Delhivery,700.31,190.59,8.05,2025-05-20,2025-05-27,2025-05-27,Delivered,5.0,No,No
ORD101128,CUST10005,2025-03-24,Chennai,Chennai,Hyderabad,737.7,Electronics,7,2.24,Road,Ecom Express,3259.17,700.9,11.05,2025-03-26,2025-03-30,2025-03-30,Delivered,5.0,No,No
ORD101654,CUST12627,2025-12-17,Delhi,Delhi,Vijayawada,552.0,Electronics,3,1.51,Rail,Delhivery,1825.51,586.81,7.92,2025-12-19,2025-12-26,2025-12-26,Delivered,5.0,No,No
ORD104765,CUST11924,2025-05-07,Bengaluru,Bengaluru,Vijayawada,306.2,Automotive,4,5.52,Road,Delhivery,1512.07,180.55,10.06,2025-05-11,2025-05-17,2025-05-17,Delivered,3.0,No,No
ORD101606,CUST11895,2025-09-19,Mumbai,Mumbai,Coimbatore,928.2,Beauty,7,2.41,Express,Ecom Express,6469.62,791.94,11.23,2025-09-22,2025-09-27,2025-09-30,Delayed,2.0,No,No
ORD102442,CUST12051,2025-08-04,Bengaluru,Bengaluru,Pune,222.4,Automotive,1,1.94,Road,Blue Dart,1066.01,131.74,6.34,2025-08-05,2025-08-11,2025-08-11,Delivered,4.0,No,No
ORD101357,CUST10746,2025-07-08,Mumbai,Mumbai,Kochi,389.8,Sports,3,8.94,Rail,XpressBees,1454.54,266.94,10.79,2025-07-11,2025-07-17,2025-07-17,Delivered,,No,No
ORD104344,CUST10024,2025-04-13,Chennai,Chennai,Mumbai,136.3,Beauty,1,0.37,Rail,XpressBees,406.57,154.54,8.34,2025-04-15,2025-04-21,2025-04-21,Delivered,5.0,No,Yes
ORD100807,CUST10654,2025-01-17,Bengaluru,Bengaluru,Mumbai,501.1,Electronics,4,13.24,Road,XpressBees,2336.83,457.98,7.33,2025-01-20,2025-01-25,2025-01-25,Delivered,5.0,No,No
ORD104446,CUST10166,2025-07-11,Pune,Pune,Kolkata,485.0,Sports,5,7.85,Road,Delhivery,2194.54,513.55,9.41,2025-07-13,2025-07-18,2025-07-18,Delivered,4.0,No,No
ORD103943,CUST12345,2025-12-04,Chennai,Chennai,Ahmedabad,296.7,Grocery,6,4.06,Road,DTDC,1370.1,253.8,7.88,2025-12-05,2025-12-10,2025-12-15,Delayed,3.0,Yes,Yes
ORD101810,CUST10904,2025-04-13,Delhi,Delhi,Bengaluru,449.3,grocery,3,6.92,Rail,Delhivery,1455.99,371.6,10.12,2025-04-16,2025-04-23,2025-04-23,Delivered,4.0,No,No
ORD102757,CUST10805,2025-11-26,Delhi,Delhi,Jaipur,1156.7,Automotive,1,1.59,Road,DTDC,4814.06,717.14,10.3,2025-11-29,2025-12-06,2025-12-06,Delivered,5.0,No,No
ORD103877,CUST10980,2025-04-11,Hyderabad,Hyderabad,Indore,511.1,Books,0,6.31,road,Ecom Express,2376.18,522.66,6.19,2025-04-12,2025-04-18,2025-04-18,Delivered,4.0,No,No
ORD101013,CUST12607,2025-05-07,Chennai,Chennai,Bengaluru,453.6,Grocery,4,2.06,Rail,Ecom Express,1546.2,440.77,4.47,2025-05-09,2025-05-15,2025-05-15,Delivered,5.0,No,No
ORD104786,CUST12471,2025-11-26,Bengaluru,Bengaluru,Chennai,163.4,Clothing,1,7.69,Rail,DTDC,465.89,199.36,7.79,2025-11-27,2025-12-03,2025-12-03,Delivered,4.0,No,No
ORD102948,CUST10530,2025-03-01,Hyderabad,Hyderabad,Delhi,475.3,Grocery,5,3.15,Road,DTDC,2097.66,452.08,6.34,2025-03-03,2025-03-09,2025-03-09,Delivered,4.0,No,No
ORD104106,CUST11937,2025-09-16,Bengaluru,Bengaluru,Indore,275.8,Books,7,9.78,Air,Ecom Express,2791.87,174.57,8.79,2025-09-18,2025-09-21,2025-09-21,Delivered,4.0,No,No
ORD100903,CUST11979,2025-04-28,Mumbai,Mumbai,Jaipur,426.5,Clothing,5,1.22,Express,Delhivery,3025.35,313.86,11.76,2025-05-01,2025-05-04,2025-05-04,Delivered,4.0,No,No
ORD103428,CUST11326,2025-01-12,Pune,Pune,Ahmedabad,1102.2,Home & Kitchen,4,11.45,Road,Shadowfax,4906.99,772.66,8.58,2025-01-14,2025-01-20,2025-01-20,Delivered,5.0,No,Yes
ORD102255,CUST10079,2025-05-15,Chennai,Chennai,Indore,367.1,Home & Kitchen,4,4.14,Road,Shadowfax,1529.23,453.48,9.22,2025-05-18,2025-05-23,2025-05-23,Delivered,4.0,No,No
ORD104360,CUST11935,2025-04-13,Bengaluru,Bengaluru,Visakhapatnam,411.6,Beauty,4,2.7,Air,DTDC,3853.08,392.88,6.69,2025-04-15,2025-04-17,2025-04-17,Delivered,4.0,No,No
ORD102271,CUST11278,2025-05-29,Bengaluru,Bengaluru,Delhi,634.2,Automotive,1,3.66,Road,DTDC,2788.28,680.74,8.88,2025-06-01,2025-06-06,2025-06-06,Delivered,5.0,No,No
ORD100516,CUST11839,2025-07-14,Hyderabad,Hyderabad,Kochi,148.7,Home & Kitchen,2,5.73,Road,Ecom Express,749.18,181.14,5.79,2025-07-15,2025-07-22,2025-07-22,Delivered,4.0,No,No
ORD100412,CUST12167,2025-07-02,Chennai,Chennai,Mumbai,147.5,Electronics,2,2.45,Air,Ecom Express,1358.34,104.55,7.8,2025-07-04,2025-07-07,2025-07-07,Delivered,4.0,No,No
ORD102599,CUST12334,2025-05-09,Bengaluru,Bengaluru,Coimbatore,976.6,Grocery,6,0.62,Road,XpressBees,4142.53,938.76,6.33,2025-05-11,2025-05-18,2025-05-21,Delayed,5.0,No,No
ORD101996,CUST11729,2025-05-04,Hyderabad,Hyderabad,Kochi,319.1,Electronics,5,12.31,Road,DTDC,1582.72,311.61,4.38,2025-05-06,2025-05-11,2025-05-13,Delayed,4.0,No,No
ORD103341,CUST10021,2025-09-20,Pune,Pune,Surat,444.9,Beauty,6,3.75,Road,Blue Dart,1835.55,438.81,7.24,2025-09-23,2025-09-29,2025-09-29,Delivered,4.0,No,No
ORD100123,CUST12499,2025-11-21,Pune,Pune,Delhi,410.0,Sports,3,4.88,Rail,Shadowfax,1471.89,484.1,12.15,2025-11-23,2025-11-30,2025-11-30,Delivered,5.0,No,No
ORD102637,CUST11972,2025-06-25,Bengaluru,Bengaluru,Vijayawada,642.9,Electronics,7,3.63,Air,Shadowfax,5996.12,498.23,8.14,2025-06-27,2025-06-29,2025-06-29,Delivered,4.0,No,No
ORD102907,CUST11842,2025-01-12,Hyderabad,Hyderabad,Bhopal,213.7,Grocery,4,4.07,Rail,Shadowfax,662.58,168.65,8.71,2025-01-15,2025-01-22,2025-01-22,Delivered,4.0,No,No
ORD102903,CUST10172,2025-11-11,Hyderabad,Hyderabad,,141.9,Sports,1,8.42,Road,DTDC,855.68,145.76,10.48,2025-11-14,2025-11-20,2025-11-20,Delivered,4.0,No,No
ORD103192,CUST10253,2025-12-30,Mumbai,Mumbai,Bengaluru,491.0,Grocery,5,1.0,Road,XpressBees,2070.68,311.57,9.23,2026-01-01,2026-01-06,2026-01-09,Delayed,2.0,No,No
ORD102439,CUST10806,2025-05-24,Hyderabad,Hyderabad,Nagpur,691.4,Books,4,5.87,Road,Delhivery,2974.55,620.65,6.8,2025-05-25,2025-05-30,2025-05-30,Delivered,5.0,No,No
ORD101785,CUST10613,2025-10-29,Pune,Pune,Kolkata,387.2,Books,3,7.38,Road,Blue Dart,1737.92,370.4,12.03,2025-10-31,2025-11-06,2025-11-06,Delivered,5.0,No,No
ORD100718,CUST12263,2025-11-24,Chennai,Chennai,Jaipur,855.7,Beauty,2,4.67,Road,Ecom Express,3686.17,687.66,9.79,2025-11-26,2025-12-03,2025-12-03,Delivered,5.0,No,No
ORD104812,CUST10516,2025-03-01,Bengaluru,Bengaluru,Bhopal,1054.8,Books,6,11.89,Road,Shadowfax,4667.05,803.63,6.89,2025-03-04,2025-03-10,2025-03-15,Delayed,4.0,No,No
ORD100404,CUST10075,2025-01-12,Bengaluru,Bengaluru,Delhi,418.0,Automotive,3,5.04,Express,Ecom Express,3013.58,319.03,7.78,2025-01-14,2025-01-18,2025-01-18,Delivered,4.0,No,No
ORD100697,CUST11293,2025-01-18,Mumbai,Mumbai,Visakhapatnam,214.3,Grocery,3,6.01,Rail,XpressBees,769.15,210.59,8.73,2025-01-20,2025-01-28,2025-01-28,Delivered,4.0,No,No
ORD100804,CUST12656,2025-01-03,Hyderabad,Hyderabad,Chennai,142.0,Electronics,7,1.85,Air,XpressBees,1449.08,195.5,6.69,2025-01-05,2025-01-06,2025-01-06,Delivered,4.0,No,No
ORD103352,CUST12161,2025-02-11,Mumbai,Mumbai,Jaipur,177.5,Home & Kitchen,6,5.67,Road,Delhivery,921.11,152.02,9.33,2025-02-14,2025-02-19,2025-02-19,Delivered,5.0,No,No
ORD100962,CUST10153,2025-09-12,Mumbai,Mumbai,Pune,746.4,Grocery,4,3.64,Rail,Blue Dart,2626.4,859.09,10.0,2025-09-15,2025-09-23,2025-09-26,Delayed,4.0,Yes,No
ORD100026,CUST11012,2025-11-17,hyderabad,Hyderabad,Bhopal,156.7,Sports,5,6.3,Road,Blue Dart,844.97,165.1,7.13,2025-11-18,2025-11-24,2025-11-24,Delivered,5.0,No,No
ORD104865,CUST11783,2025-04-16,Hyderabad,Hyderabad,Bengaluru,414.4,Beauty,3,4.03,Rail,Ecom Express,1348.14,326.86,4.26,2025-04-18,2025-04-25,2025-04-30,Delayed,3.0,No,Yes
ORD101904,CUST11780,2025-11-01,Mumbai,Mumbai,Bhopal,526.0,Electronics,2,9.84,Road,DTDC,2474.03,560.95,11.36,2025-11-03,2025-11-08,2025-11-08,Delivered,4.0,No,No
ORD101950,CUST10611,2025-11-08,Pune,Pune,Kolkata,384.0,Books,4,8.05,Road,XpressBees,1759.05,368.46,11.22,2025-11-10,2025-11-15,2025-11-16,Delayed,4.0,No,No
ORD104580,CUST11880,2025-01-21,Pune,Pune,Chennai,633.7,Sports,2,8.24,Rail,Blue Dart,2216.6,705.43,6.11,2025-01-22,2025-01-28,2025-01-28,Delivered,4.0,No,No
ORD102659,CUST11008,2025-02-22,Hyderabad,Hyderabad,Mumbai,203.6,Clothing,4,5.79,Air,Delhivery,2013.3,223.46,7.83,2025-02-24,2025-02-26,2025-02-28,Delayed,3.0,No,No
ORD102748,CUST12588,2025-02-20,pune,Pune,Nagpur,1228.2,Books,4,10.81,Air,Delhivery,11301.84,1154.54,10.66,2025-02-23,2025-03-01,2025-03-03,Delayed,3.0,No,No
ORD100532,CUST12542,2025-05-01,Delhi,Delhi,Coimbatore,567.7,Books,3,5.57,Road,Ecom Express,2448.4,388.86,8.54,2025-05-03,2025-05-09,2025-05-11,Delayed,3.0,Yes,Yes
ORD103437,CUST10681,2025-07-08,Bengaluru,Bengaluru,Coimbatore,775.2,Sports,6,1.97,Road,XpressBees,3405.82,558.24,8.5,2025-07-09,2025-07-14,2025-07-16,Delayed,4.0,No,No
ORD102575,CUST11901,2025-07-11,Mumbai,Mumbai,Coimbatore,341.9,Books,1,7.5,Road,Ecom Express,1512.44,216.96,12.0,2025-07-15,2025-07-21,2025-07-22,Delayed,2.0,No,No
ORD100580,CUST11552,2025-02-26,Pune,Pune,Vijayawada,626.4,Books,5,3.82,Road,Blue Dart,2705.85,475.02,13.57,2025-03-01,2025-03-06,2025-03-06,Delivered,4.0,Yes,No
ORD104887,CUST12434,2025-02-15,Delhi,Delhi,Pune,520.4,Sports,1,4.29,Rail,Ecom Express,1766.47,454.05,5.95,2025-02-17,2025-02-23,2025-02-25,Delayed,3.0,No,No
ORD100200,CUST11263,2025-09-27,Pune,Pune,Bhopal,218.6,Automotive,7,3.65,Road,DTDC,1067.2,180.57,11.39,2025-09-29,2025-10-04,2025-10-04,Delivered,4.0,No,No
ORD104952,CUST10676,2025-06-21,Chennai,Chennai,Nagpur,804.0,Grocery,4,3.29,Rail,DTDC,2530.38,547.84,7.49,2025-06-23,2025-06-30,2025-06-30,Delivered,4.0,No,Yes
ORD101680,CUST10662,2025-01-15,Hyderabad,Hyderabad,Visakhapatnam,656.6,Automotive,3,6.15,Road,Ecom Express,2865.66,630.62,7.42,2025-01-17,2025-01-24,2025-01-28,Delayed,4.0,No,No
ORD102519,CUST10012,2025-12-24,Pune,Pune,Mumbai,208.0,Clothing,1,9.45,Air,Blue Dart,2059.22,180.63,10.96,2025-12-26,2025-12-29,2025-12-29,Delivered,4.0,No,No
ORD100926,CUST11017,2025-12-29,Pune,Pune,Mumbai,128.7,Grocery,4,5.02,Road,XpressBees,706.81,119.62,8.39,2025-12-31,2026-01-04,2026-01-04,Delivered,5.0,No,No
ORD101756,CUST11084,2025-04-23,Chennai,Chennai,Bhopal,74.5,Home & Kitchen,1,1.44,Road,XpressBees,375.47,99.43,5.02,2025-04-25,2025-04-29,2025-04-29,Delivered,4.0,No,No
ORD100599,CUST11523,2025-08-03,Hyderabad,Hyderabad,Bengaluru,150.9,Clothing,6,1.7,Express,DTDC,1165.12,127.7,8.88,2025-08-04,2025-08-05,2025-08-05,Delivered,4.0,No,No
ORD101276,CUST11495,2025-04-03,Mumbai,Mumbai,Jaipur,622.4,Sports,2,4.08,Road,Shadowfax,2826.31,648.55,11.72,2025-04-05,2025-04-09,2025-04-09,Delivered,5.0,No,No
ORD102779,CUST11970,2025-11-01,Pune,Pune,Hyderabad,273.0,Home & Kitchen,7,2.18,Rail,Blue Dart,981.15,326.84,11.31,2025-11-04,2025-11-11,2025-11-14,Delayed,2.0,No,No
ORD101326,CUST11318,2025-05-22,Delhi,Delhi,Pune,124.3,Sports,7,7.8,Road,DTDC,695.79,195.0,8.77,2025-05-24,2025-05-28,2025-05-28,Delivered,4.0,No,No
ORD101386,CUST11979,2025-04-30,Bengaluru,Bengaluru,Bhopal,161.2,Beauty,3,0.78,Road,XpressBees,829.09,156.34,8.48,2025-05-01,2025-05-05,2025-05-06,Delayed,3.0,No,No
ORD102808,CUST11423,2025-01-15,Delhi,Delhi,Kolkata,728.7,Home & Kitchen,3,2.08,Air,Ecom Express,6645.3,680.15,8.55,2025-01-17,2025-01-20,2025-01-24,Delayed,,No,No
ORD100533,CUST12129,2025-12-02,Chennai,Chennai,Delhi,278.4,Sports,3,1.48,Road,Ecom Express,1282.98,289.8,9.02,2025-12-04,2025-12-08,2025-12-08,Delivered,4.0,No,No
ORD101161,CUST10593,2025-04-15,Mumbai,Mumbai,Bengaluru,1009.7,Sports,3,3.68,Road,Ecom Express,4253.44,1032.0,8.34,2025-04-17,2025-04-22,2025-04-23,Delayed,4.0,No,No
ORD104223,CUST12578,2025-07-21,Hyderabad,Hyderabad,Ahmedabad,744.3,Home & Kitchen,2,11.04,Road,XpressBees,3361.27,634.92,11.3,2025-07-24,2025-07-31,2025-08-03,Delayed,4.0,No,No
ORD101626,CUST10990,2025-12-22,Hyderabad,Hyderabad,Coimbatore,325.6,Home & Kitchen,7,6.06,Express,Ecom Express,2470.43,294.74,10.05,2025-12-25,2025-12-27,2025-12-27,Delivered,5.0,No,No
ORD104892,CUST10176,2025-06-16,Hyderabad,Hyderabad,Surat,914.5,Books,5,7.79,Express,DTDC,6560.3,918.05,6.9,2025-06-18,2025-06-22,2025-06-22,Delivered,5.0,No,No
ORD103683,CUST11357,2025-07-26,Bengaluru,Bengaluru,Surat,1162.2,Electronics,1,3.09,Road,Shadowfax,5006.91,1031.43,10.22,2025-07-29,2025-08-06,2025-08-08,Delayed,3.0,No,No
ORD103514,CUST10870,2025-12-19,Hyderabad,Hyderabad,Mumbai,350.2,Beauty,2,4.14,Road,Ecom Express,1664.85,428.42,7.79,2025-12-21,2025-12-25,2025-12-25,Delivered,4.0,No,No
ORD101891,CUST12583,2025-08-29,Hyderabad,Hyderabad,Lucknow,459.0,Books,3,10.91,Express,Ecom Express,3407.64,467.64,8.52,2025-08-31,2025-09-03,2025-09-03,Delivered,5.0,Yes,No
ORD101091,CUST10307,2025-04-28,Mumbai,Mumbai,Pune,733.1,Grocery,4,4.54,Air,Shadowfax,6646.32,850.18,10.91,2025-04-30,2025-05-04,2025-05-04,Delivered,4.0,No,No
ORD103547,CUST10650,2025-09-08,Bengaluru,Bengaluru,Jaipur,318.7,Home & Kitchen,1,5.66,Express,Blue Dart,2298.35,382.26,7.47,2025-09-11,2025-09-13,2025-09-13,Delivered,,No,No
ORD103665,CUST10056,2025-02-19,Mumbai,Mumbai,Visakhapatnam,827.2,Automotive,4,2.59,Road,Shadowfax,3583.12,535.85,11.02,2025-02-22,2025-03-01,2025-03-01,Delivered,4.0,No,No
ORD102825,CUST11675,2025-06-05,Hyderabad,Hyderabad,Coimbatore,565.3,Grocery,6,3.55,Road,Shadowfax,2526.06,322.77,7.87,2025-06-07,2025-06-12,2025-06-12,Delivered,,No,No
ORD101926,CUST12151,2025-05-14,Chennai,Chennai,Hyderabad,424.9,Automotive,3,4.7,Air,Blue Dart,3996.87,418.13,7.74,2025-05-16,2025-05-19,2025-05-19,Delivered,5.0,No,No
ORD103261,CUST11142,2025-04-03,Chennai,Chennai,Mumbai,717.3,Home & Kitchen,5,4.36,Express,Blue Dart,5154.54,668.11,8.43,2025-04-04,2025-04-08,2025-04-08,Delivered,5.0,No,No
ORD104305,CUST11630,2025-09-20,Hyderabad,Hyderabad,Kochi,678.4,Books,4,2.05,Rail,DTDC,2103.99,726.07,6.57,2025-09-22,2025-09-29,2025-10-04,Delayed,4.0,No,No
ORD101109,CUST11093,2025-08-17,Hyderabad,Hyderabad,Visakhapatnam,208.1,Electronics,1,4.25,Road,XpressBees,975.71,116.1,5.79,2025-08-19,2025-08-24,2025-08-24,Delivered,,No,No
ORD102273,CUST10227,2025-07-01,Delhi,Delhi,Mumbai,1033.7,Home & Kitchen,6,8.22,Air,Blue Dart,9364.27,781.09,7.68,2025-07-02,2025-07-04,2025-07-04,Delivered,4.0,No,No
ORD103938,CUST12587,2025-12-01,Delhi,Delhi,Visakhapatnam,236.8,Sports,2,12.73,Air,XpressBees,2346.67,298.47,12.2,2025-12-04,2025-12-07,2025-12-08,Delayed,4.0,No,No
ORD102668,CUST12031,2025-06-11,Chennai,Chennai,Lucknow,142.7,Home & Kitchen,3,1.61,Air,XpressBees,1278.72,70.26,8.26,2025-06-13,2025-06-14,2025-06-14,Delivered,3.0,No,No
ORD102348,CUST11928,2025-04-28,Mumbai,Mumbai,Vijayawada,370.1,Grocery,2,5.21,Express,Shadowfax,2600.18,400.56,13.39,2025-05-01,2025-05-04,2025-05-04,Delivered,4.0,No,No
ORD101414,CUST12366,2025-05-17,Mumbai,Mumbai,Delhi,909.3,Sports,2,1.41,Air,Shadowfax,8207.01,849.55,10.99,2025-05-20,2025-05-24,2025-05-24,Delivered,4.0,No,No
ORD104963,CUST10561,2025-04-17,Pune,Pune,Lucknow,526.2,Grocery,7,10.81,Road,XpressBees,2511.28,619.2,7.27,2025-04-19,2025-04-25,2025-04-25,Delivered,4.0,No,No
ORD104972,CUST10233,2025-10-28,Chennai,Chennai,Vijayawada,382.5,Sports,7,8.91,Road,Delhivery,1894.6,361.32,8.14,2025-10-30,2025-11-04,2025-11-04,Delivered,4.0,No,No
ORD100215,CUST10344,2025-02-15,Bengaluru,Bengaluru,Ahmedabad,128.0,Sports,3,12.87,Road,Delhivery,864.81,79.5,7.69,2025-02-17,2025-02-21,2025-02-21,Delivered,5.0,No,No
ORD103563,CUST11277,2025-02-22,Delhi,Delhi,Coimbatore,360.0,Clothing,5,4.82,Road,Delhivery,1636.74,420.28,9.76,2025-02-24,2025-03-02,2025-03-02,Delivered,5.0,No,No
ORD100388,CUST12675,2025-01-02,Mumbai,Mumbai,Delhi,76.9,Sports,6,13.17,Rail,DTDC,444.53,54.09,11.57,2025-01-05,2025-01-12,2025-01-12,Delivered,3.0,No,No
ORD104970,CUST10454,2025-01-06,Pune,Pune,Ahmedabad,318.3,Grocery,2,6.99,Rail,Blue Dart,1264.93,326.04,12.18,2025-01-10,2025-01-15,2025-01-15,Delivered,4.0,No,Yes
ORD102026,CUST10738,2025-11-12,Mumbai,Mumbai,Hyderabad,155.6,Sports,5,8.64,Rail,Delhivery,751.08,148.87,9.17,2025-11-15,2025-11-20,2025-11-20,Delivered,4.0,No,No
ORD102645,CUST10943,2025-11-16,Delhi,Delhi,Pune,262.2,Home & Kitchen,1,0.72,Air,Ecom Express,2502.34,221.71,6.96,2025-11-17,2025-11-21,2025-11-21,Delivered,,No,No
ORD100732,CUST11358,2025-06-03,Hyderabad,Hyderabad,Vijayawada,265.7,Clothing,2,5.89,Air,Shadowfax,2475.17,164.57,5.69,2025-06-05,2025-06-08,2025-06-10,Delayed,3.0,No,No
ORD102660,CUST11652,2025-08-13,Hyderabad,Hyderabad,Delhi,347.4,Automotive,2,4.23,Rail,Shadowfax,1119.48,,8.11,2025-08-15,2025-08-22,2025-08-22,Delivered,3.0,No,No
ORD102127,CUST10561,2025-02-08,Delhi,Delhi,Indore,620.9,Beauty,3,5.48,Rail,Shadowfax,2171.06,601.22,10.87,2025-02-11,2025-02-18,2025-02-23,Delayed,3.0,No,No
ORD100708,CUST12500,2025-08-09,Delhi,Delhi,Jaipur,345.3,Automotive,5,7.16,Road,Shadowfax,1558.14,349.96,13.37,2025-08-11,2025-08-18,2025-08-18,Delivered,4.0,No,No
ORD103260,CUST10051,2025-08-03,Bengaluru,Bengaluru,Indore,341.5,Sports,1,4.55,Air,DTDC,3103.25,220.8,7.17,2025-08-05,2025-08-07,2025-08-09,Delayed,3.0,No,No
ORD101117,CUST12642,2025-04-19,Hyderabad,Hyderabad,Lucknow,374.2,Clothing,7,3.22,Rail,DTDC,1410.36,233.36,10.47,2025-04-21,2025-04-26,2025-05-01,Delayed,4.0,No,No
ORD101511,CUST10032,2025-07-03,Bengaluru,Bengaluru,Kochi,319.2,Automotive,2,2.8,Road,DTDC,1511.48,,6.9,2025-07-06,2025-07-13,2025-07-18,Delayed,3.0,No,No
ORD101446,CUST11958,2025-09-18,Bengaluru,Bengaluru,Kochi,475.3,Home & Kitchen,4,0.88,Road,Blue Dart,1989.05,333.11,7.48,2025-09-20,2025-09-24,2025-09-24,Delivered,4.0,No,Yes
ORD101777,CUST12385,2025-12-28,Hyderabad,Hyderabad,Visakhapatnam,246.6,Clothing,1,6.13,Air,Shadowfax,2288.32,167.56,5.83,2025-12-30,2026-01-02,2026-01-09,Delayed,4.0,No,No
ORD104589,CUST11078,2025-05-29,Bengaluru,Bengaluru,Lucknow,521.0,Books,2,9.52,Air,XpressBees,4826.48,362.27,9.23,2025-06-01,2025-06-04,2025-06-04,Delivered,5.0,No,No
ORD102966,CUST12121,2025-09-10,Hyderabad,Hyderabad,Kochi,702.4,Grocery,2,2.91,Road,Delhivery,2854.19,782.04,5.22,2025-09-12,2025-09-18,2025-09-18,Delivered,3.0,No,No
ORD104295,CUST11678,2025-08-14,Mumbai,Mumbai,Indore,42.7,Books,2,2.66,Road,DTDC,211.16,65.31,8.43,2025-08-16,2025-08-22,2025-08-22,Delivered,4.0,No,No
ORD102976,CUST11543,2025-09-17,Bengaluru,Bengaluru,Mumbai,395.5,sports,1,1.85,Road,XpressBees,1738.2,347.62,8.98,2025-09-19,2025-09-24,2025-09-25,Delayed,,No,No
ORD102244,CUST11069,2025-09-27,Delhi,Delhi,Lucknow,645.1,Home & Kitchen,6,4.13,Rail,DTDC,2195.98,584.92,10.83,2025-09-30,2025-10-07,2025-10-07,Delivered,5.0,No,No
ORD101157,CUST10228,2025-11-23,Chennai,Chennai,Visakhapatnam,193.6,Beauty,2,2.37,Road,Shadowfax,840.45,158.96,7.74,2025-11-25,2025-11-30,2025-11-30,Delivered,5.0,No,No
ORD103233,CUST10370,2025-09-12,Bengaluru,Bengaluru,Delhi,496.8,Home & Kitchen,1,3.5,Road,Delhivery,2133.86,397.31,8.64,2025-09-14,2025-09-19,2025-09-19,Delivered,5.0,Yes,No
ORD100943,CUST12735,2025-10-03,Chennai,Chennai,Visakhapatnam,425.8,Home & Kitchen,1,3.36,Road,Shadowfax,1984.97,447.21,,2025-10-04,2025-10-08,2025-10-08,Delivered,4.0,No,No
ORD101116,CUST10879,2025-06-05,Delhi,Delhi,Vijayawada,154.8,Home & Kitchen,7,2.11,Air,Delhivery,1437.5,190.75,9.26,2025-06-07,2025-06-11,2025-06-12,Delayed,3.0,No,No
ORD103062,CUST12333,2025-09-06,Delhi,Delhi,Mumbai,230.7,Beauty,3,14.99,Road,Shadowfax,1144.44,196.42,12.51,2025-09-10,2025-09-17,2025-09-17,Delivered,3.0,No,Yes
ORD100806,CUST10265,2025-09-18,Delhi,Delhi,Bengaluru,229.5,Electronics,1,1.56,Road,Blue Dart,960.77,228.43,6.57,2025-09-20,2025-09-26,2025-09-26,Delivered,5.0,No,No
ORD103958,CUST11351,2025-09-16,Pune,Pune,Indore,1385.6,Sports,6,8.37,Road,Shadowfax,5985.44,1573.41,9.09,2025-09-20,2025-09-29,2025-09-29,Delivered,4.0,No,No
ORD101503,CUST10992,2025-02-15,Delhi,Delhi,Bengaluru,931.3,Sports,6,2.41,Air,Ecom Express,8451.32,966.04,7.21,2025-02-17,2025-02-20,2025-02-20,Delivered,4.0,No,No
ORD104374,CUST10500,2025-11-11,Chennai,Chennai,Bhopal,613.0,Clothing,6,5.35,Air,Delhivery,5584.45,511.46,6.74,2025-11-13,2025-11-18,2025-11-18,Delivered,3.0,No,No
ORD100333,CUST12103,2025-06-27,Bengaluru,Bengaluru,Visakhapatnam,429.7,Grocery,3,5.61,Air,Shadowfax,3991.28,375.24,7.47,2025-06-30,2025-07-04,2025-07-04,Delivered,4.0,No,No
ORD103477,CUST12398,2025-06-17,Pune,Pune,Jaipur,461.1,Sports,7,12.0,Road,Blue Dart,2066.75,343.0,7.99,2025-06-19,2025-06-24,2025-06-25,Delayed,3.0,No,No
ORD101590,CUST10197,2025-02-24,Mumbai,Mumbai,Kolkata,233.9,Sports,7,1.3,Express,DTDC,1714.57,263.33,8.04,2025-02-25,2025-03-01,2025-03-01,Delivered,5.0,No,No
ORD104639,CUST12351,2025-12-31,Mumbai,Mumbai,Visakhapatnam,568.7,Electronics,6,7.16,Road,Delhivery,2537.42,603.07,9.27,2026-01-03,2026-01-10,2026-01-10,Delivered,4.0,No,No
ORD104913,CUST11123,2025-03-26,Chennai,Chennai,Pune,509.1,Grocery,7,6.91,Road,XpressBees,2332.22,511.86,8.97,2025-03-28,2025-04-02,2025-04-02,Delivered,4.0,No,No
ORD103959,CUST10497,2025-12-03,Bengaluru,Bengaluru,Indore,1050.9,grocery,1,1.37,Air,Shadowfax,9621.74,1076.55,9.64,2025-12-06,2025-12-11,2025-12-11,Delivered,5.0,No,No
ORD102602,CUST11257,2025-12-03,Hyderabad,Hyderabad,Nagpur,612.8,Books,6,9.71,Road,Blue Dart,2770.06,641.43,8.34,2025-12-05,2025-12-11,2025-12-11,Delivered,5.0,No,No
ORD103162,CUST10826,2025-01-25,Chennai,Chennai,Vijayawada,156.3,Automotive,3,2.43,Road,Shadowfax,831.71,168.53,8.14,2025-01-28,2025-02-01,2025-02-01,Delivered,5.0,No,No
ORD103944,CUST12470,2025-10-12,Chennai,Chennai,,616.5,Books,4,3.24,Road,Ecom Express,,535.38,9.05,2025-10-14,2025-10-19,2025-10-19,Delivered,4.0,No,No
ORD101036,CUST10585,2025-05-07,Hyderabad,Hyderabad,Pune,302.1,Electronics,2,2.75,Air,Delhivery,2829.17,256.32,8.8,2025-05-09,2025-05-12,2025-05-12,Delivered,4.0,No,No
ORD103768,CUST11032,2025-10-02,Hyderabad,Hyderabad,Visakhapatnam,408.5,Sports,7,3.45,Rail,XpressBees,1393.58,290.92,9.58,2025-10-04,2025-10-10,2025-10-10,Delivered,4.0,No,No
ORD104382,CUST12502,2025-02-21,Hyderabad,Hyderabad,Bhopal,1034.1,Sports,1,5.91,Road,DTDC,4464.62,1020.41,8.01,2025-02-24,2025-03-03,2025-03-03,Delivered,5.0,No,No
ORD101557,CUST11303,2025-01-22,Mumbai,Mumbai,Chennai,317.3,Electronics,2,7.69,Rail,Shadowfax,1194.13,230.56,11.39,2025-01-25,2025-02-01,2025-02-05,Delayed,4.0,No,No
ORD103468,CUST10861,2025-11-04,Hyderabad,Hyderabad,Lucknow,91.8,Clothing,4,2.25,Air,Delhivery,890.03,115.99,9.22,2025-11-06,2025-11-07,2025-11-07,Delivered,4.0,No,No
ORD100550,CUST10076,2025-10-24,Pune,Pune,Surat,225.0,Beauty,2,3.18,Road,Delhivery,1033.08,249.95,6.86,2025-10-26,2025-10-31,2025-11-04,Delayed,3.0,No,No
ORD104017,CUST10430,2025-03-29,Hyderabad,Hyderabad,Indore,254.0,Beauty,2,6.62,Air,Blue Dart,2369.3,283.86,7.67,2025-03-31,2025-04-02,2025-04-02,Delivered,5.0,No,No
ORD104096,CUST11329,2025-07-30,Bengaluru,Bengaluru,Vijayawada,183.2,Sports,2,3.11,Air,Delhivery,1665.62,153.86,7.31,2025-08-01,2025-08-03,2025-08-03,Delivered,4.0,No,No
ORD101565,CUST11952,2025-09-05,Pune,Pune,Kolkata,96.1,Sports,2,8.2,Road,Ecom Express,546.38,63.77,7.58,2025-09-07,2025-09-13,2025-09-13,Delivered,4.0,No,No
ORD101744,CUST12395,2025-05-18,Chennai,Chennai,Coimbatore,130.9,Clothing,1,9.63,express,dtdc,986.63,166.27,2.79,2025-05-20,2025-05-23,2025-05-29,Delayed,3.0,Yes,Yes
ORD103719,CUST11884,2025-02-26,Bengaluru,Bengaluru,Nagpur,701.6,Grocery,2,4.62,Express,Blue Dart,4797.59,561.72,5.99,2025-03-01,2025-03-05,2025-03-05,Delivered,5.0,No,No
ORD102304,CUST12727,2025-01-27,Pune,Pune,Mumbai,500.9,Books,3,7.47,Express,Blue Dart,3640.14,544.26,7.62,2025-01-29,2025-02-03,2025-02-04,Delayed,4.0,No,No
ORD100217,CUST11211,2025-05-08,Bengaluru,Bengaluru,Kochi,790.1,Sports,2,9.19,Road,Shadowfax,3507.17,738.26,9.21,2025-05-11,2025-05-16,2025-05-16,Delivered,5.0,No,No
ORD100492,CUST11092,2025-01-04,Bengaluru,Bengaluru,Pune,350.3,Grocery,5,2.34,Road,XpressBees,1455.09,380.73,6.94,2025-01-06,2025-01-12,2025-01-12,Delivered,4.0,No,No
ORD101502,CUST10853,2025-03-24,Bengaluru,Bengaluru,Coimbatore,505.2,Electronics,6,5.58,Air,Ecom Express,4791.91,501.58,8.65,2025-03-26,2025-03-30,2025-03-30,Delivered,5.0,No,No
ORD100044,CUST10286,2025-09-23,Delhi,Delhi,Indore,383.1,Automotive,1,4.1,Express,Shadowfax,2686.72,401.81,12.1,2025-09-26,2025-09-29,2025-10-02,Delayed,4.0,No,No
ORD102102,CUST12085,2025-05-19,Chennai,Chennai,Bengaluru,826.7,Beauty,7,10.24,Road,Blue Dart,3559.42,845.56,5.31,2025-05-21,2025-05-26,2025-05-28,Delayed,4.0,No,No
ORD104864,CUST10784,2025-08-31,Bengaluru,Bengaluru,Hyderabad,357.4,Sports,7,1.99,Express,Ecom Express,2593.17,374.31,5.74,2025-09-02,2025-09-05,2025-09-08,Delayed,3.0,No,No
ORD103539,CUST11950,2025-09-22,Pune,Pune,Jaipur,385.8,Automotive,6,0.2,Air,Shadowfax,3557.79,325.16,5.95,2025-09-24,2025-09-27,2025-09-27,Delivered,5.0,No,No
ORD101850,CUST12452,2025-10-05,Delhi,Delhi,Visakhapatnam,451.8,Beauty,1,16.44,Air,Blue Dart,4433.4,444.59,8.51,2025-10-08,2025-10-11,2025-10-11,Delivered,5.0,No,No
ORD102067,CUST10669,2025-05-03,Bengaluru,Bengaluru,Surat,580.1,Home & Kitchen,7,3.13,Air,Delhivery,5225.17,442.32,6.5,2025-05-05,2025-05-08,2025-05-08,Delivered,5.0,No,No
ORD104334,CUST11048,2025-01-30,Bengaluru,Bengaluru,Ahmedabad,374.2,Beauty,7,9.72,Road,Shadowfax,1811.86,280.9,7.93,2025-02-01,2025-02-06,2025-02-11,Delayed,4.0,No,No
ORD100409,CUST12791,2025-09-06,Mumbai,Mumbai,Hyderabad,192.1,Grocery,4,4.78,Road,Shadowfax,960.27,160.86,9.97,2025-09-09,2025-09-13,2025-09-13,Delivered,4.0,No,No
ORD101913,CUST10651,2025-03-03,Hyderabad,Hyderabad,Visakhapatnam,510.1,Sports,7,3.28,Road,DTDC,2239.53,484.53,6.45,2025-03-05,2025-03-12,2025-03-16,Delayed,4.0,No,No
ORD103263,CUST11184,2025-08-16,Mumbai,Mumbai,Jaipur,742.4,Automotive,6,0.55,Rail,Blue Dart,2556.9,821.5,14.03,2025-08-19,2025-08-26,2025-08-28,Delayed,4.0,No,No
ORD101834,CUST11782,2025-06-16,Hyderabad,Hyderabad,Delhi,433.0,Beauty,6,3.96,Road,Delhivery,1958.89,260.93,4.54,2025-06-18,2025-06-23,2025-06-23,Delivered,4.0,No,No
ORD104839,CUST11138,2025-01-12,Bengaluru,Bengaluru,Pune,233.1,Sports,7,3.38,Road,Blue Dart,1183.97,238.08,8.46,2025-01-14,2025-01-19,2025-01-19,Delivered,4.0,No,No
ORD102912,CUST10901,2025-10-15,Delhi,Delhi,Kolkata,516.8,Books,7,3.55,Road,Delhivery,2281.79,343.51,6.41,2025-10-17,2025-10-23,2025-10-25,Delayed,4.0,No,No
ORD101528,CUST10576,2025-04-27,Chennai,Chennai,Jaipur,446.0,Sports,7,5.19,Road,Blue Dart,2101.28,500.53,7.79,2025-04-29,2025-05-06,2025-05-06,Delivered,4.0,No,No
ORD104228,CUST12456,2025-04-19,Delhi,Delhi,Jaipur,598.6,Clothing,2,1.38,Road,DTDC,2496.37,621.67,5.78,2025-04-21,2025-04-27,2025-04-27,Delivered,5.0,No,No
ORD100199,CUST10153,2025-02-12,Pune,Pune,Bengaluru,362.3,Clothing,7,4.31,Air,XpressBees,3360.25,350.22,12.38,2025-02-15,2025-02-17,2025-02-17,Delivered,4.0,No,No
ORD102901,CUST11835,2025-02-08,Hyderabad,Hyderabad,Surat,588.3,Home & Kitchen,7,1.5,Rail,Ecom Express,2093.85,397.2,11.04,2025-02-11,2025-02-18,2025-02-22,Delayed,4.0,No,No
ORD101064,CUST12201,2025-07-31,Pune,Pune,Kochi,309.8,Beauty,3,3.1,Air,xpressbees,2813.32,257.76,7.38,2025-08-02,2025-08-05,2025-08-05,Delivered,5.0,No,No
ORD102676,CUST12601,2025-10-24,Chennai,Chennai,Nagpur,62.1,Beauty,3,2.28,Rail,DTDC,336.23,20.0,5.39,2025-10-26,2025-10-31,2025-11-04,Delayed,3.0,No,No
ORD102381,CUST10178,2025-06-21,Hyderabad,Hyderabad,Delhi,357.5,Grocery,5,10.27,Road,Ecom Express,1743.98,214.83,5.56,2025-06-24,2025-06-30,2025-07-01,Delayed,4.0,No,No
ORD102305,CUST10861,2025-01-12,Mumbai,Mumbai,Ahmedabad,173.6,Clothing,6,2.47,Road,Delhivery,773.03,192.67,10.71,2025-01-14,2025-01-19,2025-01-26,Delayed,4.0,No,No
ORD104593,CUST10400,2025-09-14,Mumbai,Mumbai,Ahmedabad,363.5,Grocery,5,11.19,Road,Blue Dart,1762.25,272.95,8.2,2025-09-16,2025-09-21,2025-09-21,Delivered,5.0,No,No
ORD100892,CUST11355,2025-03-06,Mumbai,Mumbai,Visakhapatnam,172.4,Electronics,4,12.16,Air,Blue Dart,1727.07,197.17,9.66,2025-03-08,2025-03-10,2025-03-10,Delivered,4.0,No,No
ORD104528,CUST11045,2025-01-31,Bengaluru,Bengaluru,Hyderabad,133.1,Grocery,6,1.38,Air,XpressBees,1245.57,87.46,4.12,2025-02-03,2025-02-05,2025-02-05,Delivered,3.0,No,No
ORD104142,CUST11098,2025-07-13,Chennai,Chennai,Mumbai,570.1,Clothing,5,12.03,Road,Blue Dart,2577.42,519.14,8.55,2025-07-15,2025-07-20,2025-07-20,Delivered,5.0,No,No
ORD102218,CUST11671,2025-11-11,Mumbai,Mumbai,Jaipur,199.7,Automotive,2,14.1,Road,DTDC,908.17,189.27,7.25,2025-11-14,2025-11-17,2025-11-17,Delivered,4.0,No,No
ORD101678,CUST11832,2025-06-24,Bengaluru,Bengaluru,Chennai,659.9,Electronics,7,4.31,Road,Delhivery,2845.99,661.9,5.59,2025-06-26,2025-07-01,2025-07-01,Delivered,5.0,No,No
ORD100252,CUST10298,2025-04-17,Hyderabad,Hyderabad,Bhopal,1107.8,Electronics,5,5.25,Road,DTDC,4851.27,1157.85,6.19,2025-04-19,2025-04-26,2025-04-26,Delivered,4.0,No,No
ORD101429,CUST12323,2025-06-12,Delhi,Delhi,Jaipur,547.4,Clothing,2,20.95,Express,Shadowfax,4226.92,567.94,8.05,2025-06-15,2025-06-20,2025-06-20,Delivered,5.0,No,No
ORD100846,CUST10736,2025-05-03,Chennai,Chennai,Delhi,566.3,Grocery,3,5.37,Express,XpressBees,4118.09,610.74,9.95,2025-05-05,2025-05-08,2025-05-09,Delayed,3.0,No,No
ORD103826,CUST12125,2025-12-12,Bengaluru,Bengaluru,Nagpur,891.1,Grocery,3,1.95,Air,Delhivery,7881.92,829.62,7.37,2025-12-15,2025-12-20,2025-12-23,Delayed,4.0,No,No
ORD104608,CUST12088,2025-11-04,Pune,Pune,Delhi,271.2,Clothing,6,4.49,Road,Shadowfax,1334.56,203.08,8.09,2025-11-06,2025-11-11,2025-11-12,Delayed,4.0,No,No
ORD100815,CUST10181,2025-02-18,Delhi,Delhi,Vijayawada,126.9,Sports,1,2.52,Rail,DTDC,453.91,166.96,9.53,2025-02-22,2025-03-01,2025-03-03,Delayed,4.0,No,No
ORD100062,CUST10863,2025-07-07,Chennai,Chennai,Nagpur,1139.7,Electronics,5,4.1,Road,Ecom Express,4886.18,865.57,6.07,2025-07-09,2025-07-17,2025-07-17,Delivered,4.0,No,No
ORD101974,CUST11687,2025-08-23,Hyderabad,Hyderabad,Pune,557.6,Books,1,1.38,Road,Shadowfax,2404.16,567.15,5.19,2025-08-25,2025-08-31,2025-08-31,Delivered,4.0,No,No
ORD101865,CUST11374,2025-09-19,Pune,Pune,Indore,702.7,Home & Kitchen,7,1.38,Express,Blue Dart,5130.58,483.45,7.83,2025-09-22,2025-09-27,2025-09-27,Delivered,4.0,No,Yes
ORD102979,CUST10047,2025-01-07,Hyderabad,Hyderabad,Bhopal,272.8,Home & Kitchen,2,6.32,Express,XpressBees,2048.64,261.87,4.39,2025-01-09,2025-01-13,2025-01-13,Delivered,4.0,No,No
ORD100928,CUST12159,2025-02-15,Chennai,Chennai,Ahmedabad,244.2,Home & Kitchen,5,5.02,Rail,Delhivery,933.62,201.23,8.49,2025-02-17,2025-02-23,2025-02-26,Delayed,4.0,No,No
ORD104783,CUST12035,2025-04-28,Delhi,Delhi,Pune,417.1,Books,2,10.8,Air,Delhivery,4031.58,323.75,9.04,2025-05-01,2025-05-03,2025-05-03,Delivered,4.0,No,Yes
ORD103194,CUST10895,2025-11-18,Delhi,Delhi,Lucknow,504.5,Sports,6,4.96,Air,Blue Dart,4683.91,505.33,9.09,2025-11-20,2025-11-23,2025-11-23,Delivered,3.0,No,No
ORD104199,CUST12079,2025-09-06,Chennai,Chennai,Ahmedabad,143.9,Electronics,5,6.06,Rail,Ecom Express,600.29,115.83,8.4,2025-09-08,2025-09-13,2025-09-13,Delivered,5.0,No,No
ORD104132,CUST11865,2025-08-27,Delhi,Delhi,Kochi,47.0,Home & Kitchen,4,4.07,air,Delhivery,421.34,20.0,9.04,2025-08-29,2025-08-31,2025-08-31,Delivered,5.0,No,No
ORD104320,CUST12666,2025-10-17,Delhi,Delhi,Kochi,184.1,Beauty,4,3.98,Road,Shadowfax,829.38,211.28,11.32,2025-10-20,2025-10-26,2025-10-26,Delivered,4.0,No,No
ORD104218,CUST10061,2025-03-12,Chennai,Chennai,Bhopal,246.6,Beauty,2,5.53,Rail,Blue Dart,924.48,219.68,3.06,2025-03-14,2025-03-21,2025-03-21,Delivered,4.0,No,Yes
ORD104704,CUST11148,2025-12-01,Chennai,Chennai,Indore,105.9,Books,6,12.84,Air,DTDC,1297.92,97.89,9.91,2025-12-05,2025-12-08,2025-12-08,Delivered,5.0,No,No
ORD103222,CUST12356,2025-01-23,Hyderabad,Hyderabad,Visakhapatnam,501.3,Electronics,3,3.85,Rail,XpressBees,1666.47,433.34,4.88,2025-01-25,2025-01-31,2025-01-31,Delivered,5.0,No,No
ORD101867,CUST11647,2025-03-27,Chennai,Chennai,Ahmedabad,812.2,Clothing,1,5.1,Rail,Shadowfax,2680.54,816.42,8.43,2025-03-29,2025-04-06,2025-04-11,Delayed,4.0,No,No
ORD104851,CUST12552,2025-09-12,Pune,Pune,Bengaluru,207.7,Home & Kitchen,3,17.76,Rail,Delhivery,1014.96,176.2,10.53,2025-09-14,2025-09-20,2025-09-21,Delayed,3.0,No,No
ORD104922,CUST12644,2025-10-26,Pune,Pune,Nagpur,470.6,Beauty,5,6.28,Air,Delhivery,4416.81,408.44,10.63,2025-10-27,2025-10-30,2025-10-30,Delivered,5.0,No,No
ORD104511,CUST10012,2025-12-20,Hyderabad,Hyderabad,Kochi,660.2,Grocery,6,4.22,Rail,Delhivery,2316.19,510.77,7.74,2025-12-22,2025-12-29,2025-12-30,Delayed,3.0,No,No
ORD101069,CUST11464,2025-02-18,Delhi,Delhi,Chennai,466.0,Home & Kitchen,7,3.26,Air,DTDC,4375.95,311.47,12.91,2025-02-20,2025-02-22,2025-02-22,Delivered,4.0,No,No
ORD103161,CUST12554,2025-12-16,Delhi,Delhi,Coimbatore,727.2,Beauty,1,3.85,Rail,XpressBees,2406.98,539.5,5.04,2025-12-18,2025-12-25,2025-12-25,Delivered,5.0,No,No
ORD103159,CUST12035,2025-10-04,Delhi,Delhi,Lucknow,57.0,Electronics,5,4.74,Road,Ecom Express,221.95,125.7,7.85,2025-10-06,2025-10-11,2025-10-11,Delivered,4.0,No,Yes
ORD100564,CUST11766,2025-02-24,Bengaluru,Bengaluru,Nagpur,291.1,Beauty,1,5.58,Road,DTDC,1173.62,249.32,10.15,2025-02-26,2025-03-02,2025-03-08,Delayed,2.0,No,No
ORD102037,CUST11996,2025-03-12,Chennai,Chennai,Vijayawada,155.1,Home & Kitchen,5,5.74,Rail,Shadowfax,668.6,152.03,11.05,2025-03-15,2025-03-21,2025-03-21,Delivered,5.0,No,No
ORD100279,CUST10098,2025-03-20,Bengaluru,Bengaluru,Mumbai,293.8,Home & Kitchen,7,3.08,Rail,Ecom Express,1119.12,253.17,9.83,2025-03-23,2025-03-29,2025-03-29,Delivered,4.0,No,Yes
ORD100958,CUST12032,2025-11-19,Bengaluru,Bengaluru,Vijayawada,694.3,Sports,6,1.7,Rail,Ecom Express,2258.65,462.81,5.83,2025-11-21,2025-11-28,2025-11-28,Delivered,5.0,No,No
ORD100444,CUST10383,2025-08-19,Hyderabad,Hyderabad,Vijayawada,687.4,Beauty,4,12.87,Express,Ecom Express,5071.49,541.65,4.5,2025-08-21,2025-08-26,2025-08-30,Delayed,4.0,No,No
ORD104884,CUST12141,2025-07-01,Bengaluru,Bengaluru,Nagpur,254.8,Grocery,2,3.77,Road,XpressBees,999.28,244.18,8.19,2025-07-03,2025-07-08,2025-07-08,Delivered,4.0,No,No
ORD101556,CUST10641,2025-01-05,Mumbai,Mumbai,Kolkata,1020.2,Grocery,5,4.28,Road,DTDC,4490.41,1110.97,9.39,2025-01-07,2025-01-13,2025-01-13,Delivered,4.0,No,No
ORD101930,CUST11789,2025-07-07,Bengaluru,Bengaluru,Lucknow,196.6,Grocery,6,7.39,Road,Shadowfax,1047.87,204.48,9.19,2025-07-10,2025-07-15,2025-07-16,Delayed,4.0,No,No
ORD101538,CUST12512,2025-04-22,Pune,Pune,Lucknow,198.1,Electronics,5,2.8,Road,Ecom Express,871.9,110.08,5.96,2025-04-24,2025-04-29,2025-04-29,Delivered,5.0,No,No
ORD104009,CUST11478,2025-05-03,Hyderabad,Hyderabad,Coimbatore,262.1,Automotive,4,3.37,Rail,Ecom Express,794.03,226.1,7.4,2025-05-05,2025-05-11,2025-05-11,Delivered,4.0,No,No
ORD100984,CUST12457,2025-01-06,Chennai,Chennai,Vijayawada,235.4,Sports,7,8.92,Road,Ecom Express,1155.21,255.29,5.17,2025-01-08,2025-01-13,2025-01-13,Delivered,4.0,No,No
ORD104466,CUST12178,2025-12-02,Delhi,Delhi,Jaipur,481.7,automotive,7,2.34,Road,XpressBees,2066.44,649.54,6.66,2025-12-05,2025-12-10,2025-12-11,Delayed,2.0,No,No
ORD101419,CUST12191,2025-08-15,Bengaluru,Bengaluru,Mumbai,522.7,Grocery,2,5.5,Rail,Shadowfax,1735.4,452.71,6.96,2025-08-17,2025-08-23,2025-08-23,Delivered,4.0,No,No
ORD102071,CUST11896,2025-04-18,Pune,Pune,Chennai,143.6,Clothing,6,4.6,Road,Delhivery,696.25,161.57,11.91,2025-04-20,2025-04-26,2025-04-26,Delivered,4.0,No,No
ORD100441,CUST11051,2025-02-10,Mumbai,Mumbai,Pune,655.8,Automotive,4,2.79,Road,DTDC,2797.56,653.71,8.13,2025-02-13,2025-02-17,2025-02-17,Delivered,5.0,No,No
ORD100243,CUST11000,2025-02-27,Bengaluru,Bengaluru,Jaipur,213.5,Automotive,2,3.53,road,Ecom Express,1044.51,65.17,6.94,2025-03-01,2025-03-05,2025-03-05,Delivered,5.0,No,No
ORD103057,CUST10419,2025-07-13,Pune,Pune,Bengaluru,189.0,Clothing,3,1.53,Road,DTDC,805.59,259.55,6.73,2025-07-16,2025-07-22,2025-07-22,Delivered,5.0,No,No
ORD104170,CUST11369,2025-03-01,Hyderabad,Hyderabad,Vijayawada,770.6,Automotive,4,3.47,Rail,Ecom Express,2509.26,611.02,7.75,2025-03-04,2025-03-11,2025-03-11,Delivered,4.0,No,No
ORD102818,CUST10922,2025-10-07,Hyderabad,Hyderabad,Ahmedabad,237.4,Automotive,4,11.0,Road,DTDC,1051.05,249.61,7.21,2025-10-09,2025-10-15,2025-10-15,Delivered,,No,Yes
ORD100420,CUST12295,2025-11-16,Bengaluru,Bengaluru,Coimbatore,370.5,Books,5,2.28,Rail,Shadowfax,1268.44,375.42,,2025-11-17,2025-11-23,2025-11-23,Delivered,4.0,No,Yes
ORD102116,CUST11983,2025-08-26,Pune,Pune,Bhopal,321.8,Automotive,3,7.13,Express,Delhivery,2440.34,313.89,9.44,2025-08-30,2025-09-01,2025-09-01,Delivered,4.0,No,No
ORD101321,CUST11998,2025-01-06,Chennai,Chennai,Coimbatore,624.0,Books,5,6.86,Road,Ecom Express,2762.6,701.61,9.19,2025-01-09,2025-01-15,2025-01-15,Delivered,4.0,No,No
ORD104134,CUST10094,2025-01-30,Bengaluru,Bengaluru,Kochi,423.6,Electronics,3,4.13,Air,Ecom Express,3813.66,268.27,9.02,2025-02-01,2025-02-06,2025-02-06,Delivered,,Yes,No
ORD100136,CUST10008,2025-12-12,Pune,Pune,Jaipur,335.4,Sports,1,2.83,Air,Shadowfax,3216.92,291.56,11.52,2025-12-15,2025-12-19,2025-12-19,Delivered,4.0,No,No
ORD100398,CUST11564,2025-03-25,Hyderabad,Hyderabad,Hyderabad,239.5,Beauty,5,7.77,Rail,DTDC,846.55,227.66,6.16,2025-03-27,2025-04-02,2025-04-05,Delayed,4.0,No,No
ORD102641,CUST11232,2025-06-06,Delhi,Delhi,Ahmedabad,498.6,Books,4,1.9,Air,XpressBees,4524.3,465.89,9.53,2025-06-08,2025-06-10,2025-06-10,Delivered,4.0,No,No
ORD101374,CUST12580,2025-11-18,Mumbai,Mumbai,Visakhapatnam,168.0,Automotive,1,6.13,Express,Delhivery,1268.55,172.95,10.52,2025-11-20,2025-11-23,2025-11-23,Delivered,5.0,No,No
ORD102147,CUST10776,2025-02-23,Hyderabad,Hyderabad,Surat,458.2,Books,3,3.16,Road,Shadowfax,2041.69,378.01,2.79,2025-02-25,2025-03-03,2025-03-03,Delivered,4.0,No,No
ORD101955,CUST10634,2025-02-26,Mumbai,Mumbai,Jaipur,796.7,Automotive,4,3.07,Road,Ecom Express,3454.4,715.49,9.45,2025-02-27,2025-03-05,2025-03-05,Delivered,5.0,No,No
ORD102548,CUST11813,2025-06-15,Delhi,Delhi,Bhopal,742.6,Beauty,6,3.83,Road,Ecom Express,3285.99,570.24,12.35,2025-06-18,2025-06-24,2025-06-24,Delivered,4.0,No,No
ORD102695,CUST11079,2025-01-22,Bengaluru,Bengaluru,Pune,216.7,Beauty,3,4.43,Road,Ecom Express,1011.72,165.24,7.94,2025-01-24,2025-01-29,2025-01-30,Delayed,4.0,No,No
ORD101501,CUST10584,2025-05-29,Pune,Pune,Coimbatore,584.0,Grocery,7,3.65,Rail,Delhivery,2004.64,450.42,10.53,2025-05-31,2025-06-07,2025-06-11,Delayed,4.0,No,No
ORD100049,CUST10070,2025-11-30,Mumbai,Mumbai,Bhopal,314.6,Electronics,2,4.36,Road,XpressBees,1395.01,216.39,9.44,2025-12-02,2025-12-08,2025-12-08,Delivered,4.0,No,No
ORD104276,CUST12721,2025-07-10,Mumbai,Mumbai,Visakhapatnam,213.0,Beauty,5,3.73,Air,Blue Dart,2032.09,114.92,9.61,2025-07-13,2025-07-16,2025-07-16,Delivered,5.0,No,No
ORD104034,CUST10967,2025-03-25,Mumbai,Mumbai,Jaipur,365.0,Sports,3,1.67,Express,Blue Dart,2584.92,257.07,11.31,2025-03-27,2025-03-31,2025-03-31,Delivered,4.0,No,No
ORD103288,CUST11917,2025-08-01,Chennai,Chennai,Indore,735.7,Automotive,7,0.71,Rail,XpressBees,2410.54,636.18,10.3,2025-08-03,2025-08-10,2025-08-10,Delivered,4.0,No,No
ORD102991,CUST11960,2025-01-19,Hyderabad,Hyderabad,Nagpur,199.3,Clothing,4,2.32,Rail,XpressBees,583.99,200.84,7.11,2025-01-21,2025-01-26,2025-01-26,Delivered,4.0,No,No
ORD101432,CUST12616,2025-02-02,Chennai,Chennai,Mumbai,436.5,Beauty,3,2.78,Air,XpressBees,4091.99,258.24,6.64,2025-02-04,2025-02-06,2025-02-06,Delivered,4.0,No,No
ORD101790,CUST10649,2025-11-02,Pune,Pune,Ahmedabad,238.5,Automotive,7,3.96,Air,shadowfax,2255.61,280.48,10.65,2025-11-05,2025-11-09,2025-11-09,Delivered,4.0,No,No
ORD103069,CUST11589,2025-09-05,Pune,Pune,Coimbatore,499.3,Electronics,5,8.67,Road,XpressBees,2439.38,541.43,11.29,2025-09-07,2025-09-13,2025-09-13,Delivered,4.0,Yes,Yes
ORD100219,CUST12096,2025-07-28,Hyderabad,Hyderabad,Bengaluru,387.3,Beauty,6,1.57,Air,Ecom Express,3718.99,205.29,6.63,2025-07-30,2025-08-03,2025-08-03,Delivered,4.0,No,No
ORD103961,CUST12331,2025-05-05,Delhi,Delhi,Mumbai,549.6,Automotive,1,2.49,Air,XpressBees,4957.24,507.84,8.75,2025-05-08,2025-05-12,2025-05-12,Delivered,4.0,No,No
ORD100876,CUST10724,2025-01-25,Delhi,Delhi,Bhopal,489.2,Clothing,6,2.9,Road,Shadowfax,2242.86,386.2,9.54,2025-01-27,2025-01-31,2025-02-05,Delayed,3.0,No,Yes
ORD103834,CUST11862,2025-04-15,Pune,Pune,Surat,1361.0,Beauty,1,5.27,Air,Blue Dart,12335.01,1189.91,7.33,2025-04-17,2025-04-23,2025-04-23,Delivered,5.0,No,No
ORD104787,CUST11933,2025-03-13,Hyderabad,Hyderabad,Indore,235.3,Home & Kitchen,6,3.56,Road,Blue Dart,1104.2,217.66,7.11,2025-03-15,2025-03-20,2025-03-20,Delivered,4.0,No,No
ORD102791,CUST10735,2025-05-02,Hyderabad,Hyderabad,Pune,146.3,Beauty,6,2.25,Road,Delhivery,731.39,81.83,6.98,2025-05-04,2025-05-08,2025-05-09,Delayed,4.0,No,No
ORD102009,CUST11968,2025-09-17,Chennai,Chennai,Coimbatore,368.3,Automotive,5,5.56,Air,Delhivery,3486.83,349.52,7.05,2025-09-20,2025-09-24,2025-09-30,Delayed,3.0,No,Yes
ORD100707,CUST12601,2025-03-06,Bengaluru,Bengaluru,Hyderabad,177.0,Sports,4,6.46,Express,Delhivery,1339.78,135.73,5.32,2025-03-08,2025-03-12,2025-03-12,Delivered,3.0,No,No
ORD100653,CUST11400,2025-08-30,Pune,Pune,Mumbai,107.1,Beauty,1,2.76,Road,Shadowfax,477.64,116.23,7.92,2025-08-31,2025-09-06,2025-09-06,Delivered,4.0,No,No
ORD104093,CUST11634,2025-06-01,Bengaluru,Bengaluru,Pune,234.9,Automotive,4,10.42,Road,Blue Dart,1056.42,159.71,6.12,2025-06-03,2025-06-07,2025-06-08,Delayed,3.0,No,No
ORD102280,CUST11394,2025-10-05,Hyderabad,Hyderabad,Bhopal,100.3,Grocery,6,0.93,Rail,Ecom Express,342.0,87.38,5.45,2025-10-06,2025-10-14,2025-10-14,Delivered,4.0,No,No
ORD103403,CUST11933,2025-09-27,Pune,Pune,Kolkata,99.9,Electronics,7,1.56,Rail,DTDC,392.11,104.87,9.79,2025-09-30,2025-10-05,2025-10-08,Delayed,4.0,No,No
ORD100066,CUST11826,2025-02-22,Pune,Pune,Ahmedabad,365.5,Sports,4,0.2,Express,XpressBees,2584.4,297.52,7.7,2025-02-24,2025-02-28,2025-02-28,Delivered,3.0,Yes,Yes
ORD102079,CUST12631,2025-10-13,Mumbai,Mumbai,Visakhapatnam,370.9,Books,6,14.85,Rail,Shadowfax,1551.37,367.29,7.56,2025-10-16,2025-10-23,2025-10-23,Delivered,4.0,No,No
ORD102551,CUST11227,2025-09-24,Bengaluru,Bengaluru,Jaipur,360.3,Grocery,7,3.78,Road,Blue Dart,1669.37,343.74,11.17,2025-09-26,2025-10-01,2025-10-01,Delivered,4.0,No,No
ORD102007,CUST12752,2025-03-15,Hyderabad,Hyderabad,Vijayawada,160.1,Home & Kitchen,2,2.3,Road,XpressBees,834.76,118.14,6.81,2025-03-17,2025-03-22,2025-03-22,Delivered,4.0,No,No
ORD100174,CUST12575,2025-12-18,Delhi,Delhi,Indore,36.1,Books,6,9.82,Road,Ecom Express,414.32,61.89,11.01,2025-12-20,2025-12-23,2025-12-23,Delivered,5.0,No,No
ORD103074,CUST11608,2025-05-14,Mumbai,Mumbai,Chennai,559.9,Automotive,1,7.51,Road,Blue Dart,2483.75,452.22,11.58,2025-05-17,2025-05-23,2025-05-23,Delivered,4.0,No,No
ORD103837,CUST10222,2025-06-10,Bengaluru,Bengaluru,Kolkata,176.6,Sports,6,2.82,Rail,XpressBees,651.58,155.95,8.25,2025-06-12,2025-06-18,2025-06-19,Delayed,3.0,No,No
ORD101158,CUST10786,2025-05-27,Pune,Pune,Hyderabad,92.3,Books,2,2.74,Road,DTDC,417.65,,8.49,2025-05-29,2025-06-03,2025-06-03,Delivered,4.0,No,No
ORD101983,CUST11728,2025-07-02,Delhi,Delhi,Bhopal,108.5,Sports,1,3.99,Rail,Ecom Express,364.51,97.41,14.69,2025-07-04,2025-07-09,2025-07-09,Delivered,4.0,No,No
ORD104077,CUST11359,2025-01-13,Mumbai,Mumbai,Vijayawada,764.1,Home & Kitchen,4,5.98,Road,XpressBees,3382.05,574.54,14.38,2025-01-15,2025-01-21,2025-01-21,Delivered,3.0,No,No
ORD102847,CUST12345,2025-10-19,Chennai,Chennai,Jaipur,529.1,Beauty,4,5.61,Express,DTDC,3912.54,633.56,7.8,2025-10-21,2025-10-25,2025-10-25,Delivered,4.0,Yes,No
ORD101830,CUST11260,2025-09-20,Mumbai,Mumbai,Hyderabad,267.1,Books,4,8.65,Road,Blue Dart,1417.76,246.74,6.1,2025-09-21,2025-09-25,2025-09-25,Delivered,5.0,No,No
ORD102099,CUST10761,2025-10-30,Hyderabad,Hyderabad,Vijayawada,682.7,Books,7,5.75,Road,XpressBees,3006.66,647.06,6.78,2025-11-02,2025-11-08,2025-11-12,Delayed,3.0,No,No
ORD101268,CUST10280,2025-02-15,Pune,Pune,Delhi,345.5,Automotive,5,1.14,Rail,DTDC,1124.55,235.25,6.87,2025-02-17,2025-02-25,2025-02-25,Delivered,5.0,No,No
ORD104760,CUST10724,2025-10-19,Chennai,Chennai,Kochi,198.8,Electronics,2,3.68,Air,Ecom Express,1851.34,234.79,9.48,2025-10-22,2025-10-24,2025-10-24,Delivered,5.0,No,No
ORD104572,CUST10715,2025-05-18,Hyderabad,Hyderabad,Visakhapatnam,92.0,Books,3,1.57,Air,Delhivery,870.7,170.97,6.21,2025-05-20,2025-05-23,2025-05-23,Delivered,5.0,No,No
ORD102413,CUST10797,2025-03-28,Delhi,Delhi,Chennai,101.5,Books,2,6.47,Road,Shadowfax,529.01,174.5,10.36,2025-03-31,2025-04-05,2025-04-05,Delivered,5.0,No,No
ORD101494,CUST12784,2025-02-05,Delhi,Delhi,Delhi,685.1,Home & Kitchen,5,11.48,Air,DTDC,6509.58,679.56,7.6,2025-02-08,2025-02-11,2025-02-11,Delivered,3.0,No,No
ORD103285,CUST11737,2025-02-16,Delhi,Delhi,Indore,815.4,Sports,1,1.36,Road,Ecom Express,3349.71,746.47,8.09,2025-02-18,2025-02-25,2025-02-25,Delivered,3.0,No,No
ORD104815,CUST10023,2025-07-02,Bengaluru,Bengaluru,Nagpur,739.5,Beauty,5,1.33,Air,Blue Dart,6560.49,510.35,6.84,2025-07-04,2025-07-07,2025-07-07,Delivered,3.0,No,No
ORD101178,CUST11358,2025-06-16,Hyderabad,Hyderabad,Visakhapatnam,574.9,Grocery,3,2.52,Road,Shadowfax,2521.3,576.2,6.24,2025-06-18,2025-06-23,2025-06-23,Delivered,4.0,No,No
ORD101026,CUST11974,2025-08-31,Mumbai,Mumbai,Ahmedabad,352.1,Electronics,2,2.07,Road,Delhivery,1610.06,241.63,13.23,2025-09-03,2025-09-09,2025-09-09,Delivered,5.0,No,No
ORD101236,CUST12303,2025-09-26,Chennai,Chennai,Bengaluru,450.7,Beauty,6,6.37,Express,Ecom Express,3311.58,452.32,3.02,2025-09-28,2025-10-03,2025-10-03,Delivered,5.0,No,No
ORD100507,CUST11303,2025-07-31,Chennai,Chennai,Bhopal,159.1,Clothing,7,4.04,Road,Blue Dart,784.67,124.67,8.89,2025-08-03,2025-08-06,2025-08-06,Delivered,5.0,No,No
ORD101613,CUST11845,2025-01-18,Chennai,Chennai,Nagpur,434.9,Beauty,5,3.45,Express,Ecom Express,3238.6,317.64,6.98,2025-01-20,2025-01-23,2025-01-27,Delayed,4.0,No,No
ORD101094,CUST12135,2025-06-05,Mumbai,Mumbai,Ahmedabad,665.4,Books,3,2.89,Road,Delhivery,2945.08,529.78,10.07,2025-06-07,2025-06-13,2025-06-13,Delivered,4.0,No,No
ORD100504,CUST10201,2025-07-17,Delhi,Delhi,Ahmedabad,247.8,Home & Kitchen,6,3.16,Express,Shadowfax,1923.04,273.29,10.56,2025-07-19,2025-07-23,2025-07-23,Delivered,5.0,No,No
ORD101038,CUST10295,2025-01-12,Hyderabad,Hyderabad,Mumbai,330.5,Beauty,2,10.73,Road,Shadowfax,1620.35,392.16,6.65,2025-01-14,2025-01-19,2025-01-19,Delivered,3.0,No,No
ORD100884,CUST11567,2025-07-25,Mumbai,Mumbai,Chennai,279.1,Books,5,6.29,Air,Ecom Express,2736.16,265.21,9.91,2025-07-27,2025-07-30,2025-07-30,Delivered,4.0,No,No
ORD102472,CUST11715,2025-01-12,Pune,Pune,Lucknow,576.0,Electronics,6,1.26,Road,Shadowfax,2541.67,639.0,7.04,2025-01-14,2025-01-22,2025-01-22,Delivered,4.0,No,No
ORD104700,CUST10421,2025-09-07,Hyderabad,Hyderabad,Vijayawada,283.3,Automotive,3,4.05,Road,Delhivery,1358.05,224.9,8.85,2025-09-09,2025-09-14,2025-09-19,Delayed,3.0,No,No
ORD101100,CUST11627,2025-04-24,Pune,Pune,Ahmedabad,208.9,Books,4,1.76,Road,Shadowfax,940.76,195.09,8.47,2025-04-27,2025-05-01,2025-05-01,Delivered,4.0,No,No
ORD102199,CUST12658,2025-03-29,Hyderabad,Hyderabad,Delhi,102.4,Home & Kitchen,5,14.35,Express,XpressBees,1024.56,119.33,5.62,2025-03-30,2025-04-02,2025-04-02,Delivered,4.0,No,No
ORD103234,CUST10779,2025-09-24,Delhi,Delhi,Kochi,91.8,Books,7,7.78,Rail,XpressBees,573.14,198.74,7.29,2025-09-27,2025-10-02,2025-10-05,Delayed,3.0,No,No
ORD102590,CUST12689,2025-02-03,Pune,Pune,Nagpur,262.2,Sports,7,1.73,Air,Ecom Express,2481.65,322.85,6.5,2025-02-04,2025-02-05,2025-02-05,Delivered,4.0,No,No
ORD100488,CUST10571,2025-05-04,Hyderabad,Hyderabad,Coimbatore,1074.2,Grocery,2,3.65,Air,Blue Dart,9652.33,885.15,10.39,2025-05-06,2025-05-08,2025-05-08,Delivered,4.0,No,No
ORD103153,CUST10230,2025-09-11,Hyderabad,Hyderabad,Bengaluru,171.3,Books,2,7.84,Road,Delhivery,,189.83,9.12,2025-09-13,2025-09-17,2025-09-17,Delivered,4.0,No,No
ORD103378,CUST12529,2025-11-26,Bengaluru,Bengaluru,Delhi,595.4,Automotive,3,7.08,Road,Shadowfax,2708.37,633.51,7.4,2025-11-28,2025-12-03,2025-12-03,Delivered,5.0,No,No
ORD104875,CUST11751,2025-04-14,Hyderabad,Hyderabad,Lucknow,284.6,Beauty,3,2.33,Air,Delhivery,2534.73,200.96,7.42,2025-04-16,2025-04-19,2025-04-25,Delayed,4.0,No,No
ORD103796,CUST12707,2025-03-23,Hyderabad,Hyderabad,Chennai,333.8,Beauty,1,6.51,Road,Ecom Express,1504.48,326.67,6.66,2025-03-25,2025-03-28,2025-03-28,Delivered,4.0,No,No
ORD102353,CUST10497,2025-05-16,Pune,Pune,Bengaluru,181.8,Sports,4,5.19,Road,XpressBees,920.94,196.65,13.28,2025-05-19,2025-05-22,2025-05-23,Delayed,5.0,No,No
ORD100547,CUST10292,2025-09-15,Hyderabad,Hyderabad,Visakhapatnam,338.0,Beauty,4,2.02,Road,XpressBees,1614.13,374.09,3.77,2025-09-17,2025-09-21,2025-09-21,Delivered,4.0,No,No
ORD103023,CUST11997,2025-12-11,Hyderabad,Hyderabad,Bhopal,582.7,Home & Kitchen,6,20.47,Road,DTDC,2751.03,644.92,9.76,2025-12-13,2025-12-19,2025-12-19,Delivered,5.0,No,No
ORD103443,CUST11221,2025-09-27,Chennai,Chennai,Jaipur,724.7,Home & Kitchen,1,0.25,Road,blue dart,3019.29,750.47,10.34,2025-09-29,2025-10-05,2025-10-05,Delivered,4.0,No,No
ORD103898,CUST11630,2025-01-08,Bengaluru,Bengaluru,Indore,247.3,Home & Kitchen,3,3.2,Road,Delhivery,1339.72,232.64,6.04,2025-01-11,2025-01-15,2025-01-15,Delivered,5.0,No,No
ORD104547,CUST10483,2025-08-17,Hyderabad,Hyderabad,Coimbatore,494.9,Home & Kitchen,5,3.98,Air,Ecom Express,4654.81,449.97,5.53,2025-08-19,2025-08-22,2025-08-22,Delivered,4.0,No,No
ORD104474,CUST12187,2025-01-04,Chennai,Chennai,Mumbai,533.2,Books,2,4.72,Air,Blue Dart,4863.56,521.46,8.89,2025-01-06,2025-01-09,2025-01-09,Delivered,5.0,No,No
ORD103041,CUST10616,2025-09-10,Bengaluru,Bengaluru,Mumbai,333.7,Automotive,5,8.32,Road,XpressBees,1554.66,379.13,7.35,2025-09-11,2025-09-15,2025-09-19,Delayed,3.0,No,No
ORD100238,CUST11515,2025-03-08,Bengaluru,Bengaluru,Nagpur,761.1,Home & Kitchen,1,3.98,Road,XpressBees,3280.71,467.24,6.56,2025-03-10,2025-03-17,2025-03-17,Delivered,4.0,No,No
ORD103734,CUST10008,2025-12-19,Mumbai,Mumbai,Jaipur,294.3,Beauty,3,2.56,Road,XpressBees,1213.71,247.69,10.6,2025-12-21,2025-12-27,2025-12-27,Delivered,5.0,No,No
ORD103679,CUST11008,2025-06-24,Mumbai,Mumbai,Visakhapatnam,198.9,Home & Kitchen,1,2.43,Rail,XpressBees,605.5,144.04,12.21,2025-06-27,2025-07-03,2025-07-03,Delivered,5.0,No,No
ORD102153,CUST11756,2025-07-20,Chennai,Chennai,Kochi,180.0,Home & Kitchen,5,16.09,Road,Blue Dart,1126.76,98.09,7.06,2025-07-22,2025-07-28,2025-08-02,Delayed,3.0,No,No
ORD103738,CUST10645,2025-09-25,Delhi,Delhi,Jaipur,405.0,Beauty,6,9.87,Air,Delhivery,3989.66,461.89,10.49,2025-09-28,2025-10-01,2025-10-01,Delivered,4.0,No,No
ORD104126,CUST12426,2025-12-26,Pune,Pune,Vijayawada,886.2,Grocery,7,6.21,Road,DTDC,3739.5,763.28,5.12,2025-12-28,2026-01-04,2026-01-06,Delayed,3.0,No,No
ORD103521,CUST12359,2025-07-02,Chennai,Chennai,Bengaluru,213.7,Sports,6,4.03,Air,Shadowfax,2065.33,278.69,7.89,2025-07-05,2025-07-09,2025-07-09,Delivered,5.0,No,No
ORD101223,CUST11659,2025-08-31,Mumbai,Mumbai,Chennai,639.8,Automotive,4,5.53,Express,Blue Dart,4693.76,484.1,12.22,2025-09-03,2025-09-07,2025-09-11,Delayed,4.0,No,No
ORD103389,CUST12346,2025-03-03,Mumbai,Mumbai,Delhi,338.6,Sports,3,2.25,Air,Shadowfax,3158.14,233.94,8.53,2025-03-05,2025-03-08,2025-03-08,Delivered,4.0,No,No
ORD103283,CUST10725,2025-09-27,Mumbai,Mumbai,Surat,583.0,Automotive,2,5.28,Rail,Shadowfax,1944.23,505.6,9.84,2025-09-29,2025-10-05,2025-10-05,Delivered,5.0,No,No
ORD104537,CUST12729,2025-07-10,Mumbai,Mumbai,Delhi,610.5,Beauty,2,3.6,Road,Blue Dart,2692.56,557.22,12.21,2025-07-13,2025-07-20,2025-07-20,Delivered,5.0,No,No
ORD102121,CUST10438,2025-04-30,Mumbai,Mumbai,Nagpur,512.2,Books,7,5.88,Air,DTDC,4644.66,463.24,9.79,2025-05-02,2025-05-05,2025-05-05,Delivered,4.0,No,No
ORD101317,CUST11077,2025-03-14,Mumbai,Mumbai,Indore,358.4,Sports,2,7.03,Express,Delhivery,2621.09,312.83,9.17,2025-03-16,2025-03-21,2025-03-21,Delivered,5.0,No,No
ORD104054,CUST11887,2025-06-01,Bengaluru,Bengaluru,Surat,555.1,Books,4,6.44,Rail,Shadowfax,2001.49,599.43,9.34,2025-06-04,2025-06-10,2025-06-10,Delivered,4.0,No,No
ORD101675,CUST11332,2025-08-01,Pune,Pune,Kolkata,378.2,Electronics,2,1.39,Rail,Shadowfax,1280.37,292.64,9.36,2025-08-04,2025-08-09,2025-08-11,Delayed,3.0,No,No
ORD102393,CUST12080,2025-06-21,Pune,Pune,Kolkata,134.6,Home & Kitchen,3,3.96,Rail,Delhivery,470.83,183.18,12.77,2025-06-24,2025-06-29,2025-06-29,Delivered,4.0,No,No
ORD102011,CUST12151,2025-07-07,Mumbai,Mumbai,Delhi,224.2,sports,7,1.35,Road,Shadowfax,1050.01,209.38,11.01,2025-07-09,2025-07-14,2025-07-14,Delivered,4.0,No,No
ORD103080,CUST12651,2025-12-10,Bengaluru,Bengaluru,Kochi,851.0,Sports,1,1.47,Express,Delhivery,5961.24,894.06,7.32,2025-12-12,2025-12-16,2025-12-18,Delayed,3.0,No,No
ORD102509,CUST12272,2025-05-12,Bengaluru,Bengaluru,Pune,348.9,Sports,7,7.29,Road,Delhivery,,344.61,10.59,2025-05-14,2025-05-19,2025-05-19,Delivered,4.0,No,No
ORD102115,CUST11415,2025-07-14,Mumbai,Mumbai,Visakhapatnam,141.8,Automotive,3,3.28,Road,xpressbees,700.56,131.3,7.28,2025-07-16,2025-07-21,2025-07-21,Delivered,5.0,No,Yes
ORD102307,CUST11600,2025-10-31,Bengaluru,Bengaluru,Kochi,334.1,Clothing,2,6.84,Air,Delhivery,3158.64,280.01,6.43,2025-11-02,2025-11-05,2025-11-05,Delivered,5.0,No,No
ORD101439,CUST10192,2025-05-21,Hyderabad,Hyderabad,Bhopal,78.1,Clothing,1,4.76,Road,XpressBees,392.27,81.21,9.73,2025-05-23,2025-05-28,2025-05-28,Delivered,4.0,No,No
ORD102068,CUST10527,2025-04-07,Hyderabad,Hyderabad,Indore,339.8,Grocery,4,6.08,Road,XpressBees,1649.32,259.28,6.88,2025-04-09,2025-04-13,2025-04-13,Delivered,4.0,No,No
ORD103489,CUST12210,2025-06-01,Chennai,Chennai,Bhopal,759.8,Books,7,7.36,Road,Ecom Express,3181.01,592.46,5.16,2025-06-04,2025-06-09,2025-06-09,Delivered,5.0,No,No
ORD101705,CUST12530,2025-04-04,Delhi,Delhi,Nagpur,1023.0,Automotive,2,0.95,Road,DTDC,4234.89,948.53,9.72,2025-04-06,2025-04-13,2025-04-14,Delayed,4.0,No,No
ORD104219,CUST12498,2025-01-09,Delhi,Delhi,Nagpur,597.7,Automotive,5,6.54,Road,Shadowfax,2609.37,416.08,10.49,2025-01-12,2025-01-17,2025-01-17,Delivered,4.0,No,No
ORD103642,CUST11270,2025-09-17,Hyderabad,Hyderabad,Chennai,1019.8,Clothing,1,2.98,Express,Ecom Express,7322.54,1138.12,9.89,2025-09-20,2025-09-25,2025-09-27,Delayed,4.0,No,No
ORD102436,CUST12508,2025-12-16,Pune,Pune,Delhi,153.2,Automotive,1,11.49,Road,Ecom Express,772.32,157.51,8.43,2025-12-17,2025-12-22,2025-12-27,Delayed,4.0,No,No
ORD103895,CUST11745,2025-06-22,Bengaluru,Bengaluru,Visakhapatnam,564.7,Books,4,0.63,Road,Ecom Express,2336.58,542.16,5.53,2025-06-25,2025-07-02,2025-07-02,Delivered,5.0,No,No
ORD103901,CUST10570,2025-07-01,Pune,Pune,Vijayawada,950.4,Sports,7,9.2,Road,Ecom Express,4060.69,1117.88,11.37,2025-07-03,2025-07-10,2025-07-10,Delivered,4.0,No,No
ORD102444,CUST11344,2025-07-20,Hyderabad,Hyderabad,Indore,160.0,Books,3,3.59,Road,Ecom Express,800.14,196.73,8.42,2025-07-22,2025-07-29,2025-08-03,Delayed,3.0,No,No
ORD100512,CUST12026,2025-12-18,Mumbai,Mumbai,Kochi,683.0,Automotive,5,0.7,Express,Blue Dart,4708.5,515.35,11.77,2025-12-20,2025-12-27,2025-12-28,Delayed,3.0,No,No
ORD102705,CUST11207,2025-03-09,Chennai,Chennai,Mumbai,136.9,Electronics,4,5.32,Air,Blue Dart,1308.7,70.48,8.64,2025-03-11,2025-03-14,2025-03-14,Delivered,4.0,No,No
ORD102293,CUST11865,2025-01-07,Bengaluru,Bengaluru,Chennai,441.5,Books,4,2.18,Road,Blue Dart,1831.0,482.82,5.06,2025-01-09,2025-01-15,2025-01-18,Delayed,3.0,No,No
ORD100434,CUST11798,2025-10-15,Hyderabad,Hyderabad,Bhopal,212.6,Electronics,4,2.92,Road,Ecom Express,918.09,228.18,9.33,2025-10-18,2025-10-23,2025-10-23,Delivered,5.0,No,No
ORD103248,CUST10408,2025-02-14,Hyderabad,Hyderabad,,520.5,Clothing,6,14.49,Road,DTDC,2436.59,513.52,8.72,2025-02-17,2025-02-23,2025-02-23,Delivered,4.0,No,No
ORD104205,CUST11347,2025-04-07,Chennai,Chennai,Surat,205.5,sports,5,8.35,Air,Shadowfax,1960.4,70.52,10.42,2025-04-09,2025-04-12,2025-04-12,Delivered,3.0,No,No
ORD101784,CUST11375,2025-02-09,Pune,Pune,Delhi,508.5,Home & Kitchen,4,8.93,Road,Delhivery,2360.93,308.45,7.59,2025-02-12,2025-02-18,2025-02-18,Delivered,4.0,No,No
ORD102932,CUST12510,2025-06-15,Hyderabad,Hyderabad,Vijayawada,102.1,Books,2,2.8,Road,DTDC,518.94,101.72,7.57,2025-06-16,2025-06-20,2025-06-22,Delayed,3.0,No,No
ORD102420,CUST11980,2025-10-13,Chennai,Chennai,Coimbatore,245.8,Books,7,3.72,Road,Shadowfax,1194.48,243.41,5.46,2025-10-16,2025-10-20,2025-10-20,Delivered,4.0,No,No
ORD102920,CUST10527,2025-10-15,Hyderabad,Hyderabad,Mumbai,189.0,Grocery,3,0.86,Road,Blue Dart,776.86,70.15,4.54,2025-10-17,2025-10-21,2025-10-21,Delivered,4.0,No,No
ORD100484,CUST12602,2025-01-20,Bengaluru,Bengaluru,Pune,565.4,Grocery,1,6.58,Express,DTDC,4077.28,609.71,6.91,2025-01-22,2025-01-26,2025-01-26,Delivered,4.0,No,No
ORD104844,CUST12261,2025-04-24,Mumbai,Mumbai,Bengaluru,166.6,Electronics,2,7.72,Road,Blue Dart,814.87,181.1,11.58,2025-04-27,2025-05-02,2025-05-02,Delivered,5.0,No,No
ORD102817,CUST10513,2025-12-10,Mumbai,Mumbai,Surat,150.9,Books,3,1.57,Road,Shadowfax,696.76,128.76,9.97,2025-12-11,2025-12-15,2025-12-15,Delivered,4.0,No,No
ORD102181,CUST10200,2025-09-07,Chennai,Chennai,Indore,588.5,Electronics,7,1.56,Express,DTDC,4291.3,628.29,9.19,2025-09-09,2025-09-14,2025-09-14,Delivered,5.0,No,No
ORD101631,CUST11196,2025-02-21,Pune,Pune,Indore,221.2,Beauty,2,3.83,Rail,DTDC,728.23,141.25,5.72,2025-02-23,2025-03-01,2025-03-01,Delivered,4.0,No,No
ORD102148,CUST11097,2025-06-11,Mumbai,Mumbai,Hyderabad,955.9,Beauty,7,3.88,Express,Blue Dart,6866.09,713.32,6.43,2025-06-13,2025-06-19,2025-06-19,Delivered,4.0,No,Yes
ORD104074,CUST10985,2025-11-01,delhi,Delhi,Coimbatore,111.0,Home & Kitchen,4,4.24,Road,Ecom Express,660.46,109.82,7.48,2025-11-03,2025-11-07,2025-11-09,Delayed,3.0,No,No
ORD101669,CUST12338,2025-03-15,Hyderabad,Hyderabad,Indore,208.2,Grocery,7,5.22,Road,DTDC,1093.82,233.13,5.83,2025-03-17,2025-03-22,2025-03-22,Delivered,4.0,No,No
ORD103724,CUST10193,2025-01-20,Chennai,Chennai,Bhopal,198.3,Beauty,3,2.37,Road,Delhivery,950.71,99.95,5.12,2025-01-22,2025-01-27,2025-01-27,Delivered,5.0,No,No
ORD100623,CUST11431,2025-01-27,Delhi,Delhi,Coimbatore,182.8,Electronics,2,9.51,Road,Delhivery,930.83,253.66,8.89,2025-01-28,2025-02-02,2025-02-02,Delivered,5.0,No,No
ORD102432,CUST11484,2025-11-04,Delhi,Delhi,Chennai,716.7,Clothing,2,12.32,Road,Shadowfax,3206.87,817.76,6.57,2025-11-06,2025-11-12,2025-11-16,Delayed,4.0,No,No
ORD100046,CUST11307,2025-09-15,Mumbai,Mumbai,Nagpur,651.2,Grocery,3,4.72,Air,Ecom Express,6022.76,619.2,10.12,2025-09-18,2025-09-22,2025-09-22,Delivered,4.0,No,No
ORD101776,CUST11025,2025-01-03,Mumbai,Mumbai,Bhopal,472.1,Clothing,3,2.12,Express,Ecom Express,3298.08,345.58,8.96,2025-01-05,2025-01-09,2025-01-11,Delayed,4.0,No,No
ORD100950,CUST10879,2025-03-27,Pune,Pune,Chennai,267.8,Books,2,11.82,Road,Ecom Express,1266.81,169.96,10.31,2025-03-30,2025-04-04,2025-04-04,Delivered,5.0,No,No
ORD100429,CUST10689,2025-04-18,Pune,Pune,Mumbai,197.8,Electronics,3,6.03,Road,Blue Dart,964.6,219.57,10.29,2025-04-20,2025-04-25,2025-04-25,Delivered,4.0,No,No
ORD104378,CUST12635,2025-05-29,Bengaluru,Bengaluru,Coimbatore,358.8,Clothing,5,1.41,Air,Delhivery,3189.8,286.16,6.02,2025-06-01,2025-06-03,2025-06-03,Delivered,4.0,No,No
ORD104883,CUST11526,2025-11-14,Hyderabad,Hyderabad,Ahmedabad,329.6,Automotive,4,3.89,Express,Blue Dart,2587.47,278.48,6.9,2025-11-16,2025-11-19,2025-11-19,Delivered,4.0,No,No
ORD102963,CUST12200,2025-07-16,Chennai,Chennai,Bengaluru,657.9,Beauty,6,1.88,Road,Ecom Express,2802.7,680.15,6.28,2025-07-18,2025-07-23,2025-07-23,Delivered,5.0,No,No
ORD102170,CUST11207,2025-11-16,Bengaluru,Bengaluru,Kolkata,378.4,Electronics,4,3.78,Air,XpressBees,3425.38,266.24,7.68,2025-11-18,2025-11-21,2025-11-21,Delivered,5.0,No,No
ORD101435,CUST11641,2025-06-26,Mumbai,Mumbai,Jaipur,607.1,Automotive,5,1.43,Express,DTDC,4248.76,651.08,9.53,2025-06-29,2025-07-04,2025-07-04,Delivered,4.0,No,No
ORD103524,CUST12603,2025-02-06,Bengaluru,Bengaluru,Delhi,34.0,Electronics,7,9.02,Rail,Shadowfax,372.45,43.68,6.02,2025-02-08,2025-02-13,2025-02-13,Delivered,5.0,No,No
ORD102008,CUST11344,2025-03-18,Mumbai,Mumbai,,297.1,Automotive,7,11.16,Road,Ecom Express,1494.91,261.33,10.4,2025-03-19,2025-03-26,2025-03-27,Delayed,2.0,No,No
ORD102512,CUST11648,2025-08-26,Delhi,Delhi,Kochi,438.1,Grocery,2,13.2,Rail,Ecom Express,1594.5,340.31,9.96,2025-08-29,2025-09-05,2025-09-05,Delivered,4.0,No,Yes
ORD101332,CUST11350,2025-12-04,Hyderabad,Hyderabad,Surat,413.9,Beauty,1,0.52,Express,Delhivery,2895.01,295.7,6.31,2025-12-06,2025-12-09,2025-12-09,Delivered,2.0,No,No
ORD101638,CUST11172,2025-10-20,Delhi,Delhi,Bengaluru,309.2,Beauty,5,10.06,Rail,DTDC,1223.15,205.65,9.29,2025-10-23,2025-10-29,2025-10-31,Delayed,4.0,No,Yes
ORD103625,CUST10911,2025-10-24,Chennai,Chennai,Ahmedabad,252.9,Sports,2,5.54,Road,Blue Dart,1069.67,249.6,6.75,2025-10-26,2025-10-30,2025-10-30,Delivered,4.0,No,No
ORD100283,CUST12668,2025-07-16,Hyderabad,Hyderabad,Chennai,578.0,Grocery,4,0.37,Express,XpressBees,4086.8,380.54,6.64,2025-07-18,2025-07-23,2025-07-24,Delayed,5.0,No,No
ORD100165,CUST11257,2025-06-23,Pune,Pune,Bengaluru,865.5,Books,1,5.45,Road,Shadowfax,3653.51,837.78,8.57,2025-06-25,2025-07-02,2025-07-02,Delivered,3.0,No,No
ORD104507,CUST11287,2025-08-12,Hyderabad,Hyderabad,Jaipur,122.5,Home & Kitchen,4,2.57,Road,XpressBees,523.58,185.56,7.59,2025-08-13,2025-08-18,2025-08-18,Delivered,4.0,No,No
ORD102339,CUST11864,2025-07-18,Hyderabad,Hyderabad,Kochi,215.6,Grocery,4,8.04,Road,Blue Dart,1191.5,185.46,10.0,2025-07-20,2025-07-24,2025-07-28,Delayed,5.0,No,No
ORD101058,CUST12723,2025-07-04,Mumbai,Mumbai,Kolkata,289.9,Electronics,5,2.67,Air,Shadowfax,2552.83,161.09,6.8,2025-07-06,2025-07-08,2025-07-08,Delivered,4.0,No,No
ORD101343,CUST12798,2025-03-06,Delhi,Delhi,Coimbatore,309.3,Sports,7,3.76,Road,Ecom Express,1376.68,213.05,11.0,2025-03-09,2025-03-13,2025-03-14,Delayed,3.0,No,No
ORD103555,CUST11399,2025-08-11,Pune,Pune,Nagpur,1602.7,Books,4,8.15,Rail,Shadowfax,5310.34,1712.78,,2025-08-14,2025-08-22,2025-08-22,Delivered,4.0,Yes,No
ORD102259,CUST11169,2025-03-20,Chennai,Chennai,Kochi,66.7,Automotive,1,4.73,Road,Shadowfax,330.7,63.39,7.62,2025-03-23,2025-03-28,2025-03-28,Delivered,,No,No
ORD103692,CUST10788,2025-06-22,Bengaluru,Bengaluru,Mumbai,535.9,Home & Kitchen,4,6.28,Road,DTDC,2450.64,506.61,6.31,2025-06-24,2025-07-01,2025-07-02,Delayed,3.0,No,No
ORD101764,CUST10049,2025-12-28,Bengaluru,Bengaluru,Delhi,600.9,Home & Kitchen,5,4.69,Express,Ecom Express,4280.65,487.09,9.52,2025-12-31,2026-01-03,2026-01-04,Delayed,4.0,Yes,No
ORD102868,CUST12001,2025-06-25,Chennai,Chennai,Kochi,53.4,Grocery,2,2.27,Road,XpressBees,313.35,32.62,2.71,2025-06-27,2025-06-30,2025-06-30,Delivered,5.0,No,No
ORD101658,CUST11435,2025-09-02,Bengaluru,Bengaluru,Ahmedabad,326.6,Automotive,2,10.09,Road,Blue Dart,1556.81,369.06,5.57,2025-09-03,2025-09-08,2025-09-08,Delivered,4.0,No,Yes
ORD104616,CUST10804,2025-07-24,Pune,Pune,Visakhapatnam,247.3,Beauty,4,4.26,Rail,Shadowfax,943.38,286.38,9.08,2025-07-27,2025-08-01,2025-08-01,Delivered,4.0,No,No
ORD100919,CUST11959,2025-08-23,Pune,Pune,Chennai,202.7,Clothing,2,0.32,Rail,Shadowfax,826.99,186.41,4.5,2025-08-25,2025-09-01,2025-09-01,Delivered,4.0,No,No
ORD102015,CUST10097,2025-10-29,Delhi,Delhi,Surat,378.5,Books,6,5.08,Air,XpressBees,3620.76,235.16,,2025-10-31,2025-11-04,2025-11-04,Delivered,4.0,No,No
ORD103452,CUST11513,2025-06-25,Bengaluru,Bengaluru,Delhi,188.1,Books,2,0.86,Air,DTDC,1903.34,178.75,6.63,2025-06-27,2025-06-28,2025-06-28,Delivered,4.0,No,No
ORD104432,CUST10841,2025-09-09,Delhi,Delhi,Kochi,127.3,Books,7,1.47,Road,Delhivery,649.91,269.16,10.41,2025-09-11,2025-09-14,2025-09-14,Delivered,4.0,No,Yes
ORD102720,CUST11067,2025-10-21,Chennai,Chennai,Mumbai,840.5,Books,5,5.22,Road,DTDC,3671.31,618.21,8.01,2025-10-23,2025-10-31,2025-11-01,Delayed,3.0,No,No
ORD101071,CUST10517,2025-09-22,Mumbai,Mumbai,Kolkata,721.0,Grocery,6,4.75,Express,Delhivery,5142.7,681.12,10.82,2025-09-25,2025-09-28,2025-09-28,Delivered,5.0,No,Yes
ORD102196,CUST12369,2025-03-05,Delhi,Delhi,Visakhapatnam,296.3,Home & Kitchen,6,1.88,Air,Blue Dart,2656.31,327.23,,2025-03-08,2025-03-11,2025-03-11,Delivered,5.0,No,No
ORD103137,CUST11437,2025-03-08,Hyderabad,Hyderabad,Lucknow,861.2,Books,3,7.49,Road,ecom express,3635.51,794.39,6.39,2025-03-10,2025-03-15,2025-03-15,Delivered,4.0,Yes,Yes
ORD103669,CUST10007,2025-06-10,Pune,Pune,Ahmedabad,552.1,Home & Kitchen,1,2.22,Express,Ecom Express,3748.41,619.31,8.36,2025-06-13,2025-06-17,2025-06-17,Delivered,5.0,No,No
ORD104711,CUST12464,2025-05-05,Bengaluru,Bengaluru,Coimbatore,345.5,Books,1,5.99,Air,Shadowfax,3119.65,273.93,7.82,2025-05-07,2025-05-09,2025-05-09,Delivered,5.0,No,Yes
ORD104889,CUST11425,2025-02-23,Mumbai,Mumbai,Indore,99.9,Clothing,5,1.27,Road,Delhivery,395.64,54.26,9.14,2025-02-26,2025-03-03,2025-03-03,Delivered,3.0,No,No
ORD103718,CUST11998,2025-05-06,Delhi,Delhi,Coimbatore,334.9,Books,4,3.24,Rail,XpressBees,1079.32,221.56,6.52,2025-05-08,2025-05-14,2025-05-14,Delivered,5.0,No,No
ORD104130,CUST11508,2025-10-10,Delhi,Delhi,Bhopal,526.9,Sports,2,6.24,Road,Blue Dart,2340.05,332.28,8.72,2025-10-12,2025-10-17,2025-10-17,Delivered,4.0,No,No
ORD104714,CUST10544,2025-03-28,Delhi,Delhi,Coimbatore,326.3,Grocery,7,2.73,Rail,Blue Dart,1179.88,191.1,8.14,2025-03-31,2025-04-06,2025-04-06,Delivered,5.0,No,No
ORD104730,CUST11507,2025-08-21,Hyderabad,Hyderabad,Visakhapatnam,449.8,Electronics,1,11.09,Road,Delhivery,1893.92,289.64,5.38,2025-08-22,2025-08-29,2025-08-29,Delivered,5.0,No,No
ORD101817,CUST10092,2025-06-22,Bengaluru,Bengaluru,Hyderabad,95.3,Automotive,7,8.08,Road,Ecom Express,557.95,56.45,10.2,2025-06-24,2025-06-30,2025-07-01,Delayed,4.0,No,No
ORD104756,CUST10707,2025-04-14,Delhi,Delhi,Nagpur,323.0,Automotive,2,2.47,Express,Shadowfax,2350.93,340.42,6.29,2025-04-17,2025-04-21,2025-04-21,Delivered,5.0,No,No
ORD100572,CUST11365,2025-04-03,Chennai,Chennai,Bhopal,349.5,Grocery,5,3.98,Road,Delhivery,1576.55,316.8,7.98,2025-04-04,2025-04-09,2025-04-09,Delivered,5.0,No,No
ORD103814,CUST10176,2025-07-08,Hyderabad,Hyderabad,Chennai,485.9,Home & Kitchen,1,5.94,Air,blue dart,4430.45,533.07,4.92,2025-07-10,2025-07-14,2025-07-14,Delivered,,No,No
ORD100973,CUST11666,2025-12-10,Mumbai,Mumbai,Vijayawada,87.4,Electronics,1,14.01,Rail,DTDC,449.24,94.12,10.98,2025-12-13,2025-12-19,2025-12-19,Delivered,5.0,No,No
ORD102401,CUST11807,2025-05-30,Mumbai,Mumbai,Lucknow,585.9,Automotive,2,6.89,Road,Blue Dart,2635.39,565.61,10.31,2025-06-01,2025-06-06,2025-06-06,Delivered,4.0,No,Yes
ORD101795,CUST11974,2025-06-16,Hyderabad,Hyderabad,Nagpur,782.9,Grocery,6,4.05,Rail,Delhivery,2719.77,647.36,9.03,2025-06-18,2025-06-25,2025-06-25,Delivered,4.0,No,No
ORD101455,CUST10619,2025-01-27,Hyderabad,Hyderabad,Lucknow,391.0,Grocery,2,0.95,Road,Ecom Express,1703.42,336.42,7.64,2025-01-28,2025-02-03,2025-02-03,Delivered,4.0,No,No
ORD101172,CUST12170,2025-01-15,Hyderabad,Hyderabad,Kolkata,635.1,Books,5,4.95,Road,Blue Dart,2890.21,442.32,7.69,2025-01-17,2025-01-23,2025-01-23,Delivered,4.0,No,No
ORD103760,CUST10542,2025-01-29,Delhi,Delhi,Nagpur,495.8,Beauty,6,1.65,Rail,XpressBees,1639.39,536.17,10.7,2025-02-01,2025-02-09,2025-02-16,Delayed,4.0,No,No
ORD103244,CUST11816,2025-10-03,Bengaluru,Bengaluru,Surat,432.9,Sports,2,1.43,Road,DTDC,1859.51,490.5,6.84,2025-10-05,2025-10-10,2025-10-10,Delivered,4.0,No,No
ORD102961,CUST12005,2025-08-09,Delhi,Delhi,Kolkata,778.2,Home & Kitchen,2,5.32,Road,DTDC,3379.1,651.89,11.87,2025-08-13,2025-08-20,2025-08-20,Delivered,,No,No
ORD104406,CUST12386,2025-09-26,Chennai,Chennai,Visakhapatnam,444.3,Sports,6,7.34,Road,Shadowfax,2014.95,427.17,9.69,2025-09-29,2025-10-05,2025-10-05,Delivered,4.0,No,No
ORD100255,CUST10466,2025-03-11,Pune,Pune,Visakhapatnam,431.1,Beauty,6,5.49,Road,Blue Dart,1880.08,277.99,10.86,2025-03-14,2025-03-19,2025-03-19,Delivered,5.0,No,No
ORD103865,CUST10693,2025-03-14,Chennai,Chennai,Surat,1030.3,Beauty,1,3.63,Road,Shadowfax,4258.26,1005.1,,2025-03-17,2025-03-23,2025-03-23,Delivered,5.0,No,No
ORD102721,CUST12397,2025-01-26,Pune,Pune,Coimbatore,341.6,Grocery,4,1.54,Road,Shadowfax,1557.22,404.91,7.76,2025-01-29,2025-02-04,2025-02-04,Delivered,5.0,No,No
ORD101201,CUST10487,2025-07-28,Delhi,Delhi,Pune,548.8,Beauty,3,2.18,Rail,DTDC,1865.04,509.77,,2025-07-30,2025-08-05,2025-08-05,Delivered,4.0,No,No
ORD104091,CUST10170,2025-07-25,Pune,Pune,Mumbai,1800.0,Beauty,5,0.93,Air,DTDC,16275.33,1327.57,11.32,2025-07-27,2025-08-02,2025-08-05,Delayed,4.0,No,No
ORD103505,CUST12203,2025-04-23,Pune,Pune,Nagpur,197.2,Clothing,7,4.04,Road,DTDC,993.87,219.63,8.71,2025-04-25,2025-04-28,2025-04-29,Delayed,3.0,No,No
ORD102511,CUST12133,2025-02-02,Delhi,Delhi,Hyderabad,257.4,Books,4,8.45,Air,Blue Dart,2485.36,256.12,10.18,2025-02-05,2025-02-07,2025-02-07,Delivered,4.0,No,No
ORD102118,CUST12724,2025-08-25,Delhi,Delhi,Jaipur,400.6,Clothing,6,1.3,Rail,Ecom Express,1513.47,439.84,10.32,2025-08-27,2025-09-02,2025-09-02,Delivered,4.0,No,No
ORD101296,CUST12190,2025-01-15,Delhi,Delhi,Bengaluru,1138.2,Automotive,1,14.08,Road,DTDC,5085.43,939.29,7.75,2025-01-17,2025-01-24,2025-01-24,Delivered,4.0,No,No
ORD100844,CUST11843,2025-03-03,Bengaluru,Bengaluru,Delhi,294.7,Home & Kitchen,3,1.6,Road,Ecom Express,1280.15,243.01,9.55,2025-03-06,2025-03-10,2025-03-13,Delayed,2.0,No,No
ORD100869,CUST12624,2025-12-13,Delhi,Delhi,Surat,533.3,Beauty,7,4.15,Road,Shadowfax,2363.84,548.67,9.13,2025-12-15,2025-12-18,2025-12-24,Delayed,3.0,No,No
ORD101049,CUST12698,2025-03-01,Bengaluru,Bengaluru,Pune,638.0,Sports,1,1.0,Air,DTDC,5785.76,502.38,8.16,2025-03-03,2025-03-07,2025-03-10,Delayed,4.0,No,No
ORD104426,CUST12459,2025-04-04,Delhi,Delhi,Bhopal,437.3,Books,6,0.86,Road,DTDC,1952.09,385.71,11.4,2025-04-06,2025-04-13,2025-04-15,Delayed,3.0,No,No
ORD102445,CUST11501,2025-03-09,Hyderabad,Hyderabad,Indore,323.6,Books,6,6.96,Road,Ecom Express,1426.58,256.31,8.93,2025-03-11,2025-03-16,2025-03-16,Delivered,4.0,No,No
ORD100023,CUST12214,2025-07-01,Delhi,Delhi,Indore,632.0,Home & Kitchen,5,16.09,Road,Delhivery,2975.35,513.6,8.01,2025-07-03,2025-07-08,2025-07-15,Delayed,4.0,No,No
ORD102877,CUST12594,2025-08-12,Bengaluru,Bengaluru,Ahmedabad,344.9,Beauty,6,3.44,Road,Blue Dart,1529.02,294.81,5.38,2025-08-14,2025-08-19,2025-08-20,Delayed,4.0,No,No
ORD100114,CUST10315,2025-04-05,Hyderabad,Hyderabad,Ahmedabad,360.0,Electronics,2,3.44,Road,Blue Dart,1646.19,228.16,8.18,2025-04-08,2025-04-13,2025-04-13,Delivered,5.0,No,No
ORD104548,CUST10093,2025-01-16,Pune,Pune,Visakhapatnam,605.3,Automotive,6,13.48,Air,Ecom Express,5718.67,470.89,15.26,2025-01-19,2025-01-22,2025-01-23,Delayed,4.0,No,No
ORD102810,CUST12507,2025-07-08,Chennai,Chennai,Hyderabad,271.9,Beauty,2,2.74,Road,Delhivery,1232.79,316.37,7.04,2025-07-11,2025-07-15,2025-07-15,Delivered,4.0,No,No
ORD101938,CUST12385,2025-03-05,Hyderabad,Hyderabad,Pune,692.8,Books,5,2.15,Air,DTDC,6321.28,774.41,7.18,2025-03-07,2025-03-11,2025-03-11,Delivered,4.0,No,No
ORD101456,CUST12156,2025-05-14,Chennai,Chennai,Pune,1121.4,Grocery,5,7.44,Road,XpressBees,4860.57,1195.33,8.1,2025-05-17,2025-05-26,2025-05-29,Delayed,4.0,No,No
ORD103807,CUST10776,2025-12-01,Chennai,Chennai,Nagpur,397.0,Home & Kitchen,5,7.83,Road,DTDC,1768.66,353.88,5.45,2025-12-02,2025-12-08,2025-12-09,Delayed,3.0,No,No
ORD100148,CUST11626,2025-04-28,Hyderabad,Hyderabad,Bengaluru,408.7,Books,4,6.34,Air,Ecom Express,3713.52,442.03,8.72,2025-04-30,2025-05-03,2025-05-03,Delivered,5.0,No,No
ORD102983,CUST10910,2025-10-27,Bengaluru,Bengaluru,Jaipur,375.1,Automotive,1,8.3,Road,DTDC,1712.68,342.54,7.55,2025-10-29,2025-11-02,2025-11-02,Delivered,4.0,No,No
ORD103376,CUST12572,2025-01-04,Mumbai,Mumbai,Delhi,256.1,Clothing,3,3.96,Air,DTDC,2365.68,283.47,10.23,2025-01-06,2025-01-09,2025-01-09,Delivered,5.0,No,No
ORD100122,CUST10826,2025-03-22,Mumbai,Mumbai,Bhopal,334.7,Home & Kitchen,4,2.46,Road,XpressBees,1465.4,381.01,11.22,2025-03-25,2025-03-30,2025-03-30,Delivered,4.0,No,No
ORD103444,CUST12606,2025-02-01,Bengaluru,Bengaluru,Vijayawada,1086.7,Grocery,1,8.26,Road,DTDC,4755.3,848.31,8.4,2025-02-04,2025-02-11,2025-02-11,Delivered,3.0,No,No
ORD104823,CUST12207,2025-11-08,Bengaluru,Bengaluru,Surat,48.4,Beauty,2,4.12,Air,Ecom Express,,59.26,4.35,2025-11-10,2025-11-12,2025-11-16,Delayed,3.0,Yes,No
ORD104739,CUST12282,2025-07-28,Hyderabad,Hyderabad,Kochi,543.1,Grocery,7,6.72,Road,Delhivery,2412.29,341.53,10.23,2025-07-30,2025-08-05,2025-08-05,Delivered,4.0,No,No
ORD103259,CUST10457,2025-02-25,Mumbai,Mumbai,Jaipur,379.5,Books,7,0.67,Rail,Ecom Express,1155.03,363.01,9.68,2025-02-27,2025-03-05,2025-03-05,Delivered,4.0,No,No
ORD101416,CUST10092,2025-05-09,Mumbai,Mumbai,Ahmedabad,232.5,Sports,3,9.8,Road,Delhivery,1142.29,235.35,10.35,2025-05-11,2025-05-16,2025-05-16,Delivered,4.0,No,No
ORD100491,CUST10752,2025-12-20,Chennai,Chennai,Jaipur,496.4,Home & Kitchen,3,1.31,Road,Shadowfax,2168.55,435.26,7.94,2025-12-23,2025-12-28,2025-12-28,Delivered,4.0,No,No
ORD103553,CUST12263,2025-06-22,Pune,Pune,Lucknow,726.6,Sports,6,12.43,Rail,Ecom Express,2518.38,716.61,6.36,2025-06-24,2025-07-01,2025-07-01,Delivered,4.0,No,No
ORD100977,CUST10645,2025-07-01,Delhi,Delhi,Surat,1093.1,Books,3,5.73,Road,XpressBees,4665.89,1020.13,7.25,2025-07-02,2025-07-11,2025-07-11,Delivered,5.0,No,No
ORD100068,CUST11710,2025-01-31,Pune,Pune,Nagpur,255.5,Beauty,6,6.26,Road,Delhivery,1233.42,177.97,10.94,2025-02-03,2025-02-08,2025-02-08,Delivered,5.0,No,No
ORD101264,CUST11353,2025-02-06,Bengaluru,Bengaluru,Lucknow,385.4,Grocery,4,5.56,Road,Shadowfax,1746.72,356.56,7.43,2025-02-08,2025-02-14,2025-02-17,Delayed,4.0,No,No
ORD100921,CUST12110,2025-01-06,Bengaluru,Bengaluru,Delhi,948.9,Clothing,5,1.8,Air,Ecom Express,8510.37,814.71,8.16,2025-01-08,2025-01-12,2025-01-14,Delayed,3.0,No,No
ORD102929,CUST11737,2025-02-09,Pune,Pune,Chennai,534.0,Grocery,7,7.07,Air,DTDC,4969.46,403.9,9.06,2025-02-12,2025-02-15,2025-02-17,Delayed,4.0,No,No
ORD101019,CUST11891,2025-07-29,Pune,Pune,Nagpur,653.3,Electronics,3,0.77,Road,Shadowfax,2792.23,538.4,,2025-08-01,2025-08-07,2025-08-10,Delayed,3.0,Yes,No
ORD104464,CUST10476,2025-05-18,Mumbai,Mumbai,Surat,708.4,Automotive,6,13.54,Rail,Blue Dart,2512.47,544.49,11.01,2025-05-20,2025-05-27,2025-05-28,Delayed,4.0,No,No
ORD103014,CUST11687,2025-03-18,Delhi,Delhi,Hyderabad,701.0,Sports,4,7.68,Road,XpressBees,3069.64,612.32,10.09,2025-03-20,2025-03-27,2025-03-31,Delayed,3.0,No,No
ORD102130,CUST10837,2025-05-26,Delhi,Delhi,Mumbai,269.0,Automotive,2,5.0,Road,Shadowfax,1289.24,315.12,7.14,2025-05-28,2025-06-03,2025-06-03,Delivered,4.0,No,No
ORD100041,CUST11021,2025-06-11,Mumbai,Mumbai,Jaipur,169.4,Beauty,7,1.4,Road,Delhivery,756.8,137.46,9.41,2025-06-14,2025-06-19,2025-06-19,Delivered,4.0,No,No
ORD103629,CUST11566,2025-05-05,Bengaluru,Bengaluru,Nagpur,76.9,Clothing,4,3.16,Rail,Delhivery,355.84,68.29,10.96,2025-05-08,2025-05-13,2025-05-13,Delivered,5.0,No,No
ORD104886,CUST12478,2025-10-18,Chennai,Chennai,Vijayawada,156.5,Grocery,1,7.92,Road,Delhivery,696.7,163.84,7.8,2025-10-21,2025-10-26,2025-10-26,Delivered,4.0,No,Yes
ORD104143,CUST10868,2025-07-17,Pune,Pune,Visakhapatnam,596.8,Electronics,2,1.99,Air,DTDC,5377.52,629.02,6.52,2025-07-19,2025-07-22,2025-07-22,Delivered,5.0,No,No
ORD103191,CUST12486,2025-11-25,Mumbai,Mumbai,Lucknow,49.5,Automotive,3,10.43,Air,DTDC,545.05,20.0,11.54,2025-11-28,2025-12-01,2025-12-01,Delivered,4.0,No,No
ORD103095,CUST11124,2025-05-28,Hyderabad,Hyderabad,Nagpur,1022.9,Grocery,4,7.79,Road,XpressBees,4379.03,,6.83,2025-05-29,2025-06-05,2025-06-05,Delivered,5.0,No,No
ORD101808,CUST12610,2025-12-24,Mumbai,Mumbai,Coimbatore,500.4,Clothing,7,9.93,Road,Ecom Express,2338.51,426.49,11.62,2025-12-26,2026-01-01,2026-01-01,Delivered,5.0,No,No
ORD100240,CUST12612,2025-01-05,Hyderabad,Hyderabad,Bengaluru,314.3,Electronics,5,4.74,Road,DTDC,1430.39,282.11,8.74,2025-01-07,2025-01-12,2025-01-12,Delivered,5.0,No,No
ORD101230,CUST10221,2025-10-12,Mumbai,Mumbai,Pune,955.1,Books,5,2.03,Rail,Shadowfax,3175.73,1028.13,11.45,2025-10-15,2025-10-23,2025-10-24,Delayed,3.0,No,No
ORD102696,CUST10077,2025-11-11,Bengaluru,Bengaluru,Ahmedabad,424.6,Clothing,1,11.49,Rail,XpressBees,1502.93,439.82,10.73,2025-11-14,2025-11-21,2025-11-21,Delivered,4.0,No,No
ORD104440,CUST10712,2025-04-16,Mumbai,Mumbai,Kochi,351.2,Clothing,5,2.32,Air,DTDC,3348.25,416.23,9.56,2025-04-19,2025-04-21,2025-04-21,Delivered,4.0,No,No
ORD100856,CUST12683,2025-09-01,Chennai,Chennai,Bengaluru,615.6,Sports,7,0.65,Road,Blue Dart,,571.69,5.84,2025-09-03,2025-09-09,2025-09-09,Delivered,5.0,No,No
ORD104363,CUST10213,2025-06-10,Bengaluru,Bengaluru,Surat,333.3,Clothing,5,4.81,Rail,Delhivery,1081.89,212.0,9.05,2025-06-12,2025-06-17,2025-06-18,Delayed,3.0,No,No
ORD101286,CUST11876,2025-05-18,Mumbai,Mumbai,Delhi,253.9,Home & Kitchen,1,2.98,Road,Blue Dart,1050.57,316.5,8.92,2025-05-20,2025-05-26,2025-05-27,Delayed,3.0,No,No
ORD101821,CUST12147,2025-11-04,Mumbai,Mumbai,Ahmedabad,632.3,Automotive,2,9.27,Express,Blue Dart,4488.11,731.41,8.13,2025-11-06,2025-11-11,2025-11-18,Delayed,3.0,No,No
ORD100700,CUST11705,2025-12-11,Mumbai,Mumbai,Indore,572.5,Electronics,3,12.08,Express,XpressBees,4158.1,680.92,12.18,2025-12-14,2025-12-19,2025-12-19,Delivered,4.0,No,No
ORD101591,CUST10484,2025-04-11,Mumbai,Mumbai,Pune,181.2,Clothing,4,5.45,Road,Delhivery,972.39,110.8,10.58,2025-04-14,2025-04-20,2025-04-20,Delivered,4.0,No,No
ORD103727,CUST11940,2025-08-12,Mumbai,Mumbai,Bengaluru,140.3,Grocery,4,7.33,Road,Ecom Express,670.66,114.07,9.85,2025-08-14,2025-08-17,2025-08-17,Delivered,5.0,No,No
ORD104512,CUST10715,2025-05-01,Bengaluru,Bengaluru,Delhi,264.3,Grocery,1,6.7,Road,XpressBees,1156.86,307.24,8.28,2025-05-02,2025-05-08,2025-05-08,Delivered,4.0,No,No
ORD100701,CUST12127,2025-03-13,Pune,Pune,Kochi,138.7,Home & Kitchen,6,2.12,Air,Shadowfax,1316.78,63.03,9.4,2025-03-16,2025-03-18,2025-03-18,Delivered,5.0,No,No
ORD102094,CUST11978,2025-06-21,Delhi,Delhi,Jaipur,524.4,Electronics,3,5.73,Road,DTDC,2307.11,456.97,6.2,2025-06-23,2025-06-29,2025-06-30,Delayed,3.0,No,No
ORD101275,CUST11753,2025-08-27,Pune,Pune,Nagpur,206.6,Grocery,5,1.51,Road,DTDC,989.87,257.06,7.57,2025-08-29,2025-09-02,2025-09-02,Delivered,5.0,No,No
ORD101401,CUST12344,2025-04-15,Chennai,Chennai,Indore,755.5,Electronics,4,6.1,Air,Ecom Express,6874.18,614.73,6.42,2025-04-17,2025-04-21,2025-04-21,Delivered,5.0,No,No
ORD102858,CUST12594,2025-05-18,Delhi,Delhi,Indore,363.0,Grocery,2,2.61,Road,Ecom Express,1621.87,226.3,10.95,2025-05-20,2025-05-25,2025-05-25,Delivered,4.0,No,No
ORD100671,CUST10448,2025-10-14,Pune,Pune,Visakhapatnam,311.5,Sports,7,0.6,Air,Shadowfax,2907.19,198.09,6.57,2025-10-16,2025-10-20,2025-10-20,Delivered,4.0,No,No
ORD100245,CUST10949,2025-07-31,Bengaluru,Bengaluru,Pune,272.1,Books,3,3.33,Air,Ecom Express,2494.62,296.03,5.73,2025-08-01,2025-08-04,2025-08-04,Delivered,5.0,No,No
ORD102960,CUST10114,2025-05-29,Pune,Pune,Ahmedabad,88.4,Electronics,7,9.41,Road,Ecom Express,621.47,84.43,3.64,2025-05-30,2025-06-05,2025-06-05,Delivered,4.0,No,No
ORD103556,CUST12014,2025-04-07,Hyderabad,Hyderabad,Indore,432.2,Books,3,18.03,Road,Ecom Express,2108.27,472.71,6.53,2025-04-09,2025-04-15,2025-04-15,Delivered,4.0,No,No
ORD100010,CUST12684,2025-12-21,Delhi,Delhi,Visakhapatnam,299.3,Grocery,1,3.52,Express,XpressBees,2199.63,211.69,13.55,2025-12-23,2025-12-26,2025-12-30,Delayed,3.0,No,No
ORD102671,CUST11336,2025-12-26,Hyderabad,Hyderabad,Vijayawada,317.1,Beauty,2,4.62,Express,Blue Dart,2332.87,232.9,6.67,2025-12-28,2026-01-01,2026-01-01,Delivered,5.0,No,No
ORD104594,CUST11028,2025-04-10,Chennai,Chennai,Nagpur,228.2,Home & Kitchen,6,5.23,Express,Shadowfax,1784.58,261.91,8.78,2025-04-12,2025-04-15,2025-04-15,Delivered,4.0,No,Yes
ORD104179,CUST11473,2025-08-07,Hyderabad,Hyderabad,Jaipur,387.6,Clothing,6,3.71,Road,Delhivery,1829.32,405.43,10.16,2025-08-10,2025-08-14,2025-08-14,Delivered,4.0,No,No
ORD103265,CUST10923,2025-10-15,Mumbai,Mumbai,Pune,213.3,Beauty,7,5.29,Road,Shadowfax,1079.3,191.53,7.77,2025-10-16,2025-10-22,2025-10-23,Delayed,4.0,No,No
ORD104462,CUST10697,2025-02-12,Hyderabad,Hyderabad,Visakhapatnam,438.1,Grocery,7,3.33,Road,Delhivery,2021.79,434.9,7.09,2025-02-14,2025-02-20,2025-02-20,Delivered,4.0,No,No
ORD100442,CUST10648,2025-11-09,Mumbai,Mumbai,Bhopal,464.6,Electronics,5,0.3,Air,Ecom Express,4253.23,438.47,9.36,2025-11-12,2025-11-15,2025-11-16,Delayed,3.0,No,No
ORD100601,CUST10273,2025-11-27,Hyderabad,Hyderabad,Surat,273.9,Books,1,2.69,Air,Ecom Express,2582.85,311.72,7.9,2025-11-30,2025-12-03,2025-12-03,Delivered,5.0,No,Yes
ORD102649,CUST11850,2025-12-12,Delhi,Delhi,Jaipur,465.5,Clothing,3,2.08,Air,Delhivery,4270.31,498.04,9.08,2025-12-14,2025-12-19,2025-12-19,Delivered,,No,No
ORD104139,CUST12432,2025-09-06,Hyderabad,Hyderabad,Delhi,240.7,Sports,1,3.71,Express,DTDC,1691.01,274.72,8.07,2025-09-08,2025-09-11,2025-09-11,Delivered,4.0,No,No
ORD101479,CUST10211,2025-07-12,Mumbai,Mumbai,Vijayawada,121.2,Clothing,6,3.38,Road,Shadowfax,644.95,86.79,10.67,2025-07-14,2025-07-18,2025-07-19,Delayed,3.0,No,No
ORD103109,CUST12097,2025-12-06,Hyderabad,Hyderabad,Indore,407.3,Automotive,6,0.45,Rail,XpressBees,1426.81,349.23,10.49,2025-12-09,2025-12-16,2025-12-16,Delivered,5.0,No,No
ORD103472,CUST11587,2025-02-22,Bengaluru,Bengaluru,Hyderabad,35.7,Electronics,7,3.04,Rail,Shadowfax,200.63,20.0,8.65,2025-02-25,2025-03-03,2025-03-03,Delivered,4.0,No,No
ORD100033,CUST10512,2025-09-30,Delhi,Delhi,Kochi,179.3,Books,7,1.88,Air,XpressBees,1807.79,149.77,9.11,2025-10-02,2025-10-05,2025-10-05,Delivered,3.0,No,No
ORD103184,CUST12217,2025-03-22,Bengaluru,Bengaluru,Surat,538.5,Automotive,1,6.55,Air,DTDC,5010.05,604.73,9.5,2025-03-25,2025-03-28,2025-03-28,Delivered,4.0,No,No
ORD103995,CUST12603,2025-05-10,Hyderabad,Hyderabad,Pune,234.1,Books,7,3.33,Road,XpressBees,1206.17,237.93,4.58,2025-05-12,2025-05-17,2025-05-17,Delivered,5.0,No,No
ORD104880,CUST10243,2025-07-23,Chennai,Chennai,Bhopal,427.1,Automotive,2,3.35,Road,Ecom Express,1819.39,404.29,6.27,2025-07-25,2025-07-29,2025-07-29,Delivered,3.0,No,No
ORD101660,CUST11236,2025-06-07,Chennai,Chennai,Lucknow,344.1,Clothing,1,10.5,Road,Shadowfax,1649.65,322.08,4.57,2025-06-09,2025-06-15,2025-06-16,Delayed,3.0,No,No
ORD104632,CUST12511,2025-05-16,Bengaluru,Bengaluru,Visakhapatnam,222.2,Home & Kitchen,3,5.41,Air,Ecom Express,2100.83,255.43,5.16,2025-05-19,2025-05-20,2025-05-21,Delayed,3.0,No,No
ORD104156,CUST12192,2025-05-10,Bengaluru,Bengaluru,Nagpur,227.2,Electronics,5,6.41,Road,Delhivery,1118.58,125.04,9.52,2025-05-11,2025-05-17,2025-05-24,Delayed,4.0,No,No
ORD100913,CUST11515,2025-01-20,Mumbai,Mumbai,Lucknow,433.2,Clothing,4,6.66,Road,XpressBees,1945.04,352.47,10.1,2025-01-22,2025-01-29,2025-01-29,Delivered,4.0,Yes,No
ORD103436,CUST11133,2025-06-27,Mumbai,Mumbai,Indore,700.8,Automotive,6,3.15,Road,DTDC,2976.86,654.91,9.68,2025-06-29,2025-07-05,2025-07-08,Delayed,2.0,No,No
ORD100997,CUST10386,2025-09-16,Hyderabad,Hyderabad,Bhopal,154.2,Beauty,1,2.44,Air,XpressBees,1405.22,168.37,9.34,2025-09-19,2025-09-22,2025-09-22,Delivered,3.0,No,No
ORD103686,CUST11497,2025-11-03,Hyderabad,Hyderabad,Bhopal,879.6,Beauty,5,6.15,Road,Delhivery,4031.51,719.67,9.22,2025-11-05,2025-11-12,2025-11-19,Delayed,3.0,No,No
ORD102469,CUST11652,2025-05-25,Delhi,Delhi,Indore,403.9,Sports,3,2.04,Road,XpressBees,1739.54,248.55,6.09,2025-05-27,2025-06-01,2025-06-03,Delayed,4.0,No,No
ORD100537,CUST11063,2025-02-27,Mumbai,Mumbai,Jaipur,1018.1,Sports,6,3.77,Road,Shadowfax,4286.28,1043.02,8.76,2025-03-01,2025-03-08,2025-03-08,Delivered,4.0,No,No
ORD102063,CUST10164,2025-08-06,Bengaluru,Bengaluru,Pune,282.7,Books,4,7.3,Express,Shadowfax,2222.76,294.51,8.76,2025-08-08,2025-08-13,2025-08-13,Delivered,,No,No
ORD101423,CUST10667,2025-07-19,Bengaluru,Bengaluru,Coimbatore,554.3,Electronics,4,10.1,Road,DTDC,2650.52,565.29,5.45,2025-07-21,2025-07-27,2025-07-27,Delivered,5.0,No,Yes
ORD102047,CUST11871,2025-04-11,Hyderabad,Hyderabad,Coimbatore,765.2,Clothing,5,1.02,Rail,Shadowfax,2471.92,796.67,6.47,2025-04-12,2025-04-18,2025-04-18,Delivered,4.0,No,No
ORD103567,CUST10702,2025-03-27,Mumbai,Mumbai,Jaipur,321.0,Grocery,2,0.64,Road,Delhivery,1287.59,280.41,9.62,2025-03-29,2025-04-03,2025-04-07,Delayed,,No,No
ORD102931,CUST10469,2025-02-02,Hyderabad,Hyderabad,Vijayawada,250.5,Sports,6,3.1,Road,XpressBees,1168.65,246.37,6.78,2025-02-03,2025-02-07,2025-02-11,Delayed,3.0,No,No
ORD101676,CUST12515,2025-09-13,Chennai,Chennai,Visakhapatnam,443.1,Electronics,4,8.13,Air,Shadowfax,4033.55,312.61,10.48,2025-09-16,2025-09-19,2025-09-19,Delivered,5.0,No,No
ORD104954,CUST11439,2025-07-23,Pune,Pune,Nagpur,139.0,Books,5,23.26,Road,Blue Dart,1091.24,172.44,8.09,2025-07-26,2025-07-31,2025-07-31,Delivered,4.0,No,No
ORD104027,CUST10353,2025-07-27,Delhi,Delhi,Kochi,747.2,Clothing,6,1.39,Road,Delhivery,3126.79,761.48,7.61,2025-07-29,2025-08-04,2025-08-04,Delivered,4.0,No,No
ORD101138,CUST10832,2025-03-18,Delhi,Delhi,Kolkata,375.5,Grocery,6,0.47,express,DTDC,2887.22,241.02,4.05,2025-03-20,2025-03-25,2025-03-25,Delivered,5.0,No,No
ORD102516,CUST12098,2025-02-19,Bengaluru,Bengaluru,Mumbai,627.9,Clothing,6,8.78,Express,Blue Dart,4490.57,561.38,9.29,2025-02-22,2025-02-27,2025-02-27,Delivered,4.0,No,No
ORD101134,CUST11371,2025-08-23,Hyderabad,Hyderabad,Surat,152.4,Grocery,3,9.59,Road,XpressBees,928.04,170.34,6.39,2025-08-25,2025-08-29,2025-08-30,Delayed,4.0,Yes,No
ORD101016,CUST12749,2025-08-23,Chennai,Chennai,Coimbatore,596.8,Books,1,5.29,Road,XpressBees,2559.49,514.89,7.59,2025-08-26,2025-08-31,2025-08-31,Delivered,4.0,No,No
ORD103704,CUST12569,2025-11-06,Pune,Pune,Nagpur,527.0,Electronics,2,5.29,Air,XpressBees,4907.53,552.78,11.58,2025-11-08,2025-11-11,2025-11-11,Delivered,4.0,No,No
ORD101829,CUST10624,2025-08-13,Hyderabad,Hyderabad,Bhopal,686.6,Electronics,7,15.66,Road,Delhivery,3295.93,413.5,4.97,2025-08-15,2025-08-21,2025-08-21,Delivered,4.0,No,No
ORD103128,CUST10133,2025-08-09,Chennai,Chennai,Pune,483.4,Sports,6,9.05,Road,Blue Dart,2297.15,548.8,9.89,2025-08-11,2025-08-16,2025-08-16,Delivered,4.0,No,Yes
ORD102000,CUST12780,2025-03-17,Pune,Pune,Coimbatore,82.4,electronics,2,4.06,Road,Delhivery,340.95,120.55,4.79,2025-03-18,2025-03-24,2025-03-24,Delivered,4.0,No,No
ORD100428,CUST11911,2025-02-28,Hyderabad,Hyderabad,Jaipur,600.5,Sports,6,2.92,Rail,DTDC,1956.46,616.97,4.42,2025-03-01,2025-03-09,2025-03-09,Delivered,4.0,No,No
ORD101034,CUST10385,2025-11-08,Hyderabad,Hyderabad,Mumbai,266.3,Electronics,3,2.21,Air,Delhivery,2464.99,144.01,7.31,2025-11-10,2025-11-13,2025-11-14,Delayed,4.0,No,No
ORD102251,CUST11061,2025-05-09,Hyderabad,Hyderabad,Vijayawada,278.3,Clothing,1,2.59,Air,Blue Dart,2618.31,331.57,5.43,2025-05-11,2025-05-14,2025-05-14,Delivered,5.0,No,No
ORD102378,CUST11494,2025-08-31,Chennai,Chennai,Visakhapatnam,154.1,Beauty,6,1.92,Road,Blue Dart,849.09,77.35,5.89,2025-09-01,2025-09-04,2025-09-04,Delivered,5.0,No,Yes
ORD104642,CUST11309,2025-02-09,Pune,Pune,Coimbatore,195.0,Automotive,4,3.4,Rail,Blue Dart,760.38,279.39,7.22,2025-02-11,2025-02-17,2025-02-17,Delivered,5.0,No,No
ORD103064,CUST12727,2025-08-01,Hyderabad,Hyderabad,Bengaluru,306.2,Automotive,7,2.06,Road,DTDC,1299.65,333.38,5.86,2025-08-03,2025-08-08,2025-08-08,Delivered,4.0,No,No
ORD100662,CUST12613,2025-11-27,Pune,Pune,Kolkata,731.3,Books,7,3.97,Air,XpressBees,6821.19,795.81,8.46,2025-11-28,2025-12-03,2025-12-06,Delayed,4.0,No,No
ORD104907,CUST11352,2025-10-27,Mumbai,Mumbai,Chennai,879.9,Clothing,4,2.28,Rail,Shadowfax,2933.1,788.29,9.57,2025-10-29,2025-11-06,2025-11-06,Delivered,5.0,No,No
ORD100242,CUST12723,2025-09-11,Chennai,Chennai,Hyderabad,213.8,Clothing,5,4.38,Road,Shadowfax,962.45,203.05,4.92,2025-09-13,2025-09-18,2025-09-18,Delivered,5.0,No,No
ORD102654,CUST11958,2025-01-15,Hyderabad,Hyderabad,Bhopal,633.6,Sports,2,2.19,Road,DTDC,2776.62,694.36,8.71,2025-01-18,2025-01-23,2025-01-29,Delayed,3.0,No,No
ORD102638,CUST10735,2025-06-09,Hyderabad,Hyderabad,Visakhapatnam,116.0,Automotive,1,0.98,Road,Shadowfax,585.19,74.7,3.85,2025-06-11,2025-06-15,2025-06-15,Delivered,5.0,No,No
ORD103808,CUST11255,2025-03-28,Pune,Pune,Surat,1143.4,Clothing,3,7.39,Air,Blue Dart,10460.95,774.64,11.78,2025-03-31,2025-04-05,2025-04-07,Delayed,4.0,No,No
ORD104770,CUST11254,2025-07-05,Hyderabad,Hyderabad,Jaipur,366.0,Grocery,2,9.88,Road,XpressBees,1811.91,323.28,6.56,2025-07-07,2025-07-13,2025-07-14,Delayed,3.0,No,No
ORD104095,CUST10634,2025-06-10,Chennai,Chennai,Hyderabad,1147.5,Home & Kitchen,5,1.25,Air,Delhivery,10509.1,1197.66,5.91,2025-06-11,2025-06-16,2025-06-16,Delivered,5.0,No,No
ORD103705,CUST10775,2025-03-23,Hyderabad,Hyderabad,Indore,67.4,Sports,5,4.28,Rail,XpressBees,310.94,50.48,8.74,2025-03-25,2025-03-30,2025-03-30,Delivered,4.0,No,No
ORD100111,CUST10446,2025-02-02,Hyderabad,Hyderabad,Coimbatore,453.5,Home & Kitchen,1,6.78,Rail,Ecom Express,1568.27,371.04,6.37,2025-02-05,2025-02-12,2025-02-12,Delivered,5.0,Yes,No
ORD101491,CUST12122,2025-08-15,Chennai,Chennai,Pune,422.8,Automotive,4,3.93,Road,DTDC,1854.93,363.81,8.18,2025-08-17,2025-08-21,2025-08-21,Delivered,4.0,No,No
ORD100149,CUST11709,2025-01-24,Mumbai,Mumbai,Coimbatore,1058.8,Electronics,3,22.31,Rail,Ecom Express,3715.74,1265.68,12.68,2025-01-27,2025-02-05,2025-02-06,Delayed,3.0,No,No
ORD100862,CUST10789,2025-02-15,Hyderabad,Hyderabad,Visakhapatnam,927.1,Automotive,6,3.92,Air,XpressBees,8553.93,951.89,7.08,2025-02-17,2025-02-22,2025-02-22,Delivered,4.0,No,No
ORD104367,CUST12643,2025-06-18,Pune,Pune,Vijayawada,714.3,electronics,7,0.62,Road,XpressBees,3163.18,749.93,11.36,2025-06-20,2025-06-27,2025-06-27,Delivered,4.0,No,No
ORD102172,CUST12521,2025-09-07,Hyderabad,Hyderabad,Lucknow,481.3,Beauty,2,3.57,Road,DTDC,2144.49,476.34,10.07,2025-09-10,2025-09-16,2025-09-20,Delayed,4.0,No,No
ORD101445,CUST10179,2025-07-19,Bengaluru,Bengaluru,Lucknow,89.6,Grocery,3,5.5,Road,XpressBees,546.03,90.5,,2025-07-22,2025-07-26,2025-07-26,Delivered,5.0,No,No
ORD103534,CUST11187,2025-02-16,Hyderabad,Hyderabad,Bengaluru,479.3,Beauty,6,2.33,Express,Delhivery,3606.54,346.69,6.52,2025-02-18,2025-02-22,2025-02-22,Delivered,5.0,No,No
ORD101576,CUST12094,2025-05-03,Chennai,Chennai,Mumbai,256.7,Beauty,5,4.44,Express,DTDC,1996.1,249.41,5.62,2025-05-05,2025-05-08,2025-05-08,Delivered,4.0,No,Yes
ORD101549,CUST12602,2025-12-22,Pune,Pune,Visakhapatnam,224.4,Sports,2,7.75,Air,XpressBees,2190.96,160.29,6.74,2025-12-24,2025-12-26,2025-12-26,Delivered,5.0,No,No
ORD104396,CUST12773,2025-01-05,Pune,Pune,Hyderabad,75.6,Beauty,4,1.65,Road,Delhivery,162.49,60.9,8.25,2025-01-08,2025-01-13,2025-01-13,Delivered,5.0,No,No
ORD101736,CUST11634,2025-08-07,Chennai,Chennai,Visakhapatnam,469.1,Automotive,7,5.89,Rail,DTDC,1767.46,546.0,3.86,2025-08-08,2025-08-14,2025-08-15,Delayed,4.0,No,No
ORD103345,CUST10950,2025-08-19,Mumbai,Mumbai,Nagpur,306.1,Beauty,2,1.56,Road,Blue Dart,1321.76,219.9,13.83,2025-08-21,2025-08-27,2025-08-29,Delayed,4.0,No,No
ORD102031,CUST12649,2025-05-07,Bengaluru,Bengaluru,Bhopal,251.9,Clothing,6,2.93,Rail,Blue Dart,1001.44,118.08,12.56,2025-05-09,2025-05-15,2025-05-15,Delivered,5.0,No,No
ORD102583,CUST12772,2025-05-28,Bengaluru,Bengaluru,Surat,119.4,Sports,1,7.25,Express,Ecom Express,1014.71,106.53,8.25,2025-05-31,2025-06-03,2025-06-03,Delivered,4.0,No,No
ORD103708,CUST12636,2025-03-11,Pune,Pune,Bhopal,921.4,Grocery,3,4.18,Air,Blue Dart,,719.16,9.22,2025-03-14,2025-03-19,2025-03-23,Delayed,4.0,No,No
ORD104866,CUST12758,2025-09-26,Bengaluru,Bengaluru,Indore,937.9,Books,4,7.72,Road,Ecom Express,4128.18,784.63,8.19,2025-09-29,2025-10-04,2025-10-04,Delivered,5.0,No,No
ORD103225,CUST12389,2025-06-04,Hyderabad,Hyderabad,Coimbatore,95.6,Home & Kitchen,2,2.44,Road,Blue Dart,459.37,98.12,2.84,2025-06-05,2025-06-10,2025-06-10,Delivered,4.0,No,No
ORD102848,CUST11989,2025-08-28,Delhi,Delhi,Visakhapatnam,244.1,Beauty,3,4.64,Air,DTDC,2254.44,326.29,10.43,2025-08-31,2025-09-03,2025-09-03,Delivered,4.0,No,No
ORD103894,CUST10751,2025-10-23,Chennai,Chennai,Chennai,133.6,Electronics,1,1.11,Rail,DTDC,352.26,160.39,8.06,2025-10-26,2025-11-01,2025-11-01,Delivered,4.0,No,No
ORD103200,CUST12799,2025-10-27,Pune,Pune,Jaipur,400.9,Books,3,1.21,Air,Shadowfax,3551.37,212.39,7.31,2025-10-29,2025-10-30,2025-10-30,Delivered,5.0,No,No
ORD104950,CUST11550,2025-10-18,Delhi,Delhi,Bhopal,677.4,Clothing,4,5.26,Road,Blue Dart,2859.04,749.19,12.24,2025-10-21,2025-10-28,2025-10-28,Delivered,4.0,No,No
ORD104264,CUST10819,2025-08-31,Hyderabad,Hyderabad,Delhi,217.3,Home & Kitchen,4,4.31,Air,Delhivery,1867.85,215.04,6.86,2025-09-02,2025-09-05,2025-09-05,Delivered,5.0,No,No
ORD103786,CUST10291,2025-01-15,Bengaluru,Bengaluru,Mumbai,279.0,Books,2,5.73,Rail,Ecom Express,991.51,388.61,12.16,2025-01-18,2025-01-26,2025-01-26,Delivered,4.0,No,No
ORD102440,CUST11200,2025-02-11,Delhi,Delhi,Mumbai,647.8,Automotive,5,1.45,Air,Delhivery,5739.66,485.63,4.18,2025-02-13,2025-02-16,2025-02-16,Delivered,4.0,No,No
ORD102056,CUST12038,2025-07-03,Chennai,Chennai,Nagpur,381.3,Books,5,7.81,road,Delhivery,1657.87,475.41,7.44,2025-07-05,2025-07-10,2025-07-12,Delayed,3.0,Yes,No
ORD101976,CUST12712,2025-05-04,Delhi,Delhi,Nagpur,451.6,Books,6,4.14,Rail,Shadowfax,1606.62,343.29,10.28,2025-05-07,2025-05-14,2025-05-14,Delivered,4.0,No,No
ORD103941,CUST12421,2025-05-06,Delhi,Delhi,Jaipur,414.0,Clothing,4,10.53,Road,Shadowfax,1967.14,399.7,9.69,2025-05-08,2025-05-13,2025-05-13,Delivered,4.0,No,No
ORD102167,CUST12642,2025-10-11,Hyderabad,Hyderabad,Nagpur,187.8,Clothing,2,2.1,Rail,Blue Dart,685.45,197.34,9.7,2025-10-14,2025-10-20,2025-10-20,Delivered,4.0,No,No
ORD100674,CUST11389,2025-12-11,Hyderabad,Hyderabad,Lucknow,296.6,Beauty,1,6.15,Road,Ecom Express,1300.6,344.76,9.72,2025-12-13,2025-12-18,2025-12-18,Delivered,4.0,No,No
ORD101868,CUST11099,2025-05-15,Hyderabad,Hyderabad,Vijayawada,349.4,Home & Kitchen,7,6.46,Road,XpressBees,1657.8,412.94,3.57,2025-05-18,2025-05-24,2025-05-24,Delivered,5.0,No,No
ORD103802,CUST11400,2025-10-16,Mumbai,Mumbai,Hyderabad,311.4,Beauty,1,4.6,Rail,Shadowfax,1098.7,293.38,9.31,2025-10-19,2025-10-24,2025-10-26,Delayed,3.0,No,No
ORD102430,CUST12203,2025-01-03,Pune,Pune,Nagpur,676.4,Books,3,2.46,Road,DTDC,2888.63,738.52,8.39,2025-01-05,2025-01-11,2025-01-11,Delivered,5.0,No,No
ORD104002,CUST10191,2025-09-11,Pune,Pune,Bhopal,148.1,Sports,5,7.11,Road,Shadowfax,752.35,171.53,8.61,2025-09-14,2025-09-18,2025-09-23,Delayed,4.0,No,No
ORD103037,CUST11018,2025-07-15,Hyderabad,Hyderabad,Surat,756.4,Automotive,3,0.35,Road,Shadowfax,3114.38,498.94,8.22,2025-07-18,2025-07-26,2025-07-27,Delayed,3.0,No,No
ORD103668,CUST11628,2025-01-31,Bengaluru,Bengaluru,Bhopal,101.5,Automotive,6,7.81,Rail,Delhivery,444.38,90.63,7.66,2025-02-02,2025-02-08,2025-02-12,Delayed,3.0,No,No
ORD103145,CUST10840,2025-02-03,Bengaluru,Bengaluru,Delhi,409.8,beauty,4,0.79,Road,Ecom Express,1907.3,401.13,6.98,2025-02-05,2025-02-10,2025-02-15,Delayed,4.0,No,No
ORD103130,CUST12210,2025-05-23,Mumbai,Mumbai,Nagpur,85.2,Books,7,3.78,Road,XpressBees,499.39,121.89,7.67,2025-05-25,2025-05-30,2025-05-30,Delivered,,No,Yes
ORD102017,CUST10856,2025-05-17,Chennai,Chennai,Vijayawada,338.6,Home & Kitchen,5,6.72,Road,dtdc,1525.18,379.61,5.39,2025-05-19,2025-05-25,2025-05-25,Delivered,5.0,No,No
ORD101718,CUST10438,2025-06-19,Chennai,Chennai,Nagpur,461.1,Automotive,5,7.2,Air,DTDC,4407.29,382.56,5.17,2025-06-21,2025-06-23,2025-06-23,Delivered,4.0,No,No
ORD103870,CUST12175,2025-12-13,Mumbai,Mumbai,Lucknow,680.1,Sports,5,1.54,Road,Shadowfax,2971.99,662.18,8.71,2025-12-15,2025-12-21,2025-12-21,Delivered,5.0,No,No
ORD101634,CUST12420,2025-03-10,Delhi,Delhi,Vijayawada,271.4,Automotive,1,2.95,Rail,Blue Dart,930.78,213.11,10.03,2025-03-12,2025-03-18,2025-03-18,Delivered,5.0,No,No
ORD103956,CUST10663,2025-11-20,Delhi,Delhi,Bengaluru,52.6,Electronics,6,1.31,Road,Shadowfax,162.11,68.93,8.25,2025-11-23,2025-11-27,2025-11-27,Delivered,4.0,No,No
ORD104500,CUST12429,2025-09-05,Delhi,Delhi,Coimbatore,380.0,Sports,4,5.04,Express,Ecom Express,2755.68,385.93,7.29,2025-09-07,2025-09-11,2025-09-11,Delivered,5.0,No,No
ORD104987,CUST12734,2025-10-02,Bengaluru,Bengaluru,Mumbai,323.0,Home & Kitchen,3,9.89,Road,Shadowfax,1640.34,293.98,9.17,2025-10-05,2025-10-11,2025-10-11,Delivered,4.0,No,No
ORD100518,CUST10543,2025-02-05,Chennai,Chennai,Hyderabad,226.0,Grocery,7,12.64,Express,XpressBees,1722.15,137.21,9.36,2025-02-06,2025-02-09,2025-02-09,Delivered,4.0,No,No
ORD100319,CUST12337,2025-12-15,Mumbai,Mumbai,Jaipur,512.9,Sports,1,3.59,Air,Shadowfax,4663.68,318.89,10.82,2025-12-17,2025-12-20,2025-12-20,Delivered,4.0,No,Yes
ORD104798,CUST10774,2025-01-19,Mumbai,Mumbai,Kolkata,495.5,Books,4,4.89,Air,Blue Dart,4646.56,496.34,8.54,2025-01-21,2025-01-25,2025-01-25,Delivered,4.0,No,No
ORD102927,CUST12708,2025-01-28,Pune,Pune,Hyderabad,244.1,Grocery,3,9.01,Road,XpressBees,1196.47,208.65,7.26,2025-01-31,2025-02-03,2025-02-03,Delivered,4.0,No,No
ORD104785,CUST11393,2025-10-30,Pune,Pune,Coimbatore,201.8,Home & Kitchen,3,2.25,Rail,dtdc,717.14,221.06,10.96,2025-11-02,2025-11-07,2025-11-07,Delivered,4.0,No,No
ORD103863,CUST11235,2025-11-26,Hyderabad,Hyderabad,Coimbatore,761.2,Sports,4,14.97,Road,Blue Dart,3502.51,811.91,8.86,2025-11-28,2025-12-06,2025-12-06,Delivered,4.0,No,No
ORD103124,CUST10268,2025-09-04,Hyderabad,Hyderabad,Indore,136.3,Clothing,2,7.59,Rail,Shadowfax,537.74,80.85,11.56,2025-09-06,2025-09-10,2025-09-10,Delivered,,No,No
ORD102535,CUST11903,2025-02-13,Hyderabad,Hyderabad,Nagpur,183.3,Home & Kitchen,1,7.46,Road,DTDC,919.35,185.95,3.88,2025-02-14,2025-02-19,2025-02-19,Delivered,5.0,No,No
ORD100799,CUST11941,2025-08-08,Chennai,Chennai,Lucknow,512.6,Grocery,7,3.78,Road,Ecom Express,2316.79,528.3,5.74,2025-08-10,2025-08-15,2025-08-15,Delivered,5.0,No,No
ORD104825,CUST11278,2025-11-17,Chennai,Chennai,Nagpur,232.8,Books,4,5.95,Road,Ecom Express,1012.57,95.34,8.89,2025-11-19,2025-11-23,2025-11-23,Delivered,5.0,No,No
ORD101599,CUST12293,2025-09-21,Pune,Pune,Coimbatore,302.4,Beauty,7,8.05,Road,Shadowfax,1476.09,330.96,8.38,2025-09-22,2025-09-27,2025-09-27,Delivered,4.0,No,No
ORD103912,CUST11427,2025-04-16,Pune,Pune,Surat,266.3,Beauty,3,3.37,Road,XpressBees,1190.18,322.46,7.86,2025-04-17,2025-04-22,2025-04-22,Delivered,4.0,No,No
ORD102285,CUST12275,2025-03-27,Pune,Pune,Indore,604.5,Home & Kitchen,6,1.31,Road,Shadowfax,2686.16,669.39,7.32,2025-03-29,2025-04-04,2025-04-04,Delivered,5.0,No,No
ORD104358,CUST12233,2025-09-14,Chennai,Chennai,Mumbai,396.6,Home & Kitchen,2,5.47,Air,Shadowfax,3555.11,278.92,4.67,2025-09-16,2025-09-20,2025-09-20,Delivered,4.0,No,No
ORD104025,CUST12491,2025-08-17,Chennai,Chennai,Surat,632.9,Beauty,1,0.61,Air,Ecom Express,5815.61,720.8,9.07,2025-08-19,2025-08-23,2025-08-23,Delivered,4.0,No,No
ORD104217,CUST12754,2025-09-18,Mumbai,Mumbai,Coimbatore,160.5,Electronics,5,5.12,Road,Blue Dart,871.24,119.34,8.97,2025-09-20,2025-09-25,2025-09-27,Delayed,4.0,No,No
ORD102614,CUST10022,2025-12-09,Delhi,Delhi,Indore,614.7,Grocery,4,8.32,Rail,Shadowfax,2310.32,521.53,9.53,2025-12-11,2025-12-18,2025-12-19,Delayed,4.0,No,No
ORD103810,CUST10137,2025-10-28,Pune,Pune,Visakhapatnam,372.6,Grocery,3,1.06,Road,Ecom Express,1536.06,281.2,10.62,2025-10-30,2025-11-04,2025-11-07,Delayed,3.0,No,No
ORD100952,CUST10487,2025-10-14,Delhi,Delhi,Nagpur,585.3,Automotive,4,10.21,Road,DTDC,2599.13,479.73,10.13,2025-10-17,2025-10-22,2025-10-22,Delivered,5.0,No,No
ORD100793,CUST10437,2025-07-12,Chennai,Chennai,Kolkata,425.4,Grocery,6,2.4,Air,Shadowfax,4036.39,431.2,9.37,2025-07-14,2025-07-18,2025-07-18,Delivered,4.0,No,No
ORD104563,CUST10575,2025-04-30,Hyderabad,Hyderabad,Surat,353.2,Automotive,7,1.62,Road,Delhivery,1703.51,321.21,10.49,2025-05-03,2025-05-08,2025-05-08,Delivered,5.0,No,No
ORD102429,CUST10756,2025-04-28,Pune,Pune,Bhopal,364.5,Electronics,2,3.74,Rail,Blue Dart,1218.14,393.46,8.82,2025-05-01,2025-05-06,2025-05-07,Delayed,4.0,No,No
ORD100980,CUST12070,2025-10-02,Delhi,Delhi,Kolkata,229.2,Sports,6,3.91,Rail,DTDC,831.09,230.08,9.45,2025-10-04,2025-10-09,2025-10-09,Delivered,4.0,No,No
ORD102785,CUST11748,2025-12-11,Bengaluru,Bengaluru,Visakhapatnam,770.4,Beauty,5,7.59,Road,Ecom Express,3455.27,589.84,11.13,2025-12-14,2025-12-21,2025-12-21,Delivered,4.0,No,No
ORD104842,CUST12539,2025-05-27,Mumbai,Mumbai,Ahmedabad,258.8,Books,6,7.76,Rail,Delhivery,1044.45,241.54,9.86,2025-05-28,2025-06-02,2025-06-02,Delivered,3.0,No,No
ORD101690,CUST10776,2025-08-08,Pune,Pune,Vijayawada,296.3,Sports,6,4.99,Road,DTDC,1330.73,265.51,10.02,2025-08-10,2025-08-16,2025-08-16,Delivered,5.0,No,No
ORD102714,CUST12085,2025-11-02,Delhi,Delhi,Bhopal,294.1,Grocery,3,1.49,Road,Delhivery,1379.45,216.81,12.31,2025-11-05,2025-11-10,2025-11-10,Delivered,4.0,No,No
ORD103042,CUST11194,2025-09-21,Bengaluru,Bengaluru,Mumbai,272.1,Home & Kitchen,5,1.0,Rail,Blue Dart,855.87,250.81,8.82,2025-09-24,2025-09-30,2025-09-30,Delivered,4.0,No,No
ORD102762,CUST10548,2025-05-13,Chennai,Chennai,Bhopal,417.2,Beauty,3,4.36,Road,XpressBees,1727.52,344.06,5.14,2025-05-15,2025-05-21,2025-05-21,Delivered,4.0,No,No
ORD104000,CUST12225,2025-05-11,Chennai,Chennai,Bhopal,954.0,Sports,1,2.38,Road,DTDC,4148.67,713.56,6.75,2025-05-14,2025-05-22,2025-05-27,Delayed,3.0,Yes,No
ORD101806,CUST10704,2025-05-31,Hyderabad,Hyderabad,Bhopal,333.0,Sports,5,18.87,Road,Blue Dart,1811.0,287.3,9.4,2025-06-02,2025-06-07,2025-06-07,Delivered,4.0,No,No
ORD101245,CUST11043,2025-04-10,Hyderabad,Hyderabad,Bengaluru,516.2,Beauty,7,7.6,Road,Ecom Express,2344.48,596.15,,2025-04-12,2025-04-16,2025-04-16,Delivered,4.0,No,No
ORD104327,CUST11221,2025-04-12,Hyderabad,Hyderabad,Pune,427.2,Electronics,4,6.55,Road,DTDC,1897.48,421.37,5.17,2025-04-13,2025-04-19,2025-04-19,Delivered,4.0,No,No
ORD104309,CUST12375,2025-05-01,Bengaluru,Bengaluru,Indore,190.9,Sports,2,4.21,Express,DTDC,1484.11,222.36,9.81,2025-05-04,2025-05-07,2025-05-07,Delivered,5.0,No,No
ORD102340,CUST12673,2025-03-11,Chennai,Chennai,Nagpur,1621.2,Grocery,5,3.24,Road,Blue Dart,6893.08,1356.6,8.64,2025-03-13,2025-03-21,2025-03-21,Delivered,4.0,No,No
ORD103202,CUST10514,2025-03-28,Mumbai,Mumbai,Surat,424.6,Home & Kitchen,5,6.08,Road,XpressBees,1978.46,,7.98,2025-03-30,2025-04-04,2025-04-04,Delivered,5.0,No,No
ORD102625,CUST11013,2025-07-01,Hyderabad,Hyderabad,Nagpur,277.5,Sports,1,5.57,Rail,DTDC,1019.29,228.98,7.45,2025-07-04,2025-07-09,2025-07-11,Delayed,3.0,No,No
ORD100495,CUST11113,2025-08-10,Pune,Pune,Visakhapatnam,359.9,Grocery,2,2.82,Air,XpressBees,3260.6,233.25,6.88,2025-08-12,2025-08-13,2025-08-16,Delayed,2.0,No,Yes
ORD102580,CUST10933,2025-01-23,Chennai,Chennai,Pune,366.3,Books,4,2.94,Road,Ecom Express,1642.91,263.29,5.97,2025-01-25,2025-01-29,2025-01-29,Delivered,4.0,No,No
ORD100338,CUST10104,2025-05-06,Hyderabad,Hyderabad,Mumbai,171.5,Beauty,2,3.4,Air,DTDC,1720.01,106.53,9.41,2025-05-08,2025-05-11,2025-05-11,Delivered,4.0,No,No
ORD104226,CUST10401,2025-04-16,Chennai,Chennai,Kochi,172.4,Electronics,4,0.98,Express,Ecom Express,1380.14,121.69,6.43,2025-04-18,2025-04-20,2025-04-20,Delivered,4.0,No,No
ORD102933,CUST12535,2025-12-19,Delhi,Delhi,Chennai,113.7,Electronics,6,6.05,Road,Ecom Express,604.81,57.32,7.73,2025-12-22,2025-12-28,2025-12-28,Delivered,5.0,No,No
ORD101302,CUST11593,2025-05-12,Hyderabad,Hyderabad,Kolkata,210.6,Beauty,2,3.19,Rail,DTDC,755.46,165.39,8.44,2025-05-14,2025-05-20,2025-05-20,Delivered,5.0,No,No
ORD101959,CUST11618,2025-01-30,Hyderabad,Hyderabad,Delhi,234.7,Home & Kitchen,4,13.0,Road,DTDC,1250.72,210.34,7.18,2025-02-02,2025-02-07,2025-02-07,Delivered,4.0,No,No
ORD102395,CUST12316,2025-02-11,Pune,Pune,Jaipur,530.2,Home & Kitchen,6,5.92,Air,Ecom Express,5040.07,382.27,6.28,2025-02-13,2025-02-16,2025-02-16,Delivered,4.0,No,No
ORD102515,CUST12511,2025-12-10,Pune,Pune,Nagpur,528.7,Grocery,7,9.76,Road,Delhivery,2402.48,435.84,6.54,2025-12-12,2025-12-17,2025-12-17,Delivered,5.0,No,Yes
ORD100813,CUST10260,2025-07-22,delhi,Delhi,Jaipur,317.0,Books,6,0.6,Road,Blue Dart,1438.53,259.53,9.0,2025-07-25,2025-07-31,2025-07-31,Delivered,3.0,No,No
ORD103988,CUST10378,2025-11-24,Hyderabad,Hyderabad,Kochi,793.5,Grocery,4,2.92,Road,Delhivery,3362.98,807.36,9.45,2025-11-27,2025-12-03,2025-12-03,Delivered,4.0,No,No
ORD102062,CUST10099,2025-11-06,Pune,Pune,Delhi,118.9,Automotive,3,6.46,Air,delhivery,1070.98,125.06,10.43,2025-11-09,2025-11-12,2025-11-12,Delivered,4.0,No,No
ORD103174,CUST11557,2025-11-19,Delhi,Delhi,Bhopal,584.1,Clothing,6,9.86,Road,DTDC,2691.55,616.28,7.52,2025-11-22,2025-11-28,2025-11-28,Delivered,5.0,No,No
ORD104570,CUST10610,2025-07-12,Hyderabad,Hyderabad,Lucknow,337.0,Clothing,6,10.96,Express,XpressBees,2698.54,377.77,6.95,2025-07-13,2025-07-15,2025-07-15,Delivered,4.0,No,No
ORD102550,CUST12227,2025-11-30,Pune,Pune,Jaipur,108.2,Books,1,8.28,Rail,Blue Dart,349.36,121.06,11.26,2025-12-02,2025-12-09,2025-12-09,Delivered,4.0,No,No
ORD102492,CUST10284,2025-12-15,Hyderabad,Hyderabad,Pune,201.3,Grocery,3,6.74,Road,Delhivery,1047.28,208.02,8.25,2025-12-18,2025-12-24,2025-12-24,Delivered,3.0,No,No
ORD101252,CUST11083,2025-11-07,Delhi,Delhi,Indore,203.6,Sports,1,6.91,Road,Shadowfax,939.41,234.17,8.29,2025-11-10,2025-11-14,2025-11-14,Delivered,4.0,No,No
ORD100519,CUST12237,2025-04-19,Chennai,Chennai,Bhopal,421.8,Automotive,2,0.98,Rail,Delhivery,1411.29,,10.26,2025-04-21,2025-04-27,2025-04-27,Delivered,5.0,Yes,No
ORD102175,CUST12588,2025-02-10,Pune,Pune,Lucknow,350.6,Clothing,5,2.5,Express,Ecom Express,2588.33,214.0,10.22,2025-02-13,2025-02-17,2025-02-17,Delivered,5.0,No,No
ORD101541,CUST11937,2025-09-30,Hyderabad,Hyderabad,Kochi,358.1,Books,4,5.9,Express,Delhivery,2746.04,221.18,8.38,2025-10-03,2025-10-07,2025-10-07,Delivered,5.0,Yes,No
ORD100683,CUST10869,2025-05-03,Pune,Pune,Jaipur,750.8,Beauty,7,11.55,Road,DTDC,3521.32,530.76,9.52,2025-05-04,2025-05-09,2025-05-10,Delayed,3.0,No,No
ORD100226,CUST11178,2025-09-28,Bengaluru,Bengaluru,Indore,834.7,Electronics,3,3.41,Road,XpressBees,3477.29,898.64,5.7,2025-09-30,2025-10-07,2025-10-07,Delivered,5.0,No,No
ORD100728,CUST10305,2025-12-24,Hyderabad,Hyderabad,Visakhapatnam,376.3,Beauty,7,3.26,Air,Ecom Express,3534.56,259.31,10.07,2025-12-26,2025-12-29,2025-12-29,Delivered,5.0,No,No
ORD101163,CUST11600,2025-04-23,Mumbai,Mumbai,Delhi,694.2,Beauty,5,3.75,Rail,XpressBees,2326.98,489.52,13.65,2025-04-27,2025-05-05,2025-05-05,Delivered,5.0,No,No
ORD102567,CUST12429,2025-02-14,Mumbai,Mumbai,Coimbatore,559.1,Beauty,5,8.57,Rail,Shadowfax,1967.16,537.0,10.58,2025-02-16,2025-02-22,2025-02-22,Delivered,4.0,No,No
ORD103643,CUST12751,2025-01-27,Chennai,Chennai,Kochi,116.4,Clothing,1,4.07,Express,Blue Dart,795.56,135.92,9.92,2025-01-30,2025-02-01,2025-02-01,Delivered,4.0,No,No
ORD102347,CUST10963,2025-08-26,Bengaluru,Bengaluru,Coimbatore,609.6,Sports,2,0.78,Express,XpressBees,4310.91,614.75,9.67,2025-08-29,2025-09-03,2025-09-03,Delivered,5.0,No,No
ORD100011,CUST10532,2025-03-08,Chennai,Chennai,Delhi,349.9,Clothing,4,4.87,Road,XpressBees,1578.63,401.67,9.32,2025-03-10,2025-03-15,2025-03-15,Delivered,5.0,No,No
ORD103670,CUST10400,2025-02-18,Hyderabad,Hyderabad,Jaipur,687.4,Sports,3,3.35,Road,Delhivery,2841.11,562.04,7.5,2025-02-20,2025-02-26,2025-02-26,Delivered,5.0,No,No
ORD101866,CUST11316,2025-09-13,Chennai,Chennai,Lucknow,379.4,Books,6,5.83,Air,Delhivery,3522.52,347.48,8.81,2025-09-15,2025-09-16,2025-09-16,Delivered,4.0,Yes,No
ORD104937,CUST12475,2025-05-21,Chennai,Chennai,Surat,730.3,Sports,6,2.09,Road,DTDC,3246.18,642.36,10.31,2025-05-23,2025-05-31,2025-05-31,Delivered,4.0,No,No
ORD101453,CUST12288,2025-04-02,Hyderabad,Hyderabad,Ahmedabad,734.7,Electronics,3,5.05,Road,Shadowfax,3158.61,840.59,4.13,2025-04-04,2025-04-10,2025-04-10,Delivered,4.0,No,No
ORD104469,CUST11786,2025-08-25,Pune,Pune,Hyderabad,1240.2,Sports,5,4.67,Road,XpressBees,5386.23,987.96,8.2,2025-08-27,2025-09-03,2025-09-03,Delivered,4.0,No,No
ORD103271,CUST10525,2025-03-03,Hyderabad,Hyderabad,Kochi,506.3,Sports,6,9.07,Rail,Delhivery,1788.88,440.92,4.48,2025-03-05,2025-03-13,2025-03-13,Delivered,4.0,No,No
ORD100891,CUST11975,2025-11-12,Bengaluru,Bengaluru,Hyderabad,321.6,Automotive,4,0.79,Rail,Delhivery,1199.36,317.32,7.29,2025-11-13,2025-11-20,2025-11-20,Delivered,5.0,No,No
ORD100930,CUST10293,2025-08-16,Bengaluru,Bengaluru,Pune,462.7,Beauty,5,1.04,Road,XpressBees,2004.44,409.36,8.87,2025-08-18,2025-08-24,2025-08-24,Delivered,4.0,No,No
ORD100834,CUST11295,2025-12-10,Bengaluru,Bengaluru,Jaipur,178.0,Clothing,7,4.74,Road,Delhivery,739.36,106.43,10.22,2025-12-12,2025-12-17,2025-12-17,Delivered,5.0,No,No
ORD101899,CUST10079,2025-11-08,Chennai,Chennai,Hyderabad,222.7,Books,5,5.54,Road,DTDC,1022.14,203.75,9.63,2025-11-11,2025-11-15,2025-11-15,Delivered,5.0,No,No
ORD102173,CUST10611,2025-04-20,Delhi,Delhi,Bengaluru,798.0,Clothing,1,10.43,Road,Shadowfax,3569.32,921.69,9.03,2025-04-23,2025-04-30,2025-05-04,Delayed,4.0,No,No
ORD100502,CUST11506,2025-08-02,Hyderabad,Hyderabad,Bengaluru,205.2,Home & Kitchen,4,1.87,Air,Shadowfax,2048.97,124.69,9.83,2025-08-05,2025-08-09,2025-08-09,Delivered,4.0,No,No
ORD103422,CUST12777,2025-11-27,Hyderabad,Hyderabad,Kochi,556.8,Electronics,4,1.65,Express,DTDC,4047.75,461.78,8.57,2025-11-29,2025-12-04,2025-12-04,Delivered,4.0,No,No
ORD102174,CUST11093,2025-08-19,Bengaluru,Bengaluru,Mumbai,342.1,Sports,7,0.69,Express,XpressBees,2473.5,326.66,11.51,2025-08-22,2025-08-26,2025-08-26,Delivered,4.0,No,No
ORD100056,CUST10112,2025-03-15,Delhi,Delhi,Pune,469.4,Electronics,4,4.87,Road,DTDC,2110.65,503.96,10.3,2025-03-17,2025-03-23,2025-03-25,Delayed,3.0,No,No
ORD101876,CUST11461,2025-05-14,Delhi,Delhi,Chennai,417.0,Grocery,7,6.47,Rail,Ecom Express,1517.69,439.58,6.78,2025-05-16,2025-05-23,2025-05-23,Delivered,4.0,No,No
ORD103859,CUST10765,2025-06-07,Chennai,Chennai,Lucknow,508.0,Home & Kitchen,3,2.86,Road,Blue Dart,2282.73,338.38,5.98,2025-06-09,2025-06-13,2025-06-13,Delivered,5.0,No,No
ORD100288,CUST12695,2025-08-25,Bengaluru,Bengaluru,Bhopal,402.2,Clothing,1,0.37,Road,Ecom Express,1721.96,292.25,7.01,2025-08-28,2025-09-03,2025-09-04,Delayed,4.0,No,No
ORD102453,CUST10572,2025-04-20,Hyderabad,Hyderabad,Chennai,202.7,Home & Kitchen,6,10.08,Air,DTDC,1954.72,138.23,3.61,2025-04-22,2025-04-24,2025-04-26,Delayed,3.0,No,No
ORD104801,CUST11516,2025-05-21,Delhi,Delhi,Chennai,409.1,Books,7,8.7,Express,Shadowfax,3116.71,256.71,11.01,2025-05-24,2025-05-29,2025-05-29,Delivered,4.0,No,No
ORD100608,CUST12640,2025-02-02,Bengaluru,Bengaluru,Kochi,874.1,Books,6,5.41,Road,Blue Dart,3849.91,915.01,8.4,2025-02-04,2025-02-10,2025-02-10,Delivered,3.0,No,No
ORD101258,CUST12316,2025-03-04,Pune,Pune,Chennai,870.9,Clothing,1,9.12,Air,Shadowfax,8154.2,792.51,12.81,2025-03-06,2025-03-10,2025-03-13,Delayed,3.0,No,No
ORD102709,CUST11617,2025-06-15,Hyderabad,Hyderabad,Bengaluru,597.9,Books,1,11.21,Air,XpressBees,5563.46,529.87,5.87,2025-06-16,2025-06-18,2025-06-18,Delivered,5.0,No,No
ORD102064,CUST10271,2025-12-20,Hyderabad,Hyderabad,Lucknow,189.2,Home & Kitchen,4,4.25,Express,XpressBees,1505.51,191.43,9.17,2025-12-23,2025-12-26,2025-12-26,Delivered,5.0,Yes,No
ORD102881,CUST10843,2025-04-25,Pune,Pune,Kolkata,266.5,Beauty,7,2.41,Road,Shadowfax,1199.96,240.19,10.9,2025-04-27,2025-05-01,2025-05-01,Delivered,5.0,No,No
ORD102784,CUST10216,2025-10-31,Chennai,Chennai,Visakhapatnam,493.8,Grocery,6,9.45,Rail,XpressBees,1834.73,489.63,8.28,2025-11-03,2025-11-09,2025-11-09,Delivered,5.0,No,No
ORD104471,CUST10300,2025-12-08,Chennai,Chennai,Surat,203.7,Electronics,7,1.48,Road,Blue Dart,997.23,170.59,7.88,2025-12-10,2025-12-15,2025-12-15,Delivered,4.0,No,No
ORD101915,CUST12011,2025-06-22,Hyderabad,Hyderabad,Bhopal,350.1,Home & Kitchen,2,2.91,Air,Shadowfax,3161.7,318.12,7.18,2025-06-25,2025-06-28,2025-06-28,Delivered,4.0,No,Yes
ORD103111,CUST11905,2025-06-08,Pune,Pune,Kolkata,340.7,Electronics,2,3.51,Air,Delhivery,3058.76,327.87,12.39,2025-06-11,2025-06-13,2025-06-13,Delivered,4.0,No,No
ORD102049,CUST10917,2025-04-07,Hyderabad,Hyderabad,Jaipur,258.2,Home & Kitchen,7,4.97,Air,Shadowfax,2483.47,333.62,6.29,2025-04-09,2025-04-11,2025-04-11,Delivered,3.0,No,No
ORD101696,CUST12162,2025-06-13,Hyderabad,Hyderabad,Kochi,837.2,Beauty,2,17.89,Express,Delhivery,6223.97,861.59,8.94,2025-06-14,2025-06-19,2025-06-19,Delivered,4.0,No,No
ORD102298,CUST11344,2025-11-02,Bengaluru,Bengaluru,Jaipur,240.6,Automotive,6,9.73,Road,Delhivery,1143.64,179.6,9.57,2025-11-04,2025-11-08,2025-11-08,Delivered,4.0,No,No
ORD100006,CUST10756,2025-08-11,Delhi,Delhi,Hyderabad,247.9,Home & Kitchen,6,9.97,Road,Delhivery,1284.47,230.39,11.43,2025-08-13,2025-08-17,2025-08-17,Delivered,4.0,No,No
ORD103809,CUST12486,2025-09-11,Chennai,Chennai,Pune,107.3,Clothing,3,2.84,Road,XpressBees,530.77,153.72,4.43,2025-09-13,2025-09-17,2025-09-17,Delivered,3.0,No,No
ORD104188,CUST11279,2025-12-27,Hyderabad,Hyderabad,Delhi,-25.0,Beauty,1,1.95,Road,Blue Dart,1475.5,306.22,7.29,2025-12-28,2026-01-01,2026-01-01,Delivered,5.0,No,No
ORD101877,CUST10080,2025-10-24,Bengaluru,Bengaluru,Chennai,254.9,Grocery,3,6.48,Rail,Ecom Express,972.58,252.33,8.77,2025-10-27,2025-11-02,2025-11-05,Delayed,3.0,No,No
ORD103458,CUST11089,2025-01-22,Pune,Pune,Bhopal,249.2,Beauty,3,3.09,Road,Delhivery,1139.03,211.13,9.67,2025-01-24,2025-01-29,2025-01-29,Delivered,4.0,No,No
ORD101188,CUST11989,2025-09-09,Hyderabad,Hyderabad,Mumbai,631.5,Clothing,3,2.68,Rail,Delhivery,2053.2,604.55,6.23,2025-09-11,2025-09-19,2025-09-19,Delivered,4.0,No,No
ORD103924,CUST12190,2025-02-21,Hyderabad,Hyderabad,Ahmedabad,341.6,Beauty,2,15.15,Road,Ecom Express,1746.3,302.51,7.08,2025-02-24,2025-03-02,2025-03-02,Delivered,5.0,No,No
ORD103471,CUST11411,2025-03-07,Delhi,Delhi,Ahmedabad,438.4,Beauty,2,5.2,Road,Delhivery,2032.99,430.17,10.73,2025-03-11,2025-03-17,2025-03-17,Delivered,4.0,No,No
ORD101997,CUST12224,2025-10-17,Mumbai,Mumbai,Pune,247.6,Books,1,6.79,Air,XpressBees,2376.58,167.12,9.99,2025-10-20,2025-10-24,2025-10-24,Delivered,4.0,No,No
ORD100634,CUST11479,2025-06-17,Hyderabad,Hyderabad,Bengaluru,187.1,Clothing,5,6.97,Express,DTDC,1287.65,243.78,5.13,2025-06-19,2025-06-22,2025-06-24,Delayed,4.0,No,No
ORD102399,CUST11914,2025-04-03,Pune,Pune,Visakhapatnam,295.1,Automotive,1,2.73,Road,DTDC,1377.53,256.62,6.15,2025-04-05,2025-04-10,2025-04-10,Delivered,5.0,No,Yes
ORD101316,CUST10123,2025-12-20,Pune,Pune,Nagpur,1347.1,Beauty,6,2.31,Road,Ecom Express,5772.05,1097.87,9.68,2025-12-22,2025-12-30,2026-01-03,Delayed,5.0,No,No
ORD103987,CUST11850,2025-01-23,Chennai,Chennai,Vijayawada,252.1,Home & Kitchen,5,7.65,Road,Shadowfax,1251.31,284.4,6.63,2025-01-25,2025-01-31,2025-01-31,Delivered,5.0,No,No
ORD102610,CUST10128,2025-06-27,Delhi,Delhi,Mumbai,468.5,Grocery,3,3.71,Rail,Ecom Express,1703.73,405.98,10.73,2025-06-30,2025-07-06,2025-07-06,Delivered,4.0,No,No
ORD104234,CUST10703,2025-10-28,Hyderabad,Hyderabad,Delhi,273.3,Books,2,2.91,Air,Shadowfax,2486.54,325.85,6.94,2025-10-31,2025-11-02,2025-11-02,Delivered,3.0,No,No
ORD103301,CUST12513,2025-10-13,Hyderabad,Hyderabad,,394.0,Sports,7,0.39,Rail,Blue Dart,1370.17,432.0,7.37,2025-10-14,2025-10-20,2025-10-20,Delivered,3.0,No,No
ORD101543,CUST10147,2025-04-02,Chennai,Chennai,Surat,509.0,Clothing,2,1.7,Road,Blue Dart,2133.16,358.51,6.88,2025-04-04,2025-04-11,2025-04-11,Delivered,,No,No
ORD104867,CUST10634,2025-07-22,Hyderabad,Hyderabad,Bengaluru,255.6,Clothing,1,5.85,Road,Shadowfax,1233.48,250.68,4.99,2025-07-24,2025-07-29,2025-07-29,Delivered,5.0,No,No
ORD104366,CUST11874,2025-09-09,Chennai,Chennai,Visakhapatnam,1619.9,Automotive,7,7.19,Road,DTDC,6942.52,1601.88,10.12,2025-09-11,2025-09-20,2025-09-20,Delivered,4.0,No,No
ORD102316,CUST10252,2025-01-07,Chennai,Chennai,Lucknow,204.9,Grocery,1,5.42,Rail,XpressBees,804.07,211.56,9.15,2025-01-09,2025-01-15,2025-01-15,Delivered,,No,No
ORD100053,CUST11645,2025-12-26,Delhi,Delhi,Hyderabad,338.0,Beauty,2,4.92,Express,Ecom Express,2448.53,378.67,8.72,2025-12-28,2025-12-31,2025-12-31,Delivered,3.0,No,No
ORD103974,CUST10880,2025-01-16,Hyderabad,Hyderabad,Indore,325.0,Beauty,7,4.77,Rail,DTDC,1174.52,243.81,9.41,2025-01-19,2025-01-24,2025-01-24,Delivered,4.0,No,No
ORD100646,CUST10810,2025-09-07,Bengaluru,Bengaluru,Jaipur,217.4,Clothing,5,3.34,Air,Ecom Express,2114.96,205.4,10.21,2025-09-10,2025-09-12,2025-09-12,Delivered,5.0,No,No
ORD103527,CUST11248,2025-03-05,Delhi,Delhi,Vijayawada,189.4,Grocery,6,0.26,Road,Ecom Express,730.64,,10.89,2025-03-06,2025-03-10,2025-03-10,Delivered,4.0,No,No
ORD104503,CUST10506,2025-05-01,Delhi,Delhi,Kochi,869.1,Clothing,3,2.53,Road,Delhivery,3648.86,995.96,7.93,2025-05-03,2025-05-10,2025-05-13,Delayed,3.0,No,No
ORD104105,CUST12091,2025-06-23,Pune,Pune,Ahmedabad,72.6,Sports,4,3.54,Road,Delhivery,399.11,97.73,10.25,2025-06-25,2025-07-01,2025-07-01,Delivered,5.0,No,No
ORD101499,CUST12275,2025-12-10,Pune,Pune,Hyderabad,300.3,Clothing,3,2.42,Rail,DTDC,1010.0,282.63,12.57,2025-12-13,2025-12-19,2025-12-22,Delayed,3.0,No,No
ORD103934,CUST10965,2025-03-26,Bengaluru,Bengaluru,Pune,692.2,Home & Kitchen,2,11.18,Road,DTDC,3202.01,465.48,11.55,2025-03-29,2025-04-03,2025-04-03,Delivered,5.0,No,No
ORD103123,CUST10386,2025-12-15,Pune,Pune,Hyderabad,187.1,Home & Kitchen,6,8.36,Express,Ecom Express,1326.34,265.91,7.63,2025-12-18,2025-12-21,2025-12-21,Delivered,4.0,No,No
ORD102769,CUST10797,2025-01-14,Pune,Pune,Kochi,195.3,Electronics,6,5.4,Rail,Blue Dart,816.79,111.54,13.5,2025-01-16,2025-01-22,2025-01-22,Delivered,4.0,No,No
ORD100472,CUST11986,2025-09-07,Bengaluru,Bengaluru,Pune,167.9,Grocery,6,7.21,Road,Delhivery,977.08,95.81,7.49,2025-09-09,2025-09-14,2025-09-14,Delivered,5.0,No,No
ORD104041,CUST12532,2025-11-23,Delhi,Delhi,Kochi,304.9,Grocery,4,10.92,Road,Shadowfax,1534.24,398.36,5.52,2025-11-26,2025-12-01,2025-12-01,Delivered,5.0,No,No
ORD102136,CUST11823,2025-03-10,Bengaluru,Bengaluru,Hyderabad,306.8,Beauty,5,11.58,Road,Ecom Express,1473.48,336.04,2.65,2025-03-11,2025-03-15,2025-03-15,Delivered,4.0,No,No
ORD102968,CUST11181,2025-11-17,Pune,Pune,Coimbatore,528.8,Automotive,1,2.76,Air,Shadowfax,4901.15,419.82,8.28,2025-11-20,2025-11-22,2025-11-22,Delivered,4.0,No,No
ORD100520,CUST10365,2025-08-07,Chennai,Chennai,Jaipur,675.6,Electronics,2,1.98,Road,XpressBees,2899.93,583.45,7.51,2025-08-09,2025-08-15,2025-08-15,Delivered,4.0,No,No
ORD104836,CUST11375,2025-07-28,Hyderabad,Hyderabad,Ahmedabad,264.3,Home & Kitchen,2,0.83,Road,Delhivery,1113.76,166.55,7.62,2025-07-30,2025-08-04,2025-08-05,Delayed,3.0,No,No
ORD100156,CUST12733,2025-01-29,Bengaluru,Bengaluru,Chennai,628.7,Electronics,7,3.91,Road,Blue Dart,2782.15,459.98,10.53,2025-02-01,2025-02-07,2025-02-09,Delayed,3.0,No,No
ORD101707,CUST11141,2025-12-28,Delhi,Delhi,Surat,320.4,Books,5,7.0,Road,Delhivery,1588.81,319.87,9.38,2025-12-30,2026-01-03,2026-01-03,Delivered,4.0,No,No
ORD104855,CUST11543,2025-09-28,Chennai,Chennai,Bhopal,205.5,Clothing,1,6.82,Air,Delhivery,1948.81,76.92,12.0,2025-10-01,2025-10-03,2025-10-03,Delivered,5.0,No,No
ORD104221,CUST10813,2025-05-13,Hyderabad,Hyderabad,Pune,339.5,Home & Kitchen,1,20.05,Road,Ecom Express,1821.13,412.43,5.56,2025-05-15,2025-05-20,2025-05-20,Delivered,5.0,No,No
ORD102403,CUST11152,2025-11-12,Hyderabad,Hyderabad,Delhi,240.7,Grocery,6,1.87,Air,Ecom Express,2265.16,235.03,11.27,2025-11-15,2025-11-17,2025-11-17,Delivered,5.0,No,No
ORD104869,CUST12027,2025-10-30,Pune,Pune,Kochi,890.1,Sports,6,2.09,Road,Blue Dart,3830.41,1042.75,12.9,2025-11-02,2025-11-08,2025-11-11,Delayed,2.0,No,No
ORD104664,CUST11843,2025-09-15,Chennai,Chennai,Vijayawada,243.1,Clothing,2,7.52,Express,DTDC,1839.12,239.74,7.14,2025-09-17,2025-09-21,2025-09-21,Delivered,5.0,No,No
ORD102449,CUST11546,2025-01-21,Hyderabad,Hyderabad,Lucknow,292.8,Sports,3,0.56,Road,XpressBees,1305.51,244.47,7.56,2025-01-23,2025-01-29,2025-01-29,Delivered,4.0,No,Yes
ORD100131,CUST10808,2025-07-05,Mumbai,Mumbai,Delhi,447.8,Home & Kitchen,2,5.9,Road,Shadowfax,2148.76,442.06,9.4,2025-07-07,2025-07-12,2025-07-12,Delivered,4.0,No,No
ORD101531,CUST10962,2025-10-13,Hyderabad,Hyderabad,Kolkata,395.7,Beauty,4,4.51,Road,Shadowfax,1753.84,386.81,5.26,2025-10-14,2025-10-19,2025-10-19,Delivered,4.0,No,No
ORD104472,CUST12698,2025-12-31,Chennai,Chennai,Ahmedabad,250.6,Automotive,6,1.73,Air,Delhivery,2439.66,300.0,6.11,2026-01-02,2026-01-04,2026-01-04,Delivered,4.0,No,No
ORD102534,CUST12204,2025-02-10,Delhi,Delhi,Indore,664.7,Clothing,1,6.44,Road,XpressBees,2989.96,476.94,9.73,2025-02-13,2025-02-19,2025-02-19,Delivered,4.0,No,No
ORD102540,CUST12576,2025-03-25,Hyderabad,Hyderabad,Indore,467.1,Automotive,7,4.76,Road,DTDC,2199.62,404.68,6.41,2025-03-28,2025-04-01,2025-04-01,Delivered,4.0,No,No
ORD100534,CUST11766,2025-03-26,Chennai,Chennai,Kochi,715.7,Automotive,1,4.41,Rail,Blue Dart,,825.92,4.22,2025-03-28,2025-04-03,2025-04-03,Delivered,4.0,No,No
ORD102685,CUST12498,2025-08-09,Mumbai,Mumbai,Jaipur,742.9,Automotive,3,1.19,Road,XpressBees,3135.7,657.85,9.55,2025-08-12,2025-08-18,2025-08-20,Delayed,4.0,No,No
ORD102386,CUST11147,2025-07-21,Mumbai,Mumbai,Kolkata,451.0,Books,7,1.64,Road,Blue Dart,2043.14,463.22,10.5,2025-07-24,2025-07-30,2025-07-30,Delivered,5.0,No,No
ORD100384,CUST11525,2025-11-04,Chennai,Chennai,Surat,76.0,Electronics,3,6.38,Road,Delhivery,431.81,50.39,8.68,2025-11-06,2025-11-10,2025-11-10,Delivered,4.0,No,No
ORD103723,CUST10401,2025-11-20,Pune,Pune,Bhopal,535.1,Grocery,4,6.34,Road,Blue Dart,2324.14,452.42,9.2,2025-11-22,2025-11-27,2025-11-27,Delivered,5.0,No,No
ORD100812,CUST11491,2025-06-30,Chennai,Chennai,Ahmedabad,487.8,Home & Kitchen,1,5.94,Air,Ecom Express,4508.72,563.94,9.15,2025-07-02,2025-07-05,2025-07-07,Delayed,4.0,No,No
ORD104153,CUST12070,2025-02-22,Hyderabad,Hyderabad,Coimbatore,70.5,Books,7,4.46,Rail,Delhivery,401.87,62.61,9.81,2025-02-25,2025-03-02,2025-03-02,Delivered,4.0,Yes,No
ORD103697,CUST12080,2025-07-18,hyderabad,Hyderabad,Indore,56.0,Electronics,4,10.34,Express,Shadowfax,571.46,20.0,8.8,2025-07-21,2025-07-23,2025-07-24,Delayed,3.0,No,No
ORD101898,CUST10398,2025-01-22,Mumbai,Mumbai,Vijayawada,326.4,Grocery,3,1.9,Road,Delhivery,1452.99,348.76,11.42,2025-01-24,2025-01-29,2025-01-29,Delivered,4.0,No,No
ORD103838,CUST10675,2025-11-22,Bengaluru,Bengaluru,Kolkata,592.3,Clothing,1,2.43,Road,Blue Dart,2448.02,517.87,7.5,2025-11-24,2025-11-30,2025-11-30,Delivered,5.0,No,No
ORD103407,CUST11221,2025-04-06,Chennai,Chennai,Indore,690.4,Beauty,3,3.01,Road,Blue Dart,3054.25,722.72,7.18,2025-04-08,2025-04-12,2025-04-12,Delivered,4.0,No,No
ORD103930,CUST12511,2025-08-01,Chennai,Chennai,Lucknow,194.9,Automotive,6,1.87,Road,XpressBees,970.06,154.33,3.5,2025-08-03,2025-08-08,2025-08-08,Delivered,4.0,No,No
ORD101111,CUST10589,2025-05-20,Pune,Pune,Surat,553.1,Books,5,10.68,Air,Ecom Express,5258.98,431.85,7.09,2025-05-21,2025-05-24,2025-05-24,Delivered,5.0,No,No
ORD102154,CUST12375,2025-02-17,Pune,Pune,Kolkata,410.0,Clothing,4,2.88,Air,Delhivery,3914.9,311.55,8.21,2025-02-19,2025-02-22,2025-02-24,Delayed,4.0,No,No
ORD100197,CUST11831,2025-09-30,Hyderabad,Hyderabad,Lucknow,419.3,Home & Kitchen,3,5.42,Air,XpressBees,3977.62,320.93,8.09,2025-10-03,2025-10-06,2025-10-06,Delivered,4.0,No,No
ORD103889,CUST12065,2025-09-29,Pune,Pune,Vijayawada,835.8,Clothing,6,1.52,Road,Delhivery,3472.11,967.7,7.8,2025-10-01,2025-10-08,2025-10-08,Delivered,5.0,No,No
ORD103270,CUST11390,2025-08-22,Mumbai,Mumbai,Kochi,304.8,Books,4,20.16,Rail,XpressBees,1435.49,309.05,9.71,2025-08-24,2025-08-31,2025-08-31,Delivered,5.0,No,No
ORD101588,CUST10484,2025-04-17,Delhi,Delhi,Coimbatore,249.3,Electronics,2,2.38,Road,XpressBees,1141.48,163.39,9.31,2025-04-19,2025-04-24,2025-04-24,Delivered,4.0,No,No
ORD103681,CUST10101,2025-12-02,Hyderabad,Hyderabad,Lucknow,225.8,Books,1,2.83,Road,Delhivery,963.26,225.2,6.2,2025-12-05,2025-12-09,2025-12-09,Delivered,4.0,No,No
ORD101620,CUST10387,2025-02-23,Bengaluru,Bengaluru,Lucknow,331.8,Electronics,2,9.43,Air,Ecom Express,3192.96,323.59,11.8,2025-02-26,2025-03-01,2025-03-01,Delivered,4.0,No,No
ORD102265,CUST11292,2025-09-14,Bengaluru,Bengaluru,Delhi,187.7,Automotive,7,1.2,Air,Shadowfax,1803.7,131.97,8.88,2025-09-17,2025-09-19,2025-09-19,Delivered,5.0,No,No
ORD102160,CUST11534,2025-03-24,Bengaluru,Bengaluru,Mumbai,735.3,Beauty,7,1.73,Rail,Shadowfax,2364.27,687.77,5.18,2025-03-26,2025-04-02,2025-04-02,Delivered,5.0,No,No
ORD101953,CUST10513,2025-09-19,Hyderabad,Hyderabad,Chennai,130.3,Grocery,7,4.87,Air,Shadowfax,1383.29,163.02,2.61,2025-09-21,2025-09-22,2025-09-22,Delivered,3.0,No,No
ORD100838,CUST10788,2025-07-11,Bengaluru,Bengaluru,Mumbai,262.0,Grocery,4,5.38,Road,Shadowfax,1055.2,153.53,3.54,2025-07-13,2025-07-19,2025-07-19,Delivered,4.0,No,No
ORD101825,CUST11943,2025-11-01,Pune,Pune,Hyderabad,830.6,Electronics,6,9.54,Road,XpressBees,3672.75,918.59,9.74,2025-11-04,2025-11-10,2025-11-10,Delivered,5.0,No,No
ORD104145,CUST10723,2025-09-14,Hyderabad,Hyderabad,Pune,291.2,Grocery,1,5.7,Air,XpressBees,2666.34,228.36,3.27,2025-09-16,2025-09-20,2025-09-20,Delivered,4.0,No,No
ORD103151,CUST12471,2025-11-07,Hyderabad,Hyderabad,Delhi,671.1,Grocery,1,22.78,Road,DTDC,3197.45,501.97,9.03,2025-11-09,2025-11-16,2025-11-17,Delayed,4.0,No,No
ORD101646,CUST12408,2025-04-27,Delhi,Delhi,Mumbai,965.1,Home & Kitchen,7,1.69,Express,Ecom Express,6898.21,921.76,11.35,2025-04-30,2025-05-04,2025-05-04,Delivered,4.0,No,No
ORD103493,CUST12597,2025-10-15,Chennai,Chennai,Lucknow,354.5,Beauty,7,2.96,Air,Shadowfax,3244.93,190.53,9.71,2025-10-17,2025-10-21,2025-10-21,Delivered,5.0,No,No
ORD103190,CUST12734,2025-05-22,Hyderabad,Hyderabad,Bhopal,255.7,Beauty,4,3.02,Rail,XpressBees,862.25,287.84,6.67,2025-05-24,2025-05-31,2025-05-31,Delivered,4.0,No,No
ORD100415,CUST12350,2025-12-16,Mumbai,Mumbai,Bhopal,526.4,Beauty,1,6.13,Rail,DTDC,1839.44,622.9,9.5,2025-12-18,2025-12-25,2025-12-29,Delayed,4.0,No,No
ORD103864,CUST10855,2025-01-21,Mumbai,Mumbai,Ahmedabad,334.0,Home & Kitchen,3,3.62,Road,Delhivery,1341.55,326.87,10.69,2025-01-23,2025-01-30,2025-01-30,Delivered,5.0,No,No
ORD102342,CUST11985,2025-09-27,Delhi,Delhi,Kochi,339.6,Clothing,5,4.31,Express,Delhivery,2561.91,257.99,9.0,2025-09-29,2025-10-02,2025-10-02,Delivered,,No,No
ORD100353,CUST10945,2025-10-20,Mumbai,Mumbai,Kolkata,551.3,Home & Kitchen,3,5.85,Road,Shadowfax,2408.88,519.92,10.42,2025-10-24,2025-10-29,2025-10-31,Delayed,4.0,No,No
ORD101873,CUST12603,2025-05-20,Bengaluru,Bengaluru,Kolkata,1018.9,Sports,7,1.32,Road,Shadowfax,4314.78,1060.01,10.7,2025-05-23,2025-05-30,2025-05-31,Delayed,3.0,No,No
ORD103818,CUST11074,2025-05-01,Mumbai,Mumbai,Vijayawada,29.6,Beauty,7,6.08,Rail,DTDC,291.35,20.0,6.92,2025-05-03,2025-05-09,2025-05-14,Delayed,4.0,No,No
ORD102712,CUST11362,2025-10-01,Mumbai,Mumbai,Jaipur,757.4,Home & Kitchen,3,3.22,Road,Ecom Express,3348.54,883.17,9.19,2025-10-04,2025-10-10,2025-10-10,Delivered,4.0,No,No
ORD102687,CUST10919,2025-05-12,Pune,Pune,Ahmedabad,163.8,Beauty,6,2.34,Air,Delhivery,1620.0,99.53,5.5,2025-05-14,2025-05-16,2025-05-16,Delivered,4.0,Yes,No
ORD104728,CUST11806,2025-08-31,Bengaluru,Bengaluru,Bhopal,325.4,Books,1,6.58,Road,Shadowfax,1427.92,371.91,7.69,2025-09-02,2025-09-06,2025-09-06,Delivered,4.0,No,No
ORD101103,CUST12189,2025-11-08,Bengaluru,Bengaluru,Nagpur,90.9,Beauty,7,4.96,Road,XpressBees,614.76,104.13,10.42,2025-11-11,2025-11-16,2025-11-23,Delayed,3.0,No,No
ORD103390,CUST11243,2025-09-09,Hyderabad,Hyderabad,Vijayawada,93.8,Electronics,3,13.15,Express,Ecom Express,836.46,88.93,4.7,2025-09-11,2025-09-14,2025-09-14,Delivered,5.0,No,No
ORD103237,CUST11505,2025-11-02,Bengaluru,Bengaluru,Jaipur,737.5,Books,5,8.26,Road,DTDC,3298.93,621.19,9.0,2025-11-04,2025-11-10,2025-11-10,Delivered,5.0,No,No
ORD102490,CUST10214,2025-09-15,Delhi,Delhi,Surat,275.2,Beauty,5,9.89,Road,XpressBees,1499.26,329.04,4.05,2025-09-16,2025-09-20,2025-09-21,Delayed,3.0,No,No
ORD100527,CUST10386,2025-01-25,Hyderabad,Hyderabad,Visakhapatnam,234.1,Home & Kitchen,6,2.25,Road,Ecom Express,1056.3,232.3,8.34,2025-01-28,2025-02-02,2025-02-02,Delivered,5.0,No,No
ORD102532,CUST12130,2025-08-31,Mumbai,Mumbai,Lucknow,160.7,Home & Kitchen,4,9.04,Express,XpressBees,1265.74,109.11,11.11,2025-09-02,2025-09-06,2025-09-08,Delayed,4.0,No,No
ORD101585,CUST12313,2025-02-22,Bengaluru,Bengaluru,Delhi,608.6,Beauty,5,1.56,Air,Blue Dart,5536.45,544.92,6.89,2025-02-23,2025-02-27,2025-02-28,Delayed,3.0,No,No
ORD101962,CUST11946,2025-11-02,Pune,Pune,Kolkata,557.7,Home & Kitchen,4,8.89,Express,Ecom Express,4121.64,364.75,7.27,2025-11-05,2025-11-09,2025-11-09,Delivered,4.0,No,No
ORD101129,CUST10229,2025-01-15,Delhi,Delhi,Mumbai,555.5,Home & Kitchen,4,2.15,Express,DTDC,3956.94,629.56,11.14,2025-01-18,2025-01-22,2025-01-22,Delivered,5.0,No,No
ORD101409,CUST11910,2025-01-15,Chennai,Chennai,Jaipur,411.8,Automotive,5,8.66,Road,DTDC,1852.97,310.12,9.22,2025-01-17,2025-01-24,2025-01-24,Delivered,5.0,No,No
ORD103872,CUST11088,2025-10-16,Chennai,Chennai,Coimbatore,378.0,Electronics,6,8.9,Road,Shadowfax,1790.62,391.44,4.54,2025-10-17,2025-10-22,2025-10-22,Delivered,5.0,No,No
ORD102692,CUST11230,2025-07-25,Delhi,Delhi,Jaipur,1047.0,Home & Kitchen,6,3.08,Rail,Ecom Express,3474.18,929.65,11.05,2025-07-28,2025-08-05,2025-08-05,Delivered,3.0,No,No
ORD101897,CUST11268,2025-04-08,Mumbai,Mumbai,Chennai,57.5,Beauty,1,2.37,Road,DTDC,315.23,82.66,12.54,2025-04-10,2025-04-14,2025-04-17,Delayed,4.0,No,No
ORD104685,CUST10174,2025-11-27,Hyderabad,Hyderabad,Lucknow,372.2,Electronics,3,0.99,Air,XpressBees,3369.25,240.31,8.36,2025-11-30,2025-12-03,2025-12-08,Delayed,4.0,No,No
ORD101330,CUST12417,2025-02-17,Mumbai,Mumbai,Bengaluru,190.6,Beauty,1,10.89,Air,Shadowfax,1761.14,154.81,10.66,2025-02-19,2025-02-20,2025-02-22,Delayed,4.0,No,No
ORD103432,CUST10908,2025-01-20,Bengaluru,Bengaluru,Surat,255.8,Electronics,1,6.45,Road,XpressBees,1098.26,315.43,7.55,2025-01-22,2025-01-28,2025-01-28,Delivered,3.0,No,No
ORD102780,CUST12302,2025-06-22,Hyderabad,Hyderabad,Pune,293.8,Beauty,5,8.54,Road,DTDC,1485.1,216.01,10.29,2025-06-25,2025-06-30,2025-06-30,Delivered,4.0,No,No
ORD103861,CUST10891,2025-11-18,Bengaluru,Bengaluru,Mumbai,387.1,Books,4,3.85,Road,Ecom Express,1751.22,292.28,3.79,2025-11-19,2025-11-26,2025-11-26,Delivered,4.0,No,No
ORD101567,CUST10898,2025-03-14,Mumbai,Mumbai,Indore,191.8,Automotive,6,9.87,Air,DTDC,1913.86,183.17,8.66,2025-03-17,2025-03-18,2025-03-18,Delivered,5.0,No,No
ORD100194,CUST10458,2025-07-06,Pune,Pune,Surat,915.5,Automotive,1,6.59,Road,Delhivery,4013.24,1002.62,12.13,2025-07-08,2025-07-15,2025-07-15,Delivered,5.0,No,No
ORD104277,CUST12210,2025-07-02,Mumbai,Mumbai,Nagpur,704.5,Clothing,7,3.11,Air,Shadowfax,6370.12,666.49,11.68,2025-07-04,2025-07-08,2025-07-08,Delivered,4.0,No,No
ORD102832,CUST11377,2025-11-20,Chennai,Chennai,Nagpur,176.6,Clothing,5,3.79,Road,Blue Dart,803.55,132.45,10.35,2025-11-22,2025-11-27,2025-11-27,Delivered,5.0,No,No
ORD104997,CUST11194,2025-12-22,Hyderabad,Hyderabad,Chennai,281.2,Grocery,2,2.57,Road,Blue Dart,1269.21,317.86,6.7,2025-12-24,2025-12-28,2025-12-28,Delivered,5.0,No,No
ORD104746,CUST10357,2025-08-28,Bengaluru,Bengaluru,Lucknow,1113.9,Automotive,1,8.49,Rail,Shadowfax,3653.43,778.61,5.95,2025-08-30,2025-09-08,2025-09-14,Delayed,4.0,No,No
ORD100101,CUST10385,2025-07-01,Mumbai,Mumbai,Visakhapatnam,446.9,Electronics,2,5.31,Rail,Delhivery,1436.56,402.98,10.05,2025-07-03,2025-07-08,2025-07-15,Delayed,2.0,No,Yes
ORD100077,CUST12359,2025-06-02,Chennai,Chennai,Nagpur,44.8,home & kitchen,2,1.88,Road,Delhivery,121.54,20.0,9.23,2025-06-05,2025-06-10,2025-06-10,Delivered,5.0,No,No
ORD101144,CUST10094,2025-05-03,Chennai,Chennai,Indore,467.5,Beauty,1,9.93,Air,Blue Dart,4431.58,530.38,6.21,2025-05-06,2025-05-10,2025-05-10,Delivered,4.0,No,No
ORD102233,CUST11986,2025-03-26,Hyderabad,Hyderabad,Kolkata,571.5,Sports,6,2.58,Road,DTDC,2555.59,738.61,2.07,2025-03-27,2025-04-02,2025-04-03,Delayed,4.0,No,No
ORD103195,CUST10324,2025-06-21,Chennai,Chennai,Nagpur,231.5,Electronics,7,9.64,Road,XpressBees,1134.84,142.49,,2025-06-23,2025-06-28,2025-06-28,Delivered,4.0,No,No
ORD101309,CUST10492,2025-10-21,Bengaluru,Bengaluru,Indore,335.0,Grocery,2,5.38,Road,Blue Dart,1455.97,295.29,7.01,2025-10-23,2025-10-28,2025-10-30,Delayed,2.0,No,No
ORD100759,CUST12312,2025-05-09,Hyderabad,Hyderabad,Indore,415.1,Books,4,1.4,Rail,Ecom Express,1476.0,350.15,,2025-05-12,2025-05-18,2025-05-21,Delayed,3.0,No,No
ORD104612,CUST10609,2025-10-04,Mumbai,Mumbai,Coimbatore,550.1,Books,4,1.09,Road,XpressBees,2331.76,434.26,8.4,2025-10-06,2025-10-11,2025-10-11,Delivered,4.0,No,No
ORD100367,CUST10631,2025-10-08,Delhi,Delhi,Vijayawada,1029.8,Beauty,3,1.74,Road,Ecom Express,4373.52,1098.35,10.85,2025-10-10,2025-10-16,2025-10-16,Delivered,5.0,No,No
ORD101295,CUST11215,2025-03-09,Bengaluru,Bengaluru,Delhi,251.2,Books,5,0.85,Road,Delhivery,1142.04,271.42,11.85,2025-03-13,2025-03-17,2025-03-17,Delivered,5.0,No,No
ORD101743,CUST12215,2025-05-14,Hyderabad,Hyderabad,Chennai,81.5,Grocery,7,5.52,Rail,Delhivery,408.96,59.95,2.0,2025-05-16,2025-05-20,2025-05-21,Delayed,3.0,No,No
ORD103678,CUST11702,2025-12-11,Pune,Pune,Jaipur,139.4,Electronics,2,2.55,Road,DTDC,761.92,98.78,11.88,2025-12-14,2025-12-20,2025-12-25,Delayed,3.0,No,No
ORD104532,CUST12413,2025-10-01,Mumbai,Mumbai,Pune,80.2,Books,5,8.82,Rail,Ecom Express,487.13,21.27,8.69,2025-10-03,2025-10-08,2025-10-08,Delivered,4.0,No,No
ORD100542,CUST10550,2025-01-24,Mumbai,Mumbai,Lucknow,1278.6,Beauty,7,2.74,Road,Delhivery,5545.03,929.2,8.91,2025-01-25,2025-01-31,2025-01-31,Delivered,4.0,No,No
ORD103497,CUST11005,2025-10-05,Delhi,Delhi,Jaipur,664.4,Books,7,9.82,Road,DTDC,2963.28,642.84,10.0,2025-10-07,2025-10-13,2025-10-16,Delayed,3.0,No,No
ORD102893,CUST11169,2025-11-13,Chennai,Chennai,Bengaluru,179.0,Books,1,1.14,Road,DTDC,854.25,193.83,8.93,2025-11-15,2025-11-19,2025-11-23,Delayed,3.0,No,No
ORD104445,CUST11179,2025-03-13,Bengaluru,Bengaluru,Jaipur,493.9,Automotive,4,5.62,Rail,Ecom Express,1835.42,463.29,10.4,2025-03-16,2025-03-22,2025-03-29,Delayed,3.0,No,No
ORD102759,CUST10526,2025-02-15,Hyderabad,Hyderabad,Visakhapatnam,622.2,Beauty,2,0.44,Road,Blue Dart,2662.67,524.53,5.91,2025-02-17,2025-02-23,2025-02-23,Delivered,4.0,No,No
ORD101792,CUST12645,2025-07-18,Chennai,Chennai,Kochi,112.6,Electronics,1,3.36,Air,Delhivery,978.85,84.1,5.49,2025-07-20,2025-07-23,2025-07-23,Delivered,4.0,No,No
ORD102014,CUST12049,2025-01-08,Hyderabad,Hyderabad,Chennai,227.4,Beauty,1,1.02,Air,DTDC,2091.59,186.93,7.28,2025-01-10,2025-01-13,2025-01-13,Delivered,4.0,No,No
ORD101324,CUST11653,2025-08-20,Bengaluru,Bengaluru,Vijayawada,112.9,Grocery,6,6.93,Road,XpressBees,589.06,118.16,5.84,2025-08-23,2025-08-27,2025-08-27,Delivered,5.0,No,No
ORD103316,CUST12177,2025-05-27,Delhi,Delhi,Chennai,701.8,Grocery,2,2.01,Road,XpressBees,3109.48,634.3,7.53,2025-05-29,2025-06-06,2025-06-06,Delivered,5.0,No,No
ORD104243,CUST11994,2025-09-28,Bengaluru,Bengaluru,Mumbai,465.3,Books,2,8.52,Express,Ecom Express,3429.9,527.54,8.49,2025-09-30,2025-10-02,2025-10-02,Delivered,5.0,No,No
ORD100593,CUST12145,2025-09-18,Pune,Pune,Jaipur,517.1,Clothing,3,2.16,Express,DTDC,3721.94,379.07,10.76,2025-09-21,2025-09-26,2025-09-26,Delivered,4.0,No,No
ORD102956,CUST11809,2025-05-20,Bengaluru,Bengaluru,Chennai,153.6,Grocery,5,2.34,Road,XpressBees,660.83,203.28,7.68,2025-05-22,2025-05-27,2025-05-27,Delivered,5.0,No,No
ORD103755,CUST10616,2025-07-27,Mumbai,Mumbai,Chennai,540.7,Home & Kitchen,1,6.21,Road,Ecom Express,2242.47,571.02,10.84,2025-07-30,2025-08-04,2025-08-04,Delivered,3.0,No,No
ORD100176,CUST10702,2025-12-22,Chennai,Chennai,Visakhapatnam,274.2,Automotive,6,1.07,Road,Shadowfax,1225.24,266.01,8.41,2025-12-24,2025-12-30,2025-12-30,Delivered,4.0,No,No
ORD100722,CUST10276,2025-02-18,Chennai,Chennai,Visakhapatnam,295.1,Automotive,1,9.61,Road,DTDC,1608.82,346.29,8.27,2025-02-20,2025-02-26,2025-02-28,Delayed,3.0,No,No
ORD102290,CUST11500,2025-08-12,Mumbai,Mumbai,Indore,422.2,Clothing,1,13.67,Rail,Blue Dart,1561.09,459.71,7.88,2025-08-14,2025-08-22,2025-08-22,Delivered,5.0,No,Yes
ORD101366,CUST12020,2025-05-30,Delhi,Delhi,Vijayawada,822.7,Sports,1,3.76,Road,DTDC,3624.64,805.18,11.62,2025-06-01,2025-06-06,2025-06-06,Delivered,4.0,No,No
ORD103176,CUST11690,2025-03-17,Bengaluru,Bengaluru,Coimbatore,270.0,Sports,2,15.84,Air,Ecom Express,2796.88,112.18,11.28,2025-03-20,2025-03-22,2025-03-22,Delivered,5.0,No,No
ORD100779,CUST10882,2025-10-21,Hyderabad,Hyderabad,Chennai,62.7,Beauty,7,3.09,Express,Ecom Express,559.39,109.7,5.32,2025-10-23,2025-10-26,2025-10-26,Delivered,3.0,No,No
ORD104918,CUST12188,2025-12-29,Mumbai,Mumbai,Delhi,255.7,Beauty,6,7.34,Road,DTDC,1291.23,230.71,8.44,2026-01-01,2026-01-07,2026-01-08,Delayed,4.0,No,No
ORD102149,CUST10978,2025-12-15,Chennai,Chennai,Mumbai,322.1,Books,6,4.25,Road,Blue Dart,1383.04,368.48,5.96,2025-12-17,2025-12-22,2025-12-22,Delivered,5.0,No,No
ORD104181,CUST10672,2025-10-05,Hyderabad,Hyderabad,Surat,42.3,Beauty,7,3.85,Express,DTDC,433.3,20.0,6.72,2025-10-06,2025-10-09,2025-10-09,Delivered,5.0,No,No
ORD100262,CUST11006,2025-12-05,Hyderabad,Hyderabad,Pune,306.2,Grocery,4,3.68,Express,Ecom Express,2280.87,191.85,8.19,2025-12-07,2025-12-10,2025-12-10,Delivered,4.0,No,No
ORD102853,CUST10034,2025-11-07,Hyderabad,Hyderabad,Kochi,437.5,Sports,4,6.86,Road,Ecom Express,1951.21,448.18,8.38,2025-11-10,2025-11-16,2025-11-16,Delivered,4.0,No,No
ORD104863,CUST10313,2025-04-09,Chennai,Chennai,Kochi,228.8,Home & Kitchen,1,2.78,Rail,XpressBees,790.73,161.05,8.58,2025-04-12,2025-04-17,2025-04-17,Delivered,5.0,No,No
ORD102918,CUST12655,2025-05-20,Delhi,Delhi,Chennai,236.2,Books,2,6.06,Road,DTDC,1116.66,291.8,8.57,2025-05-22,2025-05-27,2025-05-27,Delivered,4.0,No,No
ORD102560,CUST11350,2025-07-23,Hyderabad,Hyderabad,Mumbai,202.7,Beauty,7,8.73,Rail,Shadowfax,906.31,151.19,10.99,2025-07-26,2025-08-03,2025-08-03,Delivered,3.0,No,No
ORD104092,CUST12019,2025-06-20,Bengaluru,Bengaluru,Indore,391.2,Home & Kitchen,5,3.96,Road,XpressBees,1776.92,370.32,5.77,2025-06-22,2025-06-28,2025-06-30,Delayed,2.0,No,No
ORD103942,CUST10582,2025-05-21,Hyderabad,Hyderabad,Chennai,199.3,Sports,7,1.88,Air,DTDC,1914.42,161.08,5.45,2025-05-22,2025-05-24,2025-05-24,Delivered,4.0,No,No
ORD101452,CUST11745,2025-09-24,Chennai,Chennai,Surat,615.9,Sports,7,10.5,Rail,Blue Dart,2172.95,751.21,7.59,2025-09-26,2025-10-02,2025-10-02,Delivered,5.0,No,No
ORD101057,CUST11927,2025-08-28,Mumbai,Mumbai,Delhi,648.6,Home & Kitchen,1,6.25,Rail,XpressBees,2197.8,482.08,13.53,2025-08-31,2025-09-07,2025-09-07,Delivered,5.0,No,No
ORD102673,CUST11744,2025-07-31,Bengaluru,Bengaluru,Kochi,287.7,Books,5,3.02,Air,Blue Dart,2616.74,267.64,6.73,2025-08-02,2025-08-05,2025-08-09,Delayed,3.0,No,No
ORD103291,CUST11883,2025-09-21,Bengaluru,Bengaluru,Jaipur,424.7,Sports,2,4.26,Road,Ecom Express,1927.39,308.74,6.77,2025-09-23,2025-09-29,2025-09-29,Delivered,4.0,No,No
ORD103542,CUST11510,2025-10-29,Mumbai,Mumbai,Hyderabad,537.7,Home & Kitchen,7,6.49,Road,Ecom Express,2397.37,607.89,8.38,2025-10-31,2025-11-06,2025-11-06,Delivered,4.0,No,No
ORD103011,CUST12303,2025-10-14,Mumbai,Mumbai,Kolkata,154.1,Books,1,2.26,Air,Ecom Express,1431.29,134.44,12.86,2025-10-16,2025-10-18,2025-10-23,Delayed,4.0,No,No
ORD103136,CUST10264,2025-01-10,Hyderabad,Hyderabad,Pune,228.5,Home & Kitchen,6,6.09,Road,Blue Dart,1067.77,195.39,9.44,2025-01-12,2025-01-17,2025-01-17,Delivered,5.0,No,No
ORD101514,CUST10307,2025-01-21,Chennai,Chennai,Kochi,1033.6,Books,7,4.91,Road,DTDC,4643.44,780.53,8.22,2025-01-24,2025-01-31,2025-02-03,Delayed,3.0,No,No
ORD103333,CUST12349,2025-06-29,Hyderabad,Hyderabad,Nagpur,207.4,Books,5,8.88,Road,Ecom Express,988.79,209.43,11.19,2025-07-01,2025-07-08,2025-07-08,Delivered,4.0,No,No
ORD101602,CUST10463,2025-04-17,Bengaluru,Bengaluru,Ahmedabad,53.9,Books,7,5.45,Rail,Shadowfax,375.49,20.0,6.89,2025-04-19,2025-04-25,2025-04-29,Delayed,3.0,No,No
ORD104665,CUST12016,2025-08-08,Pune,Pune,Mumbai,131.3,Sports,4,6.14,Road,Blue Dart,648.13,129.33,7.36,2025-08-09,2025-08-15,2025-08-15,Delivered,4.0,No,No
ORD100854,CUST12101,2025-11-30,Chennai,Chennai,Surat,340.0,Sports,7,1.63,Road,Blue Dart,1539.51,308.03,6.14,2025-12-02,2025-12-07,2025-12-07,Delivered,4.0,No,No
ORD100453,CUST12078,2025-04-24,Hyderabad,Hyderabad,Lucknow,323.5,Electronics,4,8.3,Express,Blue Dart,2461.18,329.27,5.76,2025-04-26,2025-05-01,2025-05-01,Delivered,5.0,No,No
ORD100897,CUST11726,2025-05-17,Hyderabad,Hyderabad,Mumbai,356.3,Books,2,2.2,Express,DTDC,2600.1,319.68,5.24,2025-05-19,2025-05-21,2025-05-21,Delivered,4.0,No,No
ORD103699,CUST10286,2025-01-08,Bengaluru,Bengaluru,Kochi,425.0,Electronics,4,5.01,Road,DTDC,1836.72,287.99,4.34,2025-01-10,2025-01-14,2025-01-20,Delayed,4.0,No,No
ORD100710,CUST10313,2025-03-27,Hyderabad,Hyderabad,Chennai,104.5,Beauty,7,7.3,Rail,Shadowfax,523.47,74.04,6.62,2025-03-29,2025-04-04,2025-04-04,Delivered,5.0,No,No
ORD104782,CUST12483,2025-12-04,Pune,Pune,Hyderabad,200.3,Automotive,5,1.4,Rail,Shadowfax,741.08,211.16,7.52,2025-12-06,2025-12-12,2025-12-12,Delivered,5.0,Yes,No
ORD100985,CUST11976,2025-04-12,Delhi,Delhi,Bhopal,656.5,Clothing,4,4.09,Rail,DTDC,2183.53,498.99,10.53,2025-04-14,2025-04-21,2025-04-23,Delayed,3.0,No,No
ORD100969,CUST12579,2025-05-27,Pune,Pune,Ahmedabad,405.8,Electronics,4,1.91,Road,Delhivery,1797.7,274.06,7.0,2025-05-29,2025-06-04,2025-06-04,Delivered,5.0,No,No
ORD103612,CUST11723,2025-01-19,Hyderabad,Hyderabad,Lucknow,286.5,Clothing,4,2.61,Road,Ecom Express,1347.81,212.46,6.35,2025-01-22,2025-01-26,2025-01-27,Delayed,3.0,No,No
ORD102680,CUST10416,2025-07-05,Chennai,Chennai,Indore,557.0,Beauty,2,1.26,Road,Delhivery,2339.8,630.88,11.75,2025-07-07,2025-07-13,2025-07-13,Delivered,4.0,No,No
ORD100711,CUST12783,2025-12-08,Mumbai,Mumbai,Pune,387.5,Clothing,6,0.6,Road,DTDC,1718.74,315.61,9.19,2025-12-10,2025-12-16,2025-12-18,Delayed,4.0,No,No
ORD103992,CUST10063,2025-12-12,Bengaluru,Bengaluru,Mumbai,246.3,Electronics,4,11.73,Road,Shadowfax,1300.38,190.46,4.67,2025-12-14,2025-12-19,2025-12-20,Delayed,4.0,No,Yes
ORD100425,CUST11543,2025-02-26,Pune,Pune,Surat,407.2,Electronics,5,15.39,Road,DTDC,2019.39,299.77,7.35,2025-02-28,2025-03-05,2025-03-05,Delivered,4.0,No,No
ORD101601,CUST12044,2025-08-11,Bengaluru,Bengaluru,Visakhapatnam,1113.4,Home & Kitchen,2,4.88,Express,Delhivery,7855.44,913.25,7.16,2025-08-13,2025-08-19,2025-08-19,Delivered,5.0,No,No
ORD103328,CUST10434,2025-01-14,Bengaluru,Bengaluru,Visakhapatnam,634.8,Beauty,4,0.98,Road,Delhivery,2802.94,432.65,,2025-01-16,2025-01-22,2025-01-22,Delivered,5.0,No,No
ORD102926,CUST10337,2025-01-28,Pune,Pune,Lucknow,868.0,Books,7,3.61,Rail,XpressBees,2951.23,697.72,9.57,2025-01-30,2025-02-07,2025-02-11,Delayed,4.0,No,No
ORD101571,CUST11447,2025-02-17,Delhi,Delhi,,568.7,Beauty,1,3.01,Air,Delhivery,5287.6,575.48,10.73,2025-02-20,2025-02-22,2025-02-22,Delivered,3.0,No,No
ORD104519,CUST11021,2025-04-22,Pune,Pune,Kolkata,328.2,Grocery,2,7.99,Road,DTDC,1420.61,198.74,8.8,2025-04-24,2025-04-29,2025-04-29,Delivered,5.0,No,No
ORD101752,CUST12766,2025-01-14,Chennai,Chennai,Ahmedabad,593.2,Books,5,2.24,Road,XpressBees,2666.67,642.43,8.15,2025-01-17,2025-01-23,2025-01-23,Delivered,4.0,No,No
ORD104974,CUST11360,2025-06-10,Chennai,Chennai,Bengaluru,398.2,Books,4,0.2,Road,DTDC,1689.64,276.06,6.96,2025-06-12,2025-06-19,2025-06-24,Delayed,4.0,No,No
ORD102500,CUST12085,2025-12-13,Pune,Pune,Coimbatore,1302.9,Beauty,1,8.27,Road,XpressBees,5722.43,1513.37,9.08,2025-12-16,2025-12-24,2025-12-26,Delayed,4.0,No,No
ORD104995,CUST10782,2025-06-17,Mumbai,Mumbai,Lucknow,422.6,Beauty,1,2.65,Rail,Blue Dart,1535.25,269.51,8.76,2025-06-19,2025-06-25,2025-06-25,Delivered,3.0,No,No
ORD104355,CUST11051,2025-02-23,Chennai,Chennai,Coimbatore,516.1,Home & Kitchen,7,4.03,Rail,Delhivery,1815.59,428.72,9.39,2025-02-25,2025-03-03,2025-03-03,Delivered,3.0,No,No
ORD101789,CUST10347,2025-11-06,Hyderabad,Hyderabad,Coimbatore,249.4,Grocery,1,6.41,Road,Blue Dart,1268.91,157.92,8.63,2025-11-08,2025-11-12,2025-11-12,Delivered,4.0,No,No
ORD101769,CUST12697,2025-05-01,Delhi,Delhi,Lucknow,386.0,Books,4,5.97,road,XpressBees,1804.38,408.67,10.01,2025-05-03,2025-05-06,2025-05-06,Delivered,4.0,No,No
ORD101301,CUST12784,2025-06-18,Delhi,Delhi,Jaipur,365.3,Clothing,2,0.81,Air,xpressbees,3282.84,335.91,10.03,2025-06-21,2025-06-23,2025-06-23,Delivered,5.0,No,No
ORD103371,CUST11377,2025-10-14,Mumbai,Mumbai,Visakhapatnam,1287.4,Books,1,4.49,Rail,XpressBees,4161.17,935.23,12.69,2025-10-17,2025-10-25,2025-10-26,Delayed,4.0,No,No
ORD103280,CUST12018,2025-03-30,Delhi,Delhi,Chennai,455.2,Grocery,7,11.8,Road,DTDC,2077.42,300.91,12.09,2025-04-01,2025-04-06,2025-04-10,Delayed,3.0,No,No
ORD100578,CUST12793,2025-10-15,Mumbai,Mumbai,Surat,391.3,Home & Kitchen,5,4.27,Air,DTDC,3669.57,305.73,10.65,2025-10-18,2025-10-21,2025-10-21,Delivered,4.0,No,No
ORD101478,CUST11612,2025-01-02,Pune,Pune,Lucknow,400.9,Beauty,5,6.17,Road,Blue Dart,1891.62,480.46,7.25,2025-01-04,2025-01-10,2025-01-13,Delayed,3.0,No,No
ORD102624,CUST11092,2025-01-12,Pune,Pune,Nagpur,330.6,Sports,1,13.1,Road,DTDC,1637.26,223.22,8.7,2025-01-14,2025-01-19,2025-01-19,Delivered,4.0,No,No
ORD104508,CUST12361,2025-07-10,Chennai,Chennai,Ahmedabad,186.2,Sports,4,1.52,Road,XpressBees,1041.53,238.11,10.32,2025-07-12,2025-07-16,2025-07-16,Delivered,4.0,No,No
ORD100330,CUST11079,2025-11-26,Pune,Pune,Vijayawada,346.7,Grocery,1,3.04,Road,DTDC,1560.77,281.84,5.96,2025-11-28,2025-12-03,2025-12-03,Delivered,5.0,No,No
ORD101133,CUST11277,2025-03-28,Bengaluru,Bengaluru,Coimbatore,997.3,Sports,7,5.03,Express,DTDC,7268.46,846.98,7.54,2025-03-30,2025-04-05,2025-04-05,Delivered,5.0,No,No
ORD104298,CUST10931,2025-11-15,Pune,Pune,Surat,311.3,Books,4,7.8,Rail,XpressBees,,316.38,4.61,2025-11-17,2025-11-24,2025-11-25,Delayed,4.0,No,No
ORD103828,CUST10121,2025-09-18,chennai,Chennai,Coimbatore,642.6,Grocery,3,2.35,Road,Delhivery,2817.03,627.89,8.81,2025-09-19,2025-09-25,2025-09-25,Delivered,5.0,No,No
ORD101918,CUST12129,2025-09-05,Bengaluru,Bengaluru,Indore,230.3,Grocery,3,6.88,Rail,Blue Dart,798.25,249.44,7.24,2025-09-08,2025-09-13,2025-09-13,Delivered,4.0,No,No
ORD100004,CUST10682,2025-10-29,Hyderabad,Hyderabad,Bengaluru,60.2,Electronics,7,3.45,Air,XpressBees,549.01,59.24,6.74,2025-11-01,2025-11-03,2025-11-06,Delayed,4.0,No,No
ORD103394,CUST11669,2025-02-16,Bengaluru,Bengaluru,Hyderabad,84.7,Electronics,7,4.73,Express,XpressBees,700.98,130.43,9.22,2025-02-17,2025-02-19,2025-02-19,Delivered,5.0,No,Yes
ORD101061,CUST11168,2025-08-30,Hyderabad,Hyderabad,Lucknow,818.1,Home & Kitchen,2,5.38,Air,Ecom Express,7340.22,827.25,7.96,2025-09-01,2025-09-05,2025-09-06,Delayed,3.0,No,No
ORD102626,CUST10115,2025-02-03,Pune,Pune,Nagpur,1162.3,Books,4,2.87,Road,DTDC,5019.09,999.64,9.65,2025-02-05,2025-02-13,2025-02-18,Delayed,3.0,No,No
ORD104435,CUST11756,2025-06-30,Bengaluru,Bengaluru,Kochi,399.8,Books,5,7.55,Rail,Ecom Express,1447.68,278.26,4.85,2025-07-01,2025-07-06,2025-07-11,Delayed,4.0,No,No
ORD103926,CUST11723,2025-07-28,Mumbai,Mumbai,Nagpur,827.3,Electronics,6,2.92,Road,DTDC,3469.3,547.91,11.28,2025-07-31,2025-08-07,2025-08-10,Delayed,4.0,No,No
ORD103426,CUST10312,2025-06-15,Hyderabad,Hyderabad,Bhopal,448.2,Automotive,2,3.31,Express,Ecom Express,3158.1,428.73,3.12,2025-06-16,2025-06-20,2025-06-20,Delivered,4.0,No,No
ORD102819,CUST10429,2025-07-25,Pune,Pune,Vijayawada,129.6,Electronics,6,1.08,Air,Delhivery,1332.42,177.43,12.63,2025-07-28,2025-07-30,2025-08-02,Delayed,3.0,No,No
ORD104123,CUST11282,2025-01-11,Pune,Pune,Nagpur,507.6,Electronics,6,4.85,Road,Delhivery,2234.21,576.74,7.96,2025-01-12,2025-01-17,2025-01-17,Delivered,5.0,No,No
ORD104482,CUST12237,2025-02-21,Mumbai,Mumbai,Bengaluru,1078.9,Electronics,4,2.59,Rail,Delhivery,3448.46,972.64,12.74,2025-02-24,2025-03-04,2025-03-06,Delayed,3.0,No,No
ORD102309,CUST10198,2025-09-02,Mumbai,Mumbai,Lucknow,442.1,Grocery,6,5.51,Rail,Blue Dart,1572.23,374.91,8.59,2025-09-04,2025-09-10,2025-09-10,Delivered,4.0,No,No
ORD102288,CUST12553,2025-06-23,Delhi,Delhi,Kochi,247.2,Clothing,2,3.54,Air,Ecom Express,2194.08,189.09,10.64,2025-06-26,2025-06-28,2025-06-29,Delayed,4.0,No,No
ORD100970,CUST11219,2025-11-27,Mumbai,Mumbai,Bengaluru,521.6,Sports,7,0.51,air,Blue Dart,4907.71,480.25,11.13,2025-11-30,2025-12-03,2025-12-05,Delayed,4.0,No,No
ORD100058,CUST10409,2025-07-10,Bengaluru,Bengaluru,Indore,531.6,Beauty,1,21.39,Road,Delhivery,2473.49,399.25,7.0,2025-07-12,2025-07-18,2025-07-18,Delivered,4.0,No,No
ORD100315,CUST12422,2025-10-17,Hyderabad,Hyderabad,Visakhapatnam,486.9,Grocery,2,10.38,road,XpressBees,2222.27,330.32,6.23,2025-10-19,2025-10-23,2025-10-23,Delivered,4.0,No,No
ORD102085,CUST10086,2025-12-07,Hyderabad,Hyderabad,Nagpur,124.3,Electronics,4,7.45,Road,DTDC,684.27,172.86,9.14,2025-12-09,2025-12-14,2025-12-14,Delivered,5.0,No,No
ORD104979,CUST12767,2025-12-15,Delhi,Delhi,Lucknow,805.5,Sports,7,1.25,Rail,DTDC,2766.63,694.34,11.57,2025-12-17,2025-12-25,2025-12-25,Delivered,4.0,No,No
ORD104540,CUST11171,2025-09-15,Delhi,Delhi,Vijayawada,235.4,Automotive,5,4.98,Air,Ecom Express,2343.04,158.57,14.7,2025-09-18,2025-09-20,2025-09-20,Delivered,4.0,No,No
ORD104247,CUST11322,2025-03-25,Bengaluru,Bengaluru,Mumbai,724.4,Beauty,6,6.84,Road,Shadowfax,3223.56,706.09,7.33,2025-03-28,2025-04-02,2025-04-02,Delivered,,No,No
ORD100216,CUST11959,2025-06-29,Hyderabad,Hyderabad,Kochi,440.5,Sports,4,3.28,Rail,XpressBees,1529.89,467.71,6.2,2025-07-01,2025-07-08,2025-07-13,Delayed,4.0,No,No
ORD104116,CUST12728,2025-02-18,Bengaluru,Bengaluru,Hyderabad,98.6,Grocery,2,0.79,Road,DTDC,355.18,130.51,7.08,2025-02-20,2025-02-25,2025-02-25,Delivered,4.0,No,No
ORD101438,CUST10909,2025-10-20,Mumbai,Mumbai,Hyderabad,571.5,Home & Kitchen,5,4.14,Road,Shadowfax,2491.43,614.7,7.9,2025-10-22,2025-10-28,2025-10-28,Delivered,5.0,No,No
ORD102617,CUST11489,2025-11-20,Mumbai,Mumbai,Vijayawada,406.6,Books,1,9.59,Road,Blue Dart,1928.55,453.6,13.34,2025-11-23,2025-11-28,2025-11-28,Delivered,4.0,No,No
ORD100644,CUST11218,2025-06-21,Pune,Pune,Visakhapatnam,1013.9,Grocery,6,4.91,Rail,Blue Dart,3317.85,911.86,7.64,2025-06-24,2025-07-01,2025-07-04,Delayed,3.0,No,No
ORD101800,CUST11640,2025-10-03,Chennai,Chennai,Kolkata,1088.0,Automotive,2,9.74,Road,Shadowfax,4712.56,1152.41,7.93,2025-10-06,2025-10-13,2025-10-13,Delivered,4.0,No,No
ORD100070,CUST10087,2025-01-10,Hyderabad,Hyderabad,Ahmedabad,549.2,Home & Kitchen,7,7.75,Road,XpressBees,2607.37,363.73,6.56,2025-01-12,2025-01-18,2025-01-20,Delayed,2.0,No,No
ORD101348,CUST12586,2025-02-19,Bengaluru,Bengaluru,Visakhapatnam,437.7,Electronics,2,4.52,Express,Ecom Express,3144.57,300.89,10.67,2025-02-21,2025-02-24,2025-02-27,Delayed,3.0,No,No
ORD100331,CUST12478,2025-02-08,Delhi,Delhi,Bengaluru,332.8,Beauty,4,8.4,Express,DTDC,2565.71,259.8,9.83,2025-02-11,2025-02-14,2025-02-14,Delivered,4.0,No,No
ORD100909,CUST12676,2025-10-02,Mumbai,Mumbai,Indore,94.1,Books,7,8.12,Road,Delhivery,590.67,20.0,8.2,2025-10-04,2025-10-09,2025-10-13,Delayed,4.0,No,Yes
ORD104745,CUST12624,2025-11-06,Hyderabad,Hyderabad,Visakhapatnam,321.7,Home & Kitchen,6,10.8,Road,Blue Dart,1502.3,178.64,5.57,2025-11-08,2025-11-13,2025-11-13,Delivered,5.0,No,No
ORD103903,CUST12521,2025-07-21,Pune,Pune,Bhopal,264.0,Sports,4,1.13,Rail,Blue Dart,867.75,169.57,10.18,2025-07-24,2025-07-30,2025-07-30,Delivered,4.0,No,No
ORD103429,CUST11811,2025-06-25,Bengaluru,Bengaluru,Hyderabad,162.4,Clothing,6,4.84,Road,Delhivery,889.37,120.15,7.06,2025-06-27,2025-07-03,2025-07-03,Delivered,5.0,No,No
ORD104087,CUST11021,2025-01-21,Delhi,Delhi,Chennai,369.8,Beauty,2,18.27,Rail,Shadowfax,1536.36,305.76,9.48,2025-01-23,2025-01-30,2025-01-31,Delayed,3.0,No,No
ORD104557,CUST11245,2025-12-06,Bengaluru,Bengaluru,Visakhapatnam,378.0,Sports,4,2.22,Road,Ecom Express,1670.32,398.62,3.29,2025-12-09,2025-12-14,2025-12-14,Delivered,4.0,No,No
ORD100668,CUST11992,2025-11-26,Delhi,Delhi,Kolkata,231.4,Beauty,5,3.02,Road,XpressBees,1183.42,277.13,9.73,2025-11-29,2025-12-05,2025-12-05,Delivered,4.0,No,No
ORD103406,CUST10469,2025-04-02,Delhi,Delhi,Indore,124.2,Home & Kitchen,3,2.55,Road,Shadowfax,676.11,88.01,11.74,2025-04-04,2025-04-10,2025-04-12,Delayed,3.0,No,No
ORD103831,CUST11057,2025-11-26,Hyderabad,Hyderabad,Nagpur,191.5,Clothing,5,10.69,Road,Blue Dart,1107.05,161.62,7.46,2025-11-28,2025-12-03,2025-12-03,Delivered,5.0,No,No
ORD100047,CUST11633,2025-05-31,Chennai,Chennai,Surat,261.9,Books,5,7.91,Road,XpressBees,1321.76,217.52,8.1,2025-06-03,2025-06-09,2025-06-09,Delivered,4.0,No,No
ORD101141,CUST10888,2025-04-09,Mumbai,Mumbai,Hyderabad,428.5,Sports,2,6.75,Road,Ecom Express,1843.6,513.5,11.73,2025-04-11,2025-04-18,2025-04-18,Delivered,5.0,No,No
ORD104818,CUST12021,2025-09-01,Hyderabad,Hyderabad,Ahmedabad,239.2,Home & Kitchen,6,1.22,Air,Shadowfax,2260.14,166.86,9.13,2025-09-04,2025-09-08,2025-09-08,Delivered,5.0,No,No
ORD104637,CUST11062,2025-04-04,Mumbai,Mumbai,Surat,310.1,Electronics,4,6.1,Air,Delhivery,2992.02,355.83,9.27,2025-04-06,2025-04-09,2025-04-09,Delivered,5.0,No,No
ORD101628,CUST11961,2025-02-26,Pune,Pune,Chennai,456.8,Sports,1,5.51,Air,Blue Dart,4211.48,395.33,7.37,2025-02-28,2025-03-04,2025-03-04,Delivered,5.0,No,No
ORD104349,CUST11733,2025-10-15,Chennai,Chennai,Coimbatore,428.7,Grocery,6,7.3,Express,Blue Dart,3180.59,328.47,7.13,2025-10-17,2025-10-21,2025-10-21,Delivered,3.0,No,No
ORD100968,CUST12129,2025-11-21,Delhi,Delhi,Mumbai,520.9,Books,1,8.06,Road,XpressBees,2274.68,613.57,9.29,2025-11-24,2025-11-30,2025-11-30,Delivered,4.0,No,No
ORD101692,CUST11240,2025-06-04,Bengaluru,Bengaluru,Vijayawada,664.9,Electronics,7,4.13,Rail,Blue Dart,2264.55,530.59,10.41,2025-06-06,2025-06-12,2025-06-12,Delivered,5.0,No,No
ORD103616,CUST12008,2025-03-24,Chennai,Chennai,Bhopal,63.5,Clothing,4,5.49,Road,XpressBees,274.64,20.0,5.89,2025-03-25,2025-03-30,2025-04-03,Delayed,4.0,No,No
ORD104088,CUST10601,2025-08-09,Delhi,Delhi,Lucknow,75.4,Clothing,1,5.57,Air,Ecom Express,744.29,52.81,6.58,2025-08-12,2025-08-13,2025-08-13,Delivered,5.0,No,No
ORD104257,CUST10506,2025-05-07,Hyderabad,Hyderabad,Bhopal,232.4,Home & Kitchen,6,5.52,Road,Ecom Express,1122.69,130.25,6.94,2025-05-09,2025-05-14,2025-05-14,Delivered,4.0,No,No
ORD100334,CUST10857,2025-11-05,Pune,Pune,Nagpur,338.3,Books,7,5.41,Air,Ecom Express,3184.51,397.32,8.53,2025-11-07,2025-11-10,2025-11-10,Delivered,4.0,No,No
ORD100855,CUST12226,2025-12-26,Bengaluru,Bengaluru,Visakhapatnam,256.5,Electronics,7,6.06,Road,Delhivery,1292.85,315.43,7.66,2025-12-28,2026-01-01,2026-01-03,Delayed,4.0,No,No
ORD101262,CUST10722,2025-06-22,Pune,Pune,Coimbatore,108.0,Home & Kitchen,2,6.86,Road,Shadowfax,655.11,84.26,8.19,2025-06-24,2025-06-29,2025-06-29,Delivered,4.0,No,No
ORD104279,CUST10387,2025-06-26,Pune,Pune,Kolkata,354.4,Beauty,7,12.27,Road,XpressBees,1865.85,242.06,11.06,2025-06-29,2025-07-04,2025-07-05,Delayed,3.0,No,No
ORD100050,CUST11558,2025-01-06,Chennai,Chennai,Visakhapatnam,136.7,Beauty,2,3.2,Road,XpressBees,555.23,96.38,,2025-01-09,2025-01-12,2025-01-18,Delayed,4.0,No,No
ORD104488,CUST10178,2025-01-15,Delhi,Delhi,Mumbai,675.6,Sports,1,3.45,Express,Delhivery,4825.9,812.03,9.35,2025-01-17,2025-01-22,2025-01-22,Delivered,4.0,Yes,No
ORD104991,CUST11002,2025-11-19,Delhi,Delhi,Pune,119.2,Grocery,1,5.91,Road,Blue Dart,592.88,58.55,5.04,2025-11-21,2025-11-25,2025-11-25,Delivered,4.0,No,No
ORD100375,CUST10518,2025-02-02,Pune,Pune,Hyderabad,324.3,Beauty,6,2.1,Road,Shadowfax,1556.63,327.12,7.39,2025-02-04,2025-02-08,2025-02-08,Delivered,5.0,No,No
ORD100742,CUST12575,2025-08-13,Bengaluru,Bengaluru,Pune,802.5,Grocery,7,16.62,Road,Shadowfax,3656.18,728.21,7.48,2025-08-15,2025-08-21,2025-08-22,Delayed,4.0,No,No
ORD103976,CUST10642,2025-06-25,Delhi,Delhi,Chennai,546.3,Home & Kitchen,4,3.19,Road,DTDC,2338.05,437.74,7.39,2025-06-28,2025-07-03,2025-07-03,Delivered,5.0,No,No
ORD102699,CUST10712,2025-11-20,Mumbai,Mumbai,Ahmedabad,1245.6,Electronics,6,5.17,Rail,DTDC,4228.56,1018.23,13.37,2025-11-22,2025-11-30,2025-11-30,Delivered,4.0,No,No
ORD104609,CUST12644,2025-04-01,Bengaluru,Bengaluru,Ahmedabad,292.3,Electronics,2,1.9,Road,DTDC,1369.3,310.04,4.98,2025-04-02,2025-04-07,2025-04-07,Delivered,4.0,No,No
ORD102169,CUST10625,2025-09-12,Hyderabad,Hyderabad,Delhi,816.8,Automotive,5,3.42,Rail,Delhivery,2810.1,871.16,8.67,2025-09-14,2025-09-22,2025-09-22,Delivered,5.0,No,No
ORD102831,CUST12198,2025-05-12,Bengaluru,Bengaluru,Pune,102.7,Automotive,3,2.41,Road,Ecom Express,549.72,,11.7,2025-05-14,2025-05-18,2025-05-18,Delivered,4.0,No,No
ORD101484,CUST11027,2025-10-24,Hyderabad,Hyderabad,Kochi,235.1,Electronics,6,2.03,Road,XpressBees,1202.24,263.48,7.13,2025-10-26,2025-10-31,2025-10-31,Delivered,5.0,No,No
ORD102332,CUST11611,2025-03-06,Bengaluru,Bengaluru,Kochi,681.9,Sports,2,4.66,Road,XpressBees,2952.65,471.45,6.57,2025-03-08,2025-03-14,2025-03-14,Delivered,5.0,No,No
ORD103246,CUST10019,2025-02-17,Pune,Pune,Ahmedabad,691.9,Sports,4,1.86,Road,Blue Dart,3052.29,792.1,7.75,2025-02-19,2025-02-24,2025-02-24,Delivered,5.0,No,Yes
ORD103637,CUST10722,2025-12-21,Mumbai,Mumbai,Pune,439.8,Home & Kitchen,2,11.08,Road,xpressbees,2049.39,289.21,9.26,2025-12-22,2025-12-29,2025-12-29,Delivered,5.0,No,No
ORD104455,CUST10618,2025-05-04,Hyderabad,Hyderabad,Ahmedabad,397.8,Clothing,6,5.26,Road,Ecom Express,1990.8,410.18,11.02,2025-05-07,2025-05-14,2025-05-14,Delivered,5.0,No,No
ORD102187,CUST11704,2025-09-16,Mumbai,Mumbai,Kolkata,166.7,Automotive,3,12.39,Road,Ecom Express,998.51,230.7,7.52,2025-09-19,2025-09-23,2025-09-23,Delivered,4.0,No,No
ORD102693,CUST10647,2025-11-20,Chennai,Chennai,Bhopal,70.7,Clothing,3,1.02,Express,Ecom Express,478.04,26.76,8.13,2025-11-22,2025-11-26,2025-11-26,Delivered,5.0,No,No
ORD104525,CUST11656,2025-04-27,Bengaluru,Bengaluru,Coimbatore,67.7,Beauty,4,7.14,Air,Delhivery,764.89,112.75,6.81,2025-04-28,2025-04-30,2025-04-30,Delivered,3.0,No,No
ORD100864,CUST10957,2025-07-01,Chennai,Chennai,Lucknow,354.0,Books,3,1.25,Air,XpressBees,3316.7,318.16,8.86,2025-07-03,2025-07-05,2025-07-05,Delivered,5.0,No,No
ORD102615,CUST12758,2025-08-26,Mumbai,Mumbai,Pune,662.9,Grocery,6,3.51,Road,Ecom Express,2873.91,601.58,11.84,2025-08-28,2025-09-03,2025-09-03,Delivered,5.0,No,No
ORD104416,CUST11115,2025-10-17,Mumbai,Mumbai,Visakhapatnam,590.1,Sports,5,4.06,Road,XpressBees,2590.89,733.31,11.84,2025-10-20,2025-10-26,2025-10-26,Delivered,4.0,No,No
ORD101737,CUST10583,2025-11-02,Hyderabad,Hyderabad,Bengaluru,467.2,Automotive,2,7.53,Road,Ecom Express,1920.34,429.87,9.09,2025-11-04,2025-11-10,2025-11-10,Delivered,4.0,No,No
ORD101375,CUST12454,2025-09-29,Bengaluru,Bengaluru,Surat,164.9,Books,7,1.65,Air,DTDC,1620.16,169.34,9.43,2025-10-02,2025-10-05,2025-10-05,Delivered,5.0,No,No
ORD103140,CUST10855,2025-04-13,Mumbai,Mumbai,Coimbatore,773.7,Electronics,4,2.9,Road,Shadowfax,3429.48,728.45,9.16,2025-04-15,2025-04-21,2025-04-21,Delivered,5.0,No,No
ORD100789,CUST10944,2025-07-24,Hyderabad,Hyderabad,Delhi,191.2,Electronics,5,5.25,Road,Blue Dart,1052.26,266.61,6.95,2025-07-26,2025-08-01,2025-08-01,Delivered,4.0,Yes,No
ORD104780,CUST10870,2025-12-19,Chennai,Chennai,Nagpur,187.8,Books,4,4.27,Road,XpressBees,871.57,210.92,6.11,2025-12-20,2025-12-24,2025-12-24,Delivered,4.0,No,No
ORD103447,CUST11381,2025-06-24,Hyderabad,Hyderabad,Kolkata,328.0,Clothing,3,4.58,Road,XpressBees,1435.72,251.74,4.58,2025-06-27,2025-07-02,2025-07-02,Delivered,4.0,No,No
ORD100257,CUST12649,2025-07-13,Delhi,Delhi,Bengaluru,592.0,Electronics,3,13.46,Road,XpressBees,2689.69,608.33,12.08,2025-07-16,2025-07-23,2025-07-29,Delayed,3.0,No,No
ORD102448,CUST11968,2025-09-29,Delhi,Delhi,Delhi,338.2,Sports,7,2.79,Rail,Delhivery,1286.39,349.63,12.94,2025-10-02,2025-10-09,2025-10-09,Delivered,4.0,No,No
ORD101643,CUST11354,2025-10-26,Delhi,Delhi,Bhopal,289.1,Books,1,7.85,Rail,Delhivery,1127.24,357.98,9.85,2025-10-28,2025-11-03,2025-11-03,Delivered,5.0,No,No
ORD102739,CUST12427,2025-02-12,Chennai,Chennai,Vijayawada,76.0,Home & Kitchen,4,6.59,Road,Shadowfax,571.88,88.35,9.29,2025-02-14,2025-02-19,2025-02-19,Delivered,4.0,No,No
ORD103634,CUST12202,2025-10-06,Hyderabad,Hyderabad,Bhopal,208.5,Beauty,3,4.46,Air,Delhivery,2029.13,143.76,,2025-10-08,2025-10-11,2025-10-11,Delivered,4.0,No,No
ORD104338,CUST10579,2025-04-21,Hyderabad,Hyderabad,Delhi,363.4,Clothing,1,2.59,Road,Shadowfax,1645.45,483.77,3.59,2025-04-22,2025-04-27,2025-04-27,Delivered,5.0,No,Yes
ORD104078,CUST10658,2025-08-30,Pune,Pune,Delhi,487.6,Sports,3,10.54,Rail,XpressBees,1751.03,395.66,8.31,2025-09-01,2025-09-08,2025-09-10,Delayed,3.0,No,No
ORD104090,CUST11274,2025-04-02,Hyderabad,Hyderabad,Ahmedabad,215.8,Beauty,4,4.09,Rail,XpressBees,830.81,144.06,4.27,2025-04-04,2025-04-11,2025-04-11,Delivered,4.0,No,No
ORD101122,CUST10582,2025-07-18,Chennai,Chennai,Mumbai,371.6,Beauty,1,3.26,Rail,Delhivery,1191.57,440.84,6.42,2025-07-20,2025-07-26,2025-07-28,Delayed,4.0,No,No
ORD100540,CUST11522,2025-11-14,Bengaluru,Bengaluru,Hyderabad,466.3,Automotive,1,2.68,Air,Shadowfax,4318.7,353.2,8.99,2025-11-16,2025-11-19,2025-11-19,Delivered,5.0,No,No
ORD104039,CUST12607,2025-07-24,Delhi,Delhi,Coimbatore,384.5,Clothing,3,2.16,Road,Blue Dart,1531.86,404.18,8.19,2025-07-26,2025-08-01,2025-08-05,Delayed,4.0,No,No
ORD104618,CUST10652,2025-06-14,Delhi,Delhi,Mumbai,132.2,Electronics,2,5.05,Road,Delhivery,721.72,139.46,6.83,2025-06-17,2025-06-22,2025-06-25,Delayed,5.0,No,No
ORD101545,CUST12003,2025-06-11,Mumbai,Mumbai,Ahmedabad,530.6,Sports,2,2.89,Air,DTDC,4842.26,454.71,15.65,2025-06-14,2025-06-17,2025-06-17,Delivered,5.0,No,No
ORD102222,CUST11543,2025-05-16,Chennai,Chennai,Pune,347.9,Home & Kitchen,2,3.69,Air,Shadowfax,3300.33,277.59,6.88,2025-05-19,2025-05-22,2025-05-22,Delivered,4.0,No,No
ORD103405,CUST10208,2025-01-12,Chennai,Chennai,Visakhapatnam,588.0,Beauty,4,4.1,Air,Delhivery,5232.35,475.94,6.38,2025-01-14,2025-01-19,2025-01-20,Delayed,4.0,No,No
ORD101176,CUST11315,2025-08-14,Hyderabad,Hyderabad,Chennai,720.1,Beauty,4,3.67,Rail,Delhivery,2356.12,792.31,6.52,2025-08-16,2025-08-24,2025-08-24,Delivered,5.0,No,No
ORD104303,CUST11189,2025-09-15,Delhi,Delhi,Surat,52.4,Clothing,5,4.99,Rail,DTDC,277.47,22.64,9.78,2025-09-18,2025-09-23,2025-09-25,Delayed,3.0,No,Yes
ORD103235,CUST10616,2025-10-31,Hyderabad,Hyderabad,Bhopal,470.3,Electronics,4,2.89,Express,Blue Dart,3434.13,419.6,4.62,2025-11-02,2025-11-05,2025-11-05,Delivered,5.0,No,No
ORD100782,CUST11465,2025-04-29,Mumbai,Mumbai,Delhi,172.6,Sports,6,1.22,Air,Blue Dart,1707.43,169.16,5.94,2025-05-01,2025-05-04,2025-05-04,Delivered,4.0,No,No
ORD102481,CUST12240,2025-04-15,Bengaluru,Bengaluru,Surat,391.9,Home & Kitchen,1,6.26,Air,DTDC,3627.07,320.18,8.07,2025-04-17,2025-04-19,2025-04-19,Delivered,4.0,No,No
ORD100647,CUST11510,2025-07-14,Mumbai,Mumbai,Nagpur,171.7,Books,2,10.12,Rail,Delhivery,540.72,173.93,14.49,2025-07-18,2025-07-23,2025-07-23,Delivered,4.0,No,Yes
ORD104436,CUST11584,2025-08-05,Bengaluru,Bengaluru,Kochi,535.1,Electronics,2,2.08,Air,DTDC,4870.59,521.29,6.77,2025-08-06,2025-08-08,2025-08-08,Delivered,4.0,No,No
ORD101986,CUST10455,2025-01-24,Bengaluru,Bengaluru,Visakhapatnam,761.0,Electronics,2,1.56,Air,DTDC,6877.73,495.42,11.87,2025-01-27,2025-01-31,2025-01-31,Delivered,5.0,No,No
ORD102812,CUST12599,2025-01-07,Mumbai,Mumbai,Surat,897.1,Books,5,1.81,Rail,Ecom Express,2864.57,797.32,7.46,2025-01-09,2025-01-16,2025-01-17,Delayed,2.0,No,No
ORD100419,CUST11795,2025-12-15,Mumbai,Mumbai,Delhi,305.1,Books,3,2.7,Air,Shadowfax,2961.56,253.83,10.98,2025-12-18,2025-12-21,2025-12-21,Delivered,5.0,No,No
ORD104908,CUST10770,2025-10-10,Bengaluru,Bengaluru,Indore,626.9,Sports,2,1.21,Rail,Ecom Express,2145.28,400.2,6.65,2025-10-12,2025-10-19,2025-10-19,Delivered,4.0,No,No
ORD104319,CUST10004,2025-08-03,Hyderabad,Hyderabad,Coimbatore,1004.5,Beauty,6,2.04,Road,Shadowfax,4411.94,877.74,8.93,2025-08-05,2025-08-11,2025-08-16,Delayed,4.0,No,Yes
ORD100169,CUST12413,2025-10-09,Chennai,Chennai,Vijayawada,684.7,Beauty,6,0.65,Express,Delhivery,4925.85,769.9,5.27,2025-10-10,2025-10-13,2025-10-13,Delivered,5.0,No,No
ORD103530,CUST10257,2025-01-27,Pune,Pune,Indore,504.1,Clothing,1,7.86,Rail,XpressBees,1824.8,484.33,8.5,2025-01-30,2025-02-05,2025-02-05,Delivered,4.0,No,No
ORD101582,CUST10711,2025-06-12,Mumbai,Mumbai,Delhi,438.8,Books,3,2.34,Road,Shadowfax,1901.16,511.84,8.96,2025-06-15,2025-06-19,2025-06-19,Delivered,3.0,No,No
ORD102545,CUST12625,2025-03-16,Chennai,Chennai,Coimbatore,201.8,Beauty,6,5.64,Road,Shadowfax,1078.61,195.67,6.9,2025-03-18,2025-03-23,2025-03-24,Delayed,3.0,No,No
ORD101200,CUST11677,2025-10-10,Delhi,Delhi,Hyderabad,134.8,Beauty,6,3.75,Air,Shadowfax,1341.58,82.24,9.72,2025-10-14,2025-10-16,2025-10-16,Delivered,3.0,No,No
ORD104967,CUST11431,2025-08-30,Pune,Pune,Delhi,1118.1,Clothing,4,9.14,Road,XpressBees,4938.2,953.14,5.57,2025-09-01,2025-09-09,2025-09-09,Delivered,5.0,No,No
ORD101559,CUST11639,2025-08-30,Delhi,Delhi,Ahmedabad,384.6,Books,7,6.82,Express,Ecom Express,2959.81,316.84,9.77,2025-09-02,2025-09-06,2025-09-06,Delivered,5.0,No,No
ORD103675,CUST12260,2025-07-11,Hyderabad,Hyderabad,Ahmedabad,704.2,Beauty,2,7.42,Rail,Shadowfax,2475.58,476.61,7.54,2025-07-13,2025-07-20,2025-07-20,Delivered,5.0,No,No
ORD101000,CUST12552,2025-05-29,Bengaluru,Bengaluru,Vijayawada,515.2,Home & Kitchen,5,3.94,Road,Blue Dart,2322.49,551.81,7.36,2025-05-31,2025-06-05,2025-06-05,Delivered,5.0,No,No
ORD102652,CUST10945,2025-11-23,Delhi,Delhi,Kochi,377.2,Clothing,5,3.82,Road,Shadowfax,1788.91,331.67,11.15,2025-11-25,2025-11-30,2025-11-30,Delivered,4.0,No,No
ORD102775,CUST10051,2025-01-08,Bengaluru,Bengaluru,Indore,245.9,Clothing,7,4.11,Air,Ecom Express,2469.35,230.36,8.67,2025-01-10,2025-01-13,2025-01-15,Delayed,4.0,No,No
ORD103733,CUST10146,2025-06-29,Delhi,Delhi,Pune,314.6,home & kitchen,7,6.55,Road,Ecom Express,1460.52,338.48,7.67,2025-07-01,2025-07-06,2025-07-06,Delivered,3.0,Yes,No
ORD101450,CUST11737,2025-02-19,Bengaluru,Bengaluru,Coimbatore,233.6,Electronics,2,7.96,Road,Blue Dart,1156.7,211.25,7.0,2025-02-21,2025-02-26,2025-02-26,Delivered,4.0,No,No
ORD103902,CUST10455,2025-08-12,Bengaluru,Bengaluru,Mumbai,308.0,Books,7,3.42,Air,Ecom Express,2921.76,330.3,6.36,2025-08-14,2025-08-16,2025-08-16,Delivered,4.0,No,No
ORD101758,CUST11220,2025-06-24,Pune,Pune,Nagpur,77.0,Grocery,1,16.3,Air,DTDC,1079.54,119.91,9.37,2025-06-27,2025-06-29,2025-07-01,Delayed,3.0,No,No
ORD103787,CUST11728,2025-06-12,Hyderabad,Hyderabad,Ahmedabad,64.9,Beauty,5,12.01,Rail,Ecom Express,400.12,59.43,6.83,2025-06-14,2025-06-20,2025-06-20,Delivered,4.0,No,No
ORD104193,CUST11065,2025-08-21,Hyderabad,Hyderabad,Pune,337.4,Home & Kitchen,2,5.35,Road,Ecom Express,1573.06,386.16,6.52,2025-08-22,2025-08-27,2025-08-27,Delivered,4.0,No,No
ORD102263,CUST12081,2025-05-05,Pune,Pune,Mumbai,758.1,Automotive,5,10.16,Rail,Ecom Express,2580.21,605.18,8.49,2025-05-07,2025-05-14,2025-05-14,Delivered,4.0,No,No
ORD100587,CUST12289,2025-04-15,Chennai,Chennai,Kolkata,55.2,Clothing,7,2.56,Rail,Shadowfax,371.85,27.96,5.91,2025-04-17,2025-04-23,2025-04-23,Delivered,4.0,No,No
ORD100814,CUST10807,2025-01-30,Bengaluru,Bengaluru,Coimbatore,383.6,Books,1,1.64,Air,DTDC,3540.25,319.21,8.68,2025-02-01,2025-02-04,2025-02-04,Delivered,4.0,No,No
ORD101946,CUST12399,2025-02-28,Mumbai,Mumbai,Coimbatore,104.8,Electronics,1,4.51,Road,Ecom Express,541.65,166.84,10.71,2025-03-03,2025-03-08,2025-03-13,Delayed,3.0,No,No
ORD104901,CUST11144,2025-02-06,Hyderabad,Hyderabad,Delhi,239.1,Clothing,3,2.34,Road,DTDC,1107.95,175.88,5.87,2025-02-07,2025-02-11,2025-02-13,Delayed,3.0,No,No
ORD103187,CUST12505,2025-03-22,Chennai,Chennai,Visakhapatnam,542.8,Books,1,5.73,Rail,Delhivery,1813.3,462.1,3.76,2025-03-23,2025-03-30,2025-03-30,Delivered,5.0,No,No
ORD103245,CUST10533,2025-03-15,Chennai,Chennai,Lucknow,424.0,Clothing,1,5.07,Road,Delhivery,1819.72,433.56,5.63,2025-03-16,2025-03-22,2025-03-22,Delivered,4.0,No,No
ORD104421,CUST10842,2025-03-10,Mumbai,Mumbai,Kochi,199.7,Clothing,5,7.57,Express,Delhivery,1513.83,182.17,10.39,2025-03-12,2025-03-14,2025-03-14,Delivered,5.0,No,No
ORD101335,CUST11022,2025-11-03,Chennai,Chennai,Kochi,83.7,Sports,1,4.8,Air,Shadowfax,846.72,84.67,11.05,2025-11-05,2025-11-07,2025-11-07,Delivered,4.0,No,No
ORD101781,CUST10960,2025-08-16,Bengaluru,Bengaluru,Ahmedabad,172.6,Home & Kitchen,6,1.82,Road,Delhivery,862.93,,7.96,2025-08-19,2025-08-24,2025-08-24,Delivered,5.0,No,No
ORD104176,CUST12680,2025-06-29,Mumbai,Mumbai,Bengaluru,381.6,Electronics,2,8.3,Road,Ecom Express,1732.08,,10.53,2025-07-02,2025-07-07,2025-07-08,Delayed,5.0,No,No
ORD101750,CUST10533,2025-06-29,Pune,Pune,Surat,232.3,Home & Kitchen,6,14.94,Road,DTDC,1321.15,191.74,7.63,2025-07-02,2025-07-07,2025-07-07,Delivered,5.0,No,No
ORD102329,CUST12553,2025-05-03,Mumbai,Mumbai,Coimbatore,220.9,Sports,4,0.96,Rail,DTDC,679.32,203.02,10.4,2025-05-06,2025-05-10,2025-05-10,Delivered,4.0,No,No
ORD101267,CUST11898,2025-05-04,Pune,Pune,Bengaluru,234.8,Beauty,4,3.7,Road,Delhivery,1145.91,204.6,8.22,2025-05-05,2025-05-11,2025-05-11,Delivered,3.0,No,No
ORD101101,CUST11420,2025-05-13,Hyderabad,Hyderabad,Bhopal,954.0,Sports,7,2.16,Road,Ecom Express,4147.2,770.86,5.85,2025-05-15,2025-05-22,2025-05-22,Delivered,5.0,No,No
ORD102267,CUST11625,2025-05-03,Hyderabad,Hyderabad,Chennai,356.9,Sports,5,9.84,Road,Blue Dart,1719.83,344.11,6.54,2025-05-06,2025-05-10,2025-05-10,Delivered,4.0,No,No
ORD104667,CUST10573,2025-07-18,Hyderabad,Hyderabad,Bengaluru,384.3,Clothing,5,3.27,Road,Shadowfax,1844.69,364.15,6.59,2025-07-21,2025-07-26,2025-07-26,Delivered,5.0,No,No
ORD101012,CUST11245,2025-06-27,Delhi,Delhi,Chennai,468.3,Beauty,5,9.72,Rail,XpressBees,1753.46,542.69,8.52,2025-06-29,2025-07-06,2025-07-06,Delivered,4.0,No,No
ORD100871,CUST11189,2025-06-22,Bengaluru,Bengaluru,Surat,437.7,Home & Kitchen,7,2.32,Express,Ecom Express,3178.56,524.32,8.56,2025-06-24,2025-06-29,2025-06-30,Delayed,3.0,No,No
ORD104186,CUST12346,2025-05-07,Pune,Pune,Coimbatore,808.4,Books,1,2.93,Rail,DTDC,2555.09,824.3,6.74,2025-05-09,2025-05-17,2025-05-17,Delivered,5.0,No,No
ORD104670,CUST10004,2025-08-13,Mumbai,Mumbai,Surat,146.2,Electronics,2,3.98,Air,Delhivery,1349.58,134.12,9.05,2025-08-16,2025-08-19,2025-08-19,Delivered,4.0,No,No
ORD104032,CUST12153,2025-11-18,Bengaluru,Bengaluru,Mumbai,310.5,Automotive,5,6.25,Rail,Shadowfax,1111.6,241.72,6.68,2025-11-20,2025-11-26,2025-11-26,Delivered,5.0,No,No
ORD100364,CUST11272,2025-04-28,Chennai,Chennai,Nagpur,406.4,Electronics,1,4.39,Road,Ecom Express,1763.4,405.12,5.41,2025-04-30,2025-05-05,2025-05-05,Delivered,4.0,No,No
ORD102377,CUST11037,2025-03-17,Bengaluru,Bengaluru,Nagpur,598.0,Home & Kitchen,4,4.26,Air,Shadowfax,5620.09,669.69,12.12,2025-03-20,2025-03-24,2025-03-24,Delivered,5.0,No,No
ORD104493,CUST10853,2025-05-09,Bengaluru,Bengaluru,Ahmedabad,186.5,Automotive,7,3.82,Express,DTDC,1511.34,142.39,6.57,2025-05-10,2025-05-13,2025-05-13,Delivered,4.0,No,No
ORD104248,CUST10046,2025-11-07,Pune,Pune,Bhopal,256.3,Electronics,4,3.71,Road,ecom express,1183.27,167.14,10.32,2025-11-10,2025-11-15,2025-11-17,Delayed,3.0,No,No
ORD101995,CUST11626,2025-01-28,Delhi,Delhi,Vijayawada,546.7,Automotive,1,1.26,Air,Ecom Express,4898.56,493.6,9.92,2025-01-31,2025-02-03,2025-02-03,Delivered,4.0,No,No
ORD103340,CUST10480,2025-05-09,Mumbai,Mumbai,Kochi,493.1,Home & Kitchen,4,3.31,Rail,Ecom Express,1646.68,534.01,10.05,2025-05-10,2025-05-17,2025-05-17,Delivered,4.0,No,No
ORD101520,CUST11991,2025-03-06,Pune,Pune,Visakhapatnam,516.2,Automotive,3,2.82,Road,DTDC,2212.05,520.0,11.09,2025-03-09,2025-03-15,2025-03-15,Delivered,5.0,No,No
ORD104394,CUST10188,2025-04-26,Delhi,Delhi,Mumbai,206.7,Clothing,4,3.51,Road,Ecom Express,962.52,202.48,8.65,2025-04-28,2025-05-04,2025-05-05,Delayed,4.0,No,No
ORD102499,CUST12417,2025-01-24,Delhi,Delhi,Ahmedabad,197.9,Beauty,2,6.04,Road,Shadowfax,1018.72,,9.64,2025-01-26,2025-02-01,2025-02-01,Delivered,4.0,No,No
ORD103287,CUST12178,2025-09-23,Mumbai,Mumbai,Kolkata,240.5,Books,7,6.91,Road,xpressbees,1114.57,287.37,11.25,2025-09-25,2025-09-29,2025-09-29,Delivered,4.0,No,No
ORD101048,CUST12577,2025-04-13,Pune,Pune,Bhopal,333.3,Automotive,6,2.31,Road,Ecom Express,1491.54,332.52,8.0,2025-04-16,2025-04-21,2025-04-21,Delivered,4.0,No,No
ORD100129,CUST10751,2025-10-08,Bengaluru,Bengaluru,Surat,565.4,Books,4,14.9,Road,Shadowfax,2543.25,390.34,9.41,2025-10-10,2025-10-16,2025-10-16,Delivered,4.0,No,No
ORD102269,CUST10505,2025-09-16,Pune,Pune,Kochi,412.0,Automotive,4,0.9,Road,Blue Dart,1770.75,306.62,8.1,2025-09-17,2025-09-22,2025-09-22,Delivered,4.0,No,No
ORD102178,CUST12703,2025-04-12,Chennai,Chennai,,379.2,Beauty,2,1.92,Air,Blue Dart,3658.8,326.24,9.8,2025-04-14,2025-04-17,2025-04-17,Delivered,5.0,No,No
ORD101554,CUST10800,2025-01-26,Hyderabad,Hyderabad,Indore,141.6,Sports,7,1.71,Road,Blue Dart,632.05,91.69,5.67,2025-01-27,2025-02-02,2025-02-02,Delivered,5.0,No,No
ORD103501,CUST12485,2025-05-07,Hyderabad,Hyderabad,Bengaluru,547.1,Automotive,4,7.04,Rail,Blue Dart,1918.76,585.42,8.94,2025-05-09,2025-05-17,2025-05-20,Delayed,5.0,Yes,Yes
ORD103940,CUST11785,2025-07-16,Chennai,Chennai,Nagpur,389.7,Home & Kitchen,1,1.98,Road,DTDC,1702.31,311.64,5.55,2025-07-18,2025-07-23,2025-07-27,Delayed,4.0,Yes,Yes
ORD104120,CUST10524,2025-07-13,Mumbai,Mumbai,Jaipur,141.7,Clothing,3,2.29,Road,DTDC,813.67,170.61,9.92,2025-07-16,2025-07-20,2025-07-20,Delivered,4.0,No,No
ORD103484,CUST11637,2025-02-27,Pune,Pune,Visakhapatnam,221.2,Sports,2,8.96,Road,Blue Dart,1145.42,280.62,10.0,2025-03-01,2025-03-05,2025-03-05,Delivered,4.0,No,No
ORD103418,CUST10606,2025-11-29,Delhi,Delhi,Nagpur,303.4,Beauty,3,1.04,Road,Blue Dart,1454.06,190.11,6.73,2025-12-02,2025-12-07,2025-12-14,Delayed,3.0,No,No
ORD101772,CUST10412,2025-05-06,Pune,Pune,Delhi,773.8,Grocery,6,9.29,Rail,Blue Dart,2652.11,751.59,7.04,2025-05-09,2025-05-15,2025-05-15,Delivered,3.0,No,No
ORD100326,CUST12791,2025-11-23,Hyderabad,Hyderabad,Nagpur,271.1,Automotive,2,2.88,Air,Shadowfax,2547.51,231.02,9.53,2025-11-25,2025-11-29,2025-11-29,Delivered,5.0,No,No
ORD102051,CUST11870,2025-09-08,Hyderabad,Hyderabad,Chennai,373.9,Clothing,4,3.32,Road,Delhivery,1706.22,289.7,6.21,2025-09-10,2025-09-13,2025-09-13,Delivered,4.0,No,No
ORD100621,CUST11767,2025-09-05,Mumbai,Mumbai,Delhi,412.4,Automotive,1,4.24,Road,Delhivery,1873.91,398.08,12.04,2025-09-08,2025-09-13,2025-09-13,Delivered,4.0,No,No
ORD102596,CUST10952,2025-04-03,Delhi,Delhi,Hyderabad,266.6,Clothing,1,2.6,Road,DTDC,1154.53,188.82,9.73,2025-04-06,2025-04-10,2025-04-10,Delivered,5.0,No,No
ORD103164,CUST10505,2025-09-07,Mumbai,Mumbai,Hyderabad,259.7,Sports,2,2.32,Road,DTDC,1173.39,277.4,10.29,2025-09-10,2025-09-17,2025-09-17,Delivered,4.0,No,No
ORD103852,CUST11762,2025-07-02,Hyderabad,Hyderabad,Kolkata,660.6,Sports,1,13.62,Rail,Delhivery,2228.02,451.94,8.43,2025-07-04,2025-07-11,2025-07-11,Delivered,5.0,No,No
ORD100128,CUST10573,2025-08-18,Hyderabad,Hyderabad,Surat,261.1,Grocery,5,5.58,Rail,Ecom Express,800.49,325.72,6.53,2025-08-20,2025-08-26,2025-08-26,Delivered,5.0,No,No
ORD101285,CUST11820,2025-11-20,Bengaluru,Bengaluru,Visakhapatnam,297.9,Home & Kitchen,2,6.54,Express,Delhivery,2275.72,236.05,6.89,2025-11-22,2025-11-26,2025-11-26,Delivered,4.0,No,No
ORD102572,CUST10528,2025-02-24,Pune,Pune,Lucknow,609.0,Home & Kitchen,1,0.98,Express,XpressBees,4337.61,519.65,9.52,2025-02-25,2025-02-27,2025-02-27,Delivered,5.0,No,No
ORD100307,CUST10117,2025-06-06,Hyderabad,Hyderabad,Ahmedabad,580.3,Books,6,10.37,Air,Blue Dart,5504.62,422.93,5.39,2025-06-08,2025-06-12,2025-06-12,Delivered,5.0,No,No
ORD102891,CUST10597,2025-02-20,Delhi,Delhi,Nagpur,83.2,Home & Kitchen,5,10.62,Road,XpressBees,531.79,38.73,8.18,2025-02-22,2025-02-27,2025-02-27,Delivered,4.0,No,No
ORD101219,CUST12281,2025-01-02,Chennai,Chennai,Bengaluru,235.9,Automotive,2,9.4,Rail,Ecom Express,910.59,109.99,10.01,2025-01-05,2025-01-11,2025-01-12,Delayed,3.0,No,No
ORD104524,CUST11835,2025-09-26,Pune,Pune,Coimbatore,221.0,Grocery,6,15.43,Rail,Delhivery,971.02,279.82,8.27,2025-09-28,2025-10-03,2025-10-05,Delayed,3.0,No,No
ORD103712,CUST11728,2025-05-23,Chennai,Chennai,Bengaluru,416.8,Clothing,6,6.39,Air,DTDC,4055.49,336.7,5.53,2025-05-24,2025-05-26,2025-05-30,Delayed,4.0,No,No
ORD101977,CUST12563,2025-03-03,Hyderabad,Hyderabad,Bengaluru,544.0,Grocery,7,7.64,Express,Delhivery,4065.01,444.09,3.84,2025-03-05,2025-03-09,2025-03-09,Delivered,4.0,No,No
ORD102465,CUST12496,2025-07-11,Mumbai,Mumbai,Bengaluru,751.6,Home & Kitchen,5,1.65,Express,Ecom Express,5333.77,751.09,10.54,2025-07-14,2025-07-19,2025-07-20,Delayed,4.0,No,No
ORD101281,CUST11479,2025-04-28,chennai,Chennai,Jaipur,467.0,Sports,2,4.9,Road,Delhivery,2088.32,323.76,7.11,2025-04-30,2025-05-05,2025-05-05,Delivered,4.0,No,No
ORD102041,CUST10790,2025-04-17,Mumbai,Mumbai,Nagpur,592.6,Clothing,4,4.52,Air,XpressBees,5403.53,623.35,11.6,2025-04-20,2025-04-26,2025-04-26,Delivered,5.0,No,No
ORD104710,CUST10529,2025-12-03,Delhi,Delhi,Lucknow,378.7,Home & Kitchen,4,1.36,Rail,Blue Dart,1351.58,431.96,10.68,2025-12-06,2025-12-13,2025-12-13,Delivered,4.0,No,No
ORD102254,CUST12700,2025-01-19,Hyderabad,Hyderabad,Ahmedabad,184.6,Automotive,5,7.84,Rail,Ecom Express,759.63,255.01,2.42,2025-01-21,2025-01-26,2025-01-26,Delivered,4.0,No,No
ORD104103,CUST11297,2025-03-06,Pune,Pune,Lucknow,464.9,Electronics,7,7.23,Road,Shadowfax,,289.97,6.74,2025-03-08,2025-03-13,2025-03-15,Delayed,4.0,No,No
ORD103627,CUST10215,2025-05-11,Pune,Pune,Chennai,70.7,Grocery,2,9.59,Road,Ecom Express,526.22,85.23,7.53,2025-05-13,2025-05-19,2025-05-19,Delivered,4.0,No,No
ORD101029,CUST12396,2025-03-02,Hyderabad,Hyderabad,Bengaluru,242.6,Home & Kitchen,2,2.43,Rail,Blue Dart,870.57,183.67,8.44,2025-03-04,2025-03-09,2025-03-09,Delivered,4.0,No,No
ORD102940,CUST12115,2025-06-15,Hyderabad,Hyderabad,Kochi,291.9,Beauty,6,11.17,Road,Delhivery,1473.26,321.19,8.48,2025-06-18,2025-06-24,2025-06-30,Delayed,3.0,No,No
ORD101540,CUST11298,2025-06-20,Pune,Pune,Coimbatore,1003.2,Grocery,1,8.59,Rail,Ecom Express,3289.4,776.0,11.34,2025-06-22,2025-07-01,2025-07-04,Delayed,5.0,No,No
ORD104397,CUST10920,2025-01-17,Bengaluru,Bengaluru,Ahmedabad,72.8,Books,4,3.9,Road,XpressBees,458.81,29.06,7.05,2025-01-19,2025-01-24,2025-01-27,Delayed,3.0,No,No
ORD104789,CUST10884,2025-04-23,Delhi,Delhi,Hyderabad,607.3,Sports,3,8.29,Road,Blue Dart,2727.35,572.62,8.94,2025-04-25,2025-04-30,2025-05-01,Delayed,4.0,No,No
ORD103247,CUST12778,2025-04-14,Pune,Pune,Jaipur,219.9,Beauty,5,17.46,Road,DTDC,1445.87,147.21,8.72,2025-04-16,2025-04-22,2025-04-22,Delivered,4.0,No,No
ORD101004,CUST12156,2025-06-15,Hyderabad,Hyderabad,Bhopal,163.3,Beauty,1,4.63,Rail,Delhivery,536.15,131.92,5.92,2025-06-17,2025-06-23,2025-06-23,Delivered,5.0,No,No
ORD102376,CUST10615,2025-05-30,Mumbai,Mumbai,Jaipur,302.5,Sports,5,5.54,Express,XpressBees,2257.56,337.19,9.23,2025-06-01,2025-06-05,2025-06-05,Delivered,5.0,No,No
ORD101804,CUST12040,2025-11-10,Mumbai,Mumbai,Ahmedabad,153.1,Home & Kitchen,6,4.58,rail,XpressBees,728.11,131.53,9.1,2025-11-12,2025-11-19,2025-11-19,Delivered,5.0,No,No
ORD104696,CUST10879,2025-08-22,Delhi,Delhi,Jaipur,935.3,Sports,7,0.95,Road,Delhivery,4037.35,778.73,7.26,2025-08-23,2025-08-31,2025-08-31,Delivered,4.0,No,No
ORD100648,CUST11080,2025-12-24,Bengaluru,Bengaluru,Visakhapatnam,384.3,Home & Kitchen,2,6.53,Air,XpressBees,3644.76,442.75,5.97,2025-12-26,2025-12-28,2025-12-28,Delivered,4.0,No,No
ORD100640,CUST11326,2025-07-24,Bengaluru,Bengaluru,Indore,240.3,Home & Kitchen,6,6.23,Road,Ecom Express,1224.46,256.35,9.5,2025-07-27,2025-08-01,2025-08-07,Delayed,4.0,No,No
ORD101067,CUST11234,2025-02-07,Mumbai,Mumbai,Delhi,521.1,Electronics,1,2.15,Express,DTDC,3770.22,670.1,7.64,2025-02-09,2025-02-14,2025-02-14,Delivered,5.0,No,No
ORD102388,CUST11719,2025-11-22,Chennai,Chennai,Indore,237.9,Home & Kitchen,7,11.94,Rail,Blue Dart,1064.08,311.27,6.84,2025-11-24,2025-11-30,2025-11-30,Delivered,4.0,No,No
ORD101523,CUST10701,2025-08-08,Pune,Pune,Surat,85.9,Books,4,10.11,Air,Blue Dart,963.25,43.86,7.27,2025-08-10,2025-08-13,2025-08-13,Delivered,4.0,No,Yes
ORD102959,CUST11674,2025-12-25,Delhi,Delhi,Bengaluru,457.3,Automotive,5,0.83,Air,DTDC,4124.37,433.06,9.92,2025-12-27,2025-12-30,2026-01-05,Delayed,3.0,No,No
ORD103855,CUST11124,2025-08-30,Bengaluru,Bengaluru,Chennai,315.1,Clothing,2,14.09,Road,DTDC,1625.0,317.42,10.52,2025-09-02,2025-09-07,2025-09-09,Delayed,3.0,No,No
ORD100392,CUST11349,2025-07-23,Pune,Pune,Jaipur,915.9,Electronics,6,9.27,Rail,DTDC,3187.34,1046.7,9.08,2025-07-25,2025-08-01,2025-08-01,Delivered,5.0,No,No
ORD101037,CUST11706,2025-11-08,Mumbai,Mumbai,Pune,123.7,Sports,2,12.33,Road,DTDC,726.72,112.72,10.73,2025-11-11,2025-11-17,2025-11-18,Delayed,4.0,No,No
ORD100873,CUST10329,2025-08-06,Hyderabad,Hyderabad,Nagpur,479.4,Electronics,1,1.92,Road,Shadowfax,2011.7,350.47,7.66,2025-08-08,2025-08-15,2025-08-15,Delivered,4.0,No,No
ORD102820,CUST12344,2025-04-27,Hyderabad,Hyderabad,Vijayawada,130.0,Home & Kitchen,7,6.36,Road,Shadowfax,633.28,154.92,7.15,2025-04-29,2025-05-02,2025-05-02,Delivered,5.0,No,No
ORD102973,CUST10113,2025-10-19,Bengaluru,Bengaluru,Chennai,560.9,Beauty,3,10.42,Road,XpressBees,2475.96,450.81,8.89,2025-10-21,2025-10-27,2025-10-27,Delivered,4.0,No,No
ORD102454,CUST11220,2025-06-15,Mumbai,Mumbai,Vijayawada,453.4,Electronics,5,3.16,Road,Blue Dart,2074.18,420.65,8.22,2025-06-17,2025-06-23,2025-06-23,Delivered,4.0,No,No
ORD104008,CUST11615,2025-06-30,Bengaluru,Bengaluru,Vijayawada,353.1,Electronics,4,5.3,Road,Blue Dart,1629.54,281.44,10.29,2025-07-02,2025-07-07,2025-07-07,Delivered,,No,No
ORD102995,CUST10149,2025-03-14,Pune,Pune,Jaipur,1080.6,Home & Kitchen,3,10.24,Road,Ecom Express,4655.3,940.44,6.19,2025-03-16,2025-03-23,2025-03-26,Delayed,4.0,No,No
ORD100914,CUST12458,2025-09-09,Hyderabad,Hyderabad,Visakhapatnam,314.7,Sports,2,0.99,Express,XpressBees,2223.09,258.54,5.91,2025-09-12,2025-09-15,2025-09-19,Delayed,4.0,No,No
ORD101365,CUST12672,2025-09-15,Delhi,Delhi,Delhi,177.6,Automotive,4,11.34,Rail,Blue Dart,768.15,98.95,7.43,2025-09-18,2025-09-23,2025-09-23,Delivered,4.0,No,No
ORD104573,CUST10152,2025-01-15,Pune,Pune,Lucknow,373.1,Clothing,5,2.16,Express,DTDC,2686.81,378.75,7.44,2025-01-18,2025-01-21,2025-01-21,Delivered,5.0,No,No
ORD100726,CUST10796,2025-01-21,Chennai,Chennai,Visakhapatnam,306.0,Beauty,6,2.69,Road,Blue Dart,1460.19,369.29,8.4,2025-01-24,2025-01-28,2025-01-28,Delivered,3.0,No,No
ORD102098,CUST10967,2025-09-30,Hyderabad,Hyderabad,Chennai,583.3,Grocery,2,5.04,Rail,Ecom Express,2022.6,682.94,7.49,2025-10-02,2025-10-08,2025-10-08,Delivered,5.0,No,No
ORD101199,CUST11229,2025-07-12,Bengaluru,Bengaluru,Indore,291.7,Books,3,2.73,Road,Ecom Express,1346.89,274.98,8.83,2025-07-14,2025-07-18,2025-07-20,Delayed,3.0,No,No
ORD101151,CUST12767,2025-09-25,Mumbai,Mumbai,Bhopal,571.4,Sports,5,9.2,Rail,DTDC,1995.22,653.3,7.47,2025-09-27,2025-10-04,2025-10-10,Delayed,4.0,No,No
ORD100280,CUST11597,2025-12-24,Mumbai,Mumbai,Pune,424.2,Automotive,7,4.67,Air,Blue Dart,4021.46,289.83,,2025-12-27,2025-12-29,2026-01-01,Delayed,3.0,No,No
ORD103118,CUST10773,2025-03-22,Chennai,Chennai,Ahmedabad,340.2,Home & Kitchen,6,3.46,Road,Ecom Express,1537.39,338.44,7.46,2025-03-24,2025-03-27,2025-03-28,Delayed,3.0,No,No
ORD100824,CUST12761,2025-09-26,Delhi,Delhi,Mumbai,280.6,Beauty,6,1.53,Road,Shadowfax,1245.11,234.76,10.68,2025-09-29,2025-10-05,2025-10-05,Delivered,4.0,No,No
ORD101334,CUST10151,2025-02-17,Delhi,Delhi,Visakhapatnam,126.9,Books,4,0.31,Rail,Ecom Express,430.73,122.43,8.13,2025-02-20,2025-02-26,2025-02-26,Delivered,5.0,No,No
ORD102957,CUST12297,2025-09-26,Delhi,Delhi,,687.3,Grocery,3,4.25,Express,Ecom Express,4888.58,722.99,10.08,2025-09-28,2025-10-02,2025-10-02,Delivered,5.0,No,No
ORD102486,CUST11058,2025-09-01,Delhi,Delhi,Bengaluru,335.0,Sports,7,9.57,Road,Ecom Express,1685.13,380.19,11.11,2025-09-04,2025-09-07,2025-09-10,Delayed,4.0,No,No
ORD100988,CUST11729,2025-05-25,Delhi,Delhi,Hyderabad,458.6,Home & Kitchen,1,21.69,Rail,Delhivery,1846.72,480.89,10.91,2025-05-28,2025-06-06,2025-06-11,Delayed,3.0,No,No
ORD102044,CUST11610,2025-02-09,Hyderabad,Hyderabad,Kochi,209.5,Electronics,3,12.92,Rail,Blue Dart,930.77,209.64,8.63,2025-02-12,2025-02-18,2025-02-18,Delivered,,No,No
ORD100775,CUST10626,2025-07-07,Delhi,Delhi,Vijayawada,464.9,Grocery,3,13.39,Road,Delhivery,2140.06,439.2,9.02,2025-07-09,2025-07-14,2025-07-14,Delivered,3.0,No,No
ORD104354,CUST10905,2025-09-20,Chennai,Chennai,,803.1,Beauty,4,7.01,Rail,DTDC,2721.66,538.97,5.48,2025-09-21,2025-09-28,2025-09-28,Delivered,5.0,No,No
ORD103986,CUST11549,2025-05-05,Chennai,Chennai,Bengaluru,121.7,Automotive,4,9.58,Road,Blue Dart,707.15,152.36,8.19,2025-05-08,2025-05-14,2025-05-14,Delivered,5.0,No,No
ORD102588,CUST11640,2025-03-15,Pune,Pune,Vijayawada,591.7,Grocery,6,5.88,Road,Ecom Express,2537.93,396.24,11.51,2025-03-19,2025-03-25,2025-03-25,Delivered,,No,No
ORD100522,CUST12789,2025-04-22,Delhi,Delhi,Surat,255.2,Sports,6,9.71,Rail,Shadowfax,1012.18,217.74,8.21,2025-04-23,2025-04-30,2025-04-30,Delivered,,No,No
ORD102807,CUST11871,2025-01-26,Chennai,Chennai,Pune,136.0,Beauty,4,1.53,Road,DTDC,632.44,186.48,9.24,2025-01-30,2025-02-04,2025-02-04,Delivered,4.0,No,Yes
ORD101143,CUST11024,2025-07-21,Pune,Pune,Hyderabad,534.1,Clothing,5,2.5,Road,XpressBees,2358.49,490.48,9.33,2025-07-23,2025-07-28,2025-07-28,Delivered,5.0,No,No
ORD104938,CUST12262,2025-07-02,Hyderabad,Hyderabad,Ahmedabad,277.6,Home & Kitchen,6,3.53,Road,Blue Dart,1295.11,290.45,8.47,2025-07-05,2025-07-10,2025-07-10,Delivered,4.0,No,No
ORD103180,CUST11645,2025-10-17,Chennai,Chennai,Visakhapatnam,155.1,Home & Kitchen,3,3.26,Road,Shadowfax,785.59,136.88,5.69,2025-10-19,2025-10-23,2025-10-23,Delivered,5.0,No,No
ORD103531,CUST10745,2025-12-05,Chennai,Chennai,Ahmedabad,264.6,Sports,6,8.3,Road,DTDC,1329.65,283.64,6.22,2025-12-08,2025-12-16,2025-12-21,Delayed,3.0,Yes,No
ORD100528,CUST12758,2025-02-11,Chennai,Chennai,Bengaluru,482.2,Books,6,0.84,Road,Ecom Express,2148.03,619.32,7.44,2025-02-13,2025-02-18,2025-02-18,Delivered,5.0,No,No
ORD101047,CUST10902,2025-02-04,Pune,Pune,Delhi,536.4,Clothing,1,2.94,Express,Delhivery,3800.36,510.91,8.62,2025-02-06,2025-02-10,2025-02-10,Delivered,5.0,No,No
ORD100585,CUST10341,2025-01-02,Hyderabad,Hyderabad,Coimbatore,207.7,Sports,6,1.2,Express,Ecom Express,1431.65,201.56,6.95,2025-01-03,2025-01-08,2025-01-08,Delivered,5.0,No,No
ORD101892,CUST10887,2025-01-04,Bengaluru,Bengaluru,Delhi,475.6,Electronics,4,2.75,Rail,Blue Dart,1549.84,457.22,8.48,2025-01-07,2025-01-13,2025-01-13,Delivered,4.0,No,No
ORD101505,CUST10839,2025-01-04,Mumbai,Mumbai,Ahmedabad,465.0,Grocery,1,8.35,Road,DTDC,2119.46,346.15,6.92,2025-01-06,2025-01-12,2025-01-13,Delayed,4.0,No,No
ORD102850,CUST12567,2025-08-27,Hyderabad,Hyderabad,Bhopal,511.2,Grocery,1,5.57,Air,DTDC,4686.85,345.88,5.42,2025-08-29,2025-08-31,2025-09-02,Delayed,3.0,Yes,No
ORD103588,CUST11289,2025-09-14,Delhi,Delhi,Pune,84.4,Home & Kitchen,4,1.81,Rail,Delhivery,208.79,20.0,5.61,2025-09-16,2025-09-22,2025-09-26,Delayed,4.0,No,No
ORD102227,CUST11643,2025-10-30,Bengaluru,Bengaluru,Chennai,522.7,Grocery,1,4.14,Road,Ecom Express,2301.32,511.94,10.25,2025-11-01,2025-11-07,2025-11-11,Delayed,3.0,No,No
ORD101905,CUST10726,2025-11-12,Bengaluru,Bengaluru,Ahmedabad,85.9,Beauty,1,14.73,Road,Shadowfax,621.64,123.86,7.04,2025-11-14,2025-11-18,2025-11-18,Delivered,5.0,No,No
ORD104036,CUST11588,2025-02-07,Mumbai,Mumbai,Bhopal,773.7,Beauty,4,2.27,road,Blue Dart,3432.61,644.95,9.39,2025-02-09,2025-02-17,2025-02-17,Delivered,5.0,No,No
ORD100500,CUST10233,2025-01-19,Bengaluru,Bengaluru,Coimbatore,327.5,Books,3,5.66,Road,Shadowfax,1533.02,330.63,7.61,2025-01-22,2025-01-29,2025-01-29,Delivered,5.0,No,No
ORD100957,CUST11345,2025-01-06,Pune,Pune,Chennai,423.9,Sports,4,2.26,Road,Blue Dart,1984.51,380.09,9.06,2025-01-08,2025-01-14,2025-01-15,Delayed,3.0,No,No
ORD103578,CUST11515,2025-05-07,Hyderabad,Hyderabad,Jaipur,507.4,Automotive,1,4.82,Express,Shadowfax,3816.34,400.66,6.38,2025-05-08,2025-05-12,2025-05-13,Delayed,3.0,No,No
ORD103566,CUST10493,2025-12-04,Delhi,Delhi,Vijayawada,104.5,Clothing,4,4.22,Express,Blue Dart,858.82,36.07,7.49,2025-12-06,2025-12-09,2025-12-09,Delivered,4.0,No,No
ORD100001,CUST10893,2025-11-03,Hyderabad,Hyderabad,Lucknow,429.9,Beauty,2,14.57,Express,Delhivery,3358.08,321.05,4.46,2025-11-05,2025-11-08,2025-11-08,Delivered,5.0,No,No
ORD102073,CUST11440,2025-09-20,Hyderabad,Hyderabad,Nagpur,243.8,Clothing,5,1.59,Road,DTDC,-100.0,217.32,8.54,2025-09-21,2025-09-25,2025-09-25,Delivered,4.0,No,Yes
ORD103862,CUST10087,2025-05-12,Bengaluru,Bengaluru,Chennai,600.1,Electronics,3,7.42,Road,Blue Dart,2782.25,702.78,6.64,2025-05-14,2025-05-20,2025-05-24,Delayed,3.0,No,No
ORD101471,CUST10821,2025-04-03,Hyderabad,Hyderabad,Surat,128.8,Books,7,6.63,Road,Shadowfax,773.36,82.46,6.9,2025-04-05,2025-04-09,2025-04-10,Delayed,3.0,No,No
ORD104204,CUST11381,2025-08-24,Hyderabad,Hyderabad,Vijayawada,679.6,Automotive,3,1.4,Express,DTDC,4723.43,460.94,4.88,2025-08-25,2025-08-28,2025-08-28,Delivered,4.0,No,No
ORD101086,CUST12489,2025-11-13,Bengaluru,Bengaluru,Coimbatore,634.7,Books,1,3.64,Air,XpressBees,5715.96,661.76,8.47,2025-11-15,2025-11-17,2025-11-17,Delivered,5.0,No,No
ORD103726,CUST12458,2025-03-17,Hyderabad,Hyderabad,Pune,591.5,Beauty,6,2.61,Road,Shadowfax,2596.9,451.75,8.38,2025-03-20,2025-03-27,2025-03-27,Delivered,5.0,No,No
ORD104014,CUST11035,2025-07-24,Delhi,Delhi,Visakhapatnam,405.2,Automotive,2,1.37,Rail,Ecom Express,1342.13,309.64,7.45,2025-07-27,2025-08-02,2025-08-02,Delivered,4.0,No,No
ORD104772,CUST10971,2025-05-10,Bengaluru,Bengaluru,Nagpur,437.6,Grocery,1,15.18,Road,Blue Dart,2107.2,397.39,9.82,2025-05-12,2025-05-17,2025-05-17,Delivered,4.0,No,No
ORD102799,CUST12528,2025-06-19,Delhi,Delhi,Vijayawada,427.7,Grocery,1,2.28,Road,Shadowfax,1725.51,263.59,11.32,2025-06-21,2025-06-26,2025-07-03,Delayed,3.0,No,No
ORD104898,CUST12404,2025-01-11,Mumbai,Mumbai,Ahmedabad,513.4,Books,2,6.31,Air,Ecom Express,4817.18,557.32,10.18,2025-01-14,2025-01-17,2025-01-19,Delayed,4.0,No,No
ORD103474,CUST12561,2025-06-29,Hyderabad,Hyderabad,Chennai,633.7,Electronics,2,4.91,Rail,XpressBees,2154.74,507.42,7.89,2025-07-02,2025-07-07,2025-07-07,Delivered,4.0,No,Yes
ORD104504,CUST11057,2025-02-28,Mumbai,Mumbai,Coimbatore,895.1,Automotive,4,3.12,Air,Delhivery,8093.14,804.23,12.3,2025-03-03,2025-03-08,2025-03-08,Delivered,4.0,No,No
ORD102213,CUST10323,2025-05-16,Hyderabad,Hyderabad,Surat,433.1,Electronics,5,6.23,Road,Shadowfax,1884.8,315.27,6.64,2025-05-18,2025-05-23,2025-05-23,Delivered,4.0,No,No
ORD100160,CUST11968,2025-01-20,Mumbai,Mumbai,Bhopal,936.5,Clothing,4,5.49,Rail,Blue Dart,3162.93,801.75,10.62,2025-01-22,2025-01-28,2025-01-28,Delivered,5.0,No,No
ORD104412,CUST10142,2025-11-02,Hyderabad,Hyderabad,Pune,119.6,Books,6,4.27,Road,Delhivery,687.67,52.09,8.68,2025-11-04,2025-11-10,2025-11-10,Delivered,5.0,No,No
ORD101099,CUST10193,2025-08-15,Chennai,Chennai,Lucknow,136.9,Home & Kitchen,3,11.0,Road,Ecom Express,843.47,127.5,9.3,2025-08-17,2025-08-22,2025-08-22,Delivered,4.0,No,Yes
ORD101359,CUST11030,2025-11-18,Delhi,Delhi,Surat,74.9,Sports,3,1.17,Road,Shadowfax,364.28,43.76,10.4,2025-11-20,2025-11-27,2025-11-27,Delivered,4.0,No,No
ORD101550,CUST11040,2025-06-28,Pune,Pune,Delhi,683.8,Books,5,1.67,Road,Blue Dart,2946.48,623.16,11.45,2025-07-01,2025-07-09,2025-07-09,Delivered,4.0,No,No
ORD104086,CUST12209,2025-01-31,Mumbai,Mumbai,Bengaluru,229.0,Clothing,2,7.45,Road,XpressBees,1191.29,174.59,12.83,2025-02-03,2025-02-08,2025-02-10,Delayed,3.0,No,No
ORD102539,CUST12269,2025-05-08,Chennai,Chennai,Lucknow,474.7,Beauty,6,10.6,Road,ecom express,2175.47,396.65,9.98,2025-05-11,2025-05-16,2025-05-16,Delivered,4.0,No,No
ORD101077,CUST11478,2025-09-29,Bengaluru,Bengaluru,Vijayawada,668.6,Beauty,6,2.3,Road,Delhivery,2883.38,395.13,3.25,2025-09-30,2025-10-06,2025-10-06,Delivered,4.0,No,No
ORD103047,CUST10124,2025-02-10,Delhi,Delhi,Delhi,59.1,Books,2,0.71,Air,Delhivery,474.53,91.71,12.67,2025-02-13,2025-02-14,2025-02-14,Delivered,5.0,No,No
ORD100660,CUST11843,2025-05-20,Chennai,Chennai,Nagpur,385.1,Beauty,2,1.51,Road,XpressBees,1501.12,369.31,10.31,2025-05-23,2025-05-29,2025-05-29,Delivered,4.0,No,No
ORD102165,CUST11933,2025-08-05,Mumbai,Mumbai,Delhi,766.9,Books,5,5.29,Air,Delhivery,6932.88,553.86,8.15,2025-08-07,2025-08-11,2025-08-11,Delivered,4.0,No,No
ORD100841,CUST10629,2025-04-20,Delhi,Delhi,Kochi,711.6,Home & Kitchen,1,6.12,Rail,Blue Dart,2387.39,510.2,7.55,2025-04-21,2025-04-28,2025-04-28,Delivered,5.0,No,No
ORD101030,CUST11844,2025-01-29,Delhi,Delhi,Bengaluru,698.6,Books,2,2.72,Road,Ecom Express,,554.37,7.47,2025-02-01,2025-02-06,2025-02-13,Delayed,3.0,No,No
ORD104742,CUST12681,2025-05-28,Chennai,Chennai,Pune,374.4,Books,2,8.04,road,Shadowfax,1710.47,267.5,8.06,2025-05-30,2025-06-05,2025-06-05,Delivered,4.0,No,No
ORD102229,CUST11014,2025-06-20,Mumbai,Mumbai,Nagpur,100.3,Automotive,1,3.28,Road,Delhivery,323.53,117.56,11.16,2025-06-23,2025-06-28,2025-06-28,Delivered,5.0,No,No
ORD101392,CUST11954,2025-06-26,Hyderabad,Hyderabad,Mumbai,256.7,Grocery,5,4.78,Road,DTDC,1197.34,217.11,6.68,2025-06-28,2025-07-04,2025-07-04,Delivered,4.0,No,No
ORD104149,CUST10973,2025-10-04,Delhi,Delhi,Jaipur,84.1,Automotive,3,11.77,Rail,Shadowfax,484.08,94.22,8.95,2025-10-06,2025-10-11,2025-10-11,Delivered,4.0,No,No
ORD100531,CUST11724,2025-07-08,Hyderabad,Hyderabad,Jaipur,284.4,Electronics,2,6.67,Road,XpressBees,1430.77,274.05,9.0,2025-07-10,2025-07-16,2025-07-16,Delivered,5.0,No,No
ORD102752,CUST12759,2025-07-31,Hyderabad,Hyderabad,Delhi,147.5,Books,6,7.27,Rail,Ecom Express,602.73,117.75,,2025-08-02,2025-08-08,2025-08-08,Delivered,4.0,No,No
ORD100369,CUST11724,2025-10-10,Chennai,Chennai,Pune,170.1,Home & Kitchen,4,8.11,Road,Delhivery,836.96,95.03,7.35,2025-10-13,2025-10-17,2025-10-20,Delayed,5.0,No,No
ORD100811,CUST12136,2025-07-13,Hyderabad,Hyderabad,Surat,501.7,Sports,4,7.02,Road,Ecom Express,2329.7,395.64,7.29,2025-07-15,2025-07-18,2025-07-23,Delayed,4.0,No,No
ORD104148,CUST12303,2025-08-05,Bengaluru,Bengaluru,Hyderabad,107.0,Automotive,7,1.44,Express,Delhivery,794.38,52.94,7.82,2025-08-07,2025-08-10,2025-08-10,Delivered,5.0,No,No
ORD103304,CUST12524,2025-09-06,Pune,Pune,Hyderabad,921.0,Books,1,2.42,Express,DTDC,6605.39,734.91,8.9,2025-09-09,2025-09-15,2025-09-19,Delayed,3.0,No,No
ORD104764,CUST11735,2025-02-25,Chennai,Chennai,Kolkata,312.6,Clothing,7,5.81,Rail,Ecom Express,1110.99,380.17,9.61,2025-02-28,2025-03-06,2025-03-08,Delayed,3.0,No,No
ORD102564,CUST12562,2025-04-17,mumbai,Mumbai,Visakhapatnam,102.7,Beauty,7,4.91,Express,XpressBees,1028.72,106.14,10.32,2025-04-20,2025-04-23,2025-04-23,Delivered,4.0,No,No
ORD104784,CUST12299,2025-07-12,Hyderabad,Hyderabad,Visakhapatnam,322.7,Beauty,3,2.05,Road,Ecom Express,1357.15,247.22,8.53,2025-07-15,2025-07-20,2025-07-21,Delayed,3.0,No,No
ORD100372,CUST12100,2025-09-11,Hyderabad,Hyderabad,Ahmedabad,127.4,Books,3,3.01,Rail,Shadowfax,619.29,123.19,6.36,2025-09-14,2025-09-19,2025-09-20,Delayed,4.0,No,No
ORD102369,CUST12456,2025-08-01,Mumbai,Mumbai,Vijayawada,205.1,Books,1,1.89,Air,XpressBees,2056.4,156.54,9.35,2025-08-04,2025-08-07,2025-08-07,Delivered,5.0,No,No
ORD100868,CUST10157,2025-04-16,Bengaluru,Bengaluru,Indore,228.5,Sports,4,6.78,road,Ecom Express,1147.51,241.33,4.61,2025-04-18,2025-04-22,2025-04-22,Delivered,4.0,No,No
ORD103318,CUST10587,2025-06-02,Pune,Pune,Lucknow,470.3,Automotive,7,8.71,Road,Delhivery,2199.18,494.77,3.24,2025-06-03,2025-06-09,2025-06-09,Delivered,4.0,No,No
ORD103029,CUST10911,2025-10-08,Chennai,Chennai,Jaipur,714.1,Automotive,7,5.56,Road,DTDC,3135.01,643.59,4.15,2025-10-09,2025-10-14,2025-10-17,Delayed,4.0,No,No
ORD102836,CUST12710,2025-12-19,Pune,Pune,Kolkata,649.3,Electronics,3,2.47,Road,DTDC,2770.05,418.82,6.9,2025-12-22,2025-12-27,2025-12-30,Delayed,4.0,No,No
ORD100552,CUST10046,2025-07-02,Hyderabad,Hyderabad,Lucknow,806.6,Sports,2,8.12,Express,Delhivery,5684.23,749.54,7.69,2025-07-05,2025-07-10,2025-07-10,Delivered,5.0,No,No
ORD104976,CUST11534,2025-09-02,Bengaluru,Bengaluru,Surat,873.0,Sports,3,2.43,Road,Shadowfax,3810.06,962.88,9.61,2025-09-05,2025-09-12,2025-09-13,Delayed,3.0,No,Yes
ORD100998,CUST12574,2025-06-11,Bengaluru,Bengaluru,Delhi,578.6,Automotive,2,7.23,Express,XpressBees,4265.9,373.85,,2025-06-13,2025-06-18,2025-06-18,Delivered,4.0,No,No
ORD103739,CUST10556,2025-01-20,Pune,Pune,Kochi,126.1,Automotive,5,2.73,Road,Delhivery,604.99,121.27,7.96,2025-01-22,2025-01-26,2025-01-26,Delivered,4.0,No,No
ORD100177,CUST10938,2025-01-04,Delhi,Delhi,Nagpur,288.5,Beauty,4,2.66,Air,Shadowfax,2672.93,236.72,10.54,2025-01-06,2025-01-08,2025-01-08,Delivered,4.0,No,No
ORD102078,CUST11356,2025-04-08,Mumbai,Mumbai,Ahmedabad,220.8,Books,5,12.84,Road,Shadowfax,1373.24,236.71,11.5,2025-04-10,2025-04-16,2025-04-16,Delivered,5.0,No,No
ORD103759,CUST12161,2025-02-02,Mumbai,Mumbai,Hyderabad,297.4,Sports,1,2.39,Rail,Blue Dart,877.25,240.5,10.2,2025-02-05,2025-02-12,2025-02-14,Delayed,4.0,No,No
ORD103410,CUST11151,2025-02-06,Bengaluru,Bengaluru,Hyderabad,152.3,Home & Kitchen,1,0.93,Express,DTDC,1071.29,182.06,10.73,2025-02-08,2025-02-12,2025-02-12,Delivered,4.0,No,No
ORD102689,CUST11893,2025-03-07,Bengaluru,Bengaluru,Vijayawada,536.9,Electronics,4,4.63,Road,DTDC,2414.72,580.22,8.6,2025-03-09,2025-03-15,2025-03-15,Delivered,4.0,No,No
ORD103440,CUST10861,2025-04-25,Delhi,Delhi,Lucknow,666.0,Electronics,4,2.8,Rail,Delhivery,2312.44,784.0,8.59,2025-04-28,2025-05-05,2025-05-05,Delivered,5.0,No,No
ORD101652,CUST12409,2025-04-14,Bengaluru,Bengaluru,Coimbatore,310.2,Books,6,6.51,Air,Ecom Express,2965.42,261.62,8.97,2025-04-16,2025-04-19,2025-04-19,Delivered,5.0,No,No
ORD104792,CUST10608,2025-01-25,Pune,Pune,Lucknow,239.6,Grocery,6,0.89,Rail,Blue Dart,862.06,222.82,8.0,2025-01-26,2025-02-01,2025-02-01,Delivered,5.0,No,No
ORD102278,CUST11995,2025-10-26,Bengaluru,Bengaluru,,301.5,Grocery,1,5.35,Road,Blue Dart,1346.51,301.3,9.0,2025-10-28,2025-11-02,2025-11-02,Delivered,4.0,No,No
ORD104052,CUST12218,2025-03-21,Chennai,Chennai,Delhi,174.4,Sports,3,12.03,Rail,Ecom Express,908.88,146.6,11.39,2025-03-23,2025-03-29,2025-03-30,Delayed,3.0,No,No
ORD103508,CUST11099,2025-02-03,Hyderabad,Hyderabad,Pune,912.3,Electronics,2,1.16,Rail,XpressBees,3029.06,660.88,7.49,2025-02-06,2025-02-13,2025-02-13,Delivered,5.0,No,No
ORD102391,CUST10655,2025-05-14,Pune,Pune,Bengaluru,660.8,Beauty,6,7.31,Road,Ecom Express,2988.86,574.84,11.64,2025-05-17,2025-05-22,2025-05-22,Delivered,4.0,No,No
ORD102715,CUST10590,2025-05-16,Delhi,Delhi,Kochi,133.4,Home & Kitchen,2,3.0,Express,Ecom Express,1086.95,53.31,9.74,2025-05-18,2025-05-21,2025-05-23,Delayed,3.0,No,No
ORD101914,CUST10460,2025-01-07,Chennai,Chennai,Mumbai,835.5,Home & Kitchen,2,3.82,Road,XpressBees,3508.12,887.65,7.33,2025-01-10,2025-01-15,2025-01-18,Delayed,4.0,No,No
ORD100144,CUST11285,2025-04-11,Chennai,Chennai,Nagpur,497.1,Electronics,2,3.59,Air,Shadowfax,4693.05,421.2,5.35,2025-04-13,2025-04-17,2025-04-17,Delivered,5.0,No,No
ORD102236,CUST10987,2025-11-26,Bengaluru,Bengaluru,Mumbai,151.2,Beauty,6,2.14,Rail,DTDC,670.09,163.42,9.21,2025-11-28,2025-12-04,2025-12-04,Delivered,5.0,No,No
ORD101650,CUST11824,2025-09-15,Bengaluru,Bengaluru,Hyderabad,847.9,Automotive,7,0.29,Road,XpressBees,3724.73,723.52,8.37,2025-09-16,2025-09-21,2025-09-21,Delivered,4.0,No,No
ORD101878,CUST10460,2025-04-17,Bengaluru,Bengaluru,Delhi,326.0,Automotive,4,5.19,Rail,XpressBees,1228.32,174.51,,2025-04-19,2025-04-25,2025-05-01,Delayed,3.0,No,No
ORD104307,CUST10964,2025-02-22,Mumbai,Mumbai,Chennai,390.2,Electronics,3,4.8,Air,Ecom Express,3604.49,364.81,12.62,2025-02-24,2025-02-25,2025-03-03,Delayed,3.0,No,No
ORD104125,CUST11525,2025-04-09,Hyderabad,Hyderabad,Kolkata,293.6,Electronics,1,3.24,Road,Ecom Express,1351.27,265.71,8.61,2025-04-12,2025-04-17,2025-04-17,Delivered,5.0,No,No
ORD100423,CUST12444,2025-05-12,Bengaluru,Bengaluru,Ahmedabad,733.0,Books,2,1.23,Road,XpressBees,3063.05,558.41,6.75,2025-05-15,2025-05-21,2025-05-23,Delayed,4.0,No,No
ORD104706,CUST12130,2025-09-02,Delhi,Delhi,Ahmedabad,228.2,Books,1,9.05,Road,DTDC,1139.78,212.65,7.64,2025-09-04,2025-09-10,2025-09-10,Delivered,5.0,No,No
ORD101855,CUST11124,2025-09-16,Delhi,Delhi,Surat,353.4,Sports,6,2.37,Road,Blue Dart,1663.18,440.09,8.57,2025-09-19,2025-09-24,2025-09-24,Delivered,4.0,No,No
ORD101352,CUST12484,2025-03-26,Bengaluru,Bengaluru,Ahmedabad,185.8,Clothing,2,5.37,Express,Blue Dart,1317.37,177.94,7.06,2025-03-29,2025-04-02,2025-04-02,Delivered,5.0,No,No
ORD102217,CUST12154,2025-05-22,Bengaluru,Bengaluru,Indore,162.1,Electronics,4,1.61,Road,Blue Dart,810.67,136.62,7.69,2025-05-24,2025-05-30,2025-05-30,Delivered,5.0,No,No
ORD100551,CUST11819,2025-01-08,Pune,Pune,Indore,365.9,Electronics,2,6.13,Rail,DTDC,1492.32,454.51,7.26,2025-01-10,2025-01-17,2025-01-18,Delayed,3.0,No,No
ORD104107,CUST11259,2025-10-30,Delhi,Delhi,Mumbai,1061.8,Sports,4,6.4,Air,Delhivery,9740.67,859.68,9.62,2025-11-01,2025-11-05,2025-11-05,Delivered,5.0,No,No
ORD102239,CUST10823,2025-12-16,Hyderabad,Hyderabad,Vijayawada,296.1,Books,3,2.9,Express,Blue Dart,2138.54,254.98,5.59,2025-12-18,2025-12-23,2025-12-23,Delivered,4.0,No,No
ORD102639,CUST10759,2025-10-09,Mumbai,Mumbai,Nagpur,931.5,Grocery,4,9.92,Express,Shadowfax,6802.22,585.69,5.93,2025-10-12,2025-10-16,2025-10-16,Delivered,4.0,No,No
ORD103731,CUST10484,2025-08-26,Pune,Pune,Coimbatore,586.5,Electronics,4,13.8,Road,Ecom Express,2614.36,654.18,8.91,2025-08-28,2025-09-02,2025-09-07,Delayed,3.0,No,No
ORD103293,CUST11496,2025-05-30,Hyderabad,Hyderabad,Bhopal,102.5,Grocery,4,7.54,Rail,Delhivery,445.03,32.73,7.27,2025-06-01,2025-06-07,2025-06-07,Delivered,4.0,No,No
ORD102159,CUST12037,2025-08-08,Hyderabad,Hyderabad,Surat,442.1,Books,2,3.45,Air,Ecom Express,4054.13,346.16,5.58,2025-08-10,2025-08-15,2025-08-15,Delivered,5.0,No,No
ORD103084,CUST10310,2025-11-10,Pune,Pune,Coimbatore,611.9,Clothing,1,2.09,Express,DTDC,4290.87,642.79,5.89,2025-11-11,2025-11-15,2025-11-15,Delivered,5.0,No,No
ORD101242,CUST10424,2025-04-06,Mumbai,Mumbai,Pune,495.9,Beauty,5,2.21,Road,Shadowfax,2160.2,297.05,11.38,2025-04-09,2025-04-13,2025-04-13,Delivered,4.0,No,No
ORD103690,CUST12374,2025-12-06,Hyderabad,Hyderabad,Coimbatore,177.6,Beauty,2,2.85,Rail,DTDC,538.79,236.75,4.26,2025-12-09,2025-12-16,2025-12-16,Delivered,3.0,No,No
ORD104410,CUST11117,2025-04-16,Chennai,Chennai,Indore,434.2,Electronics,7,2.31,Road,Ecom Express,1851.71,293.76,6.87,2025-04-18,2025-04-24,2025-04-24,Delivered,4.0,No,No
ORD102087,CUST10444,2025-11-22,Hyderabad,Hyderabad,Jaipur,342.5,Grocery,2,3.36,Express,Ecom Express,,353.87,8.09,2025-11-23,2025-11-28,2025-11-28,Delivered,4.0,No,No
ORD101431,CUST11682,2025-06-09,Mumbai,Mumbai,Indore,43.8,Automotive,1,1.68,Road,Ecom Express,138.78,20.0,12.99,2025-06-12,2025-06-15,2025-06-15,Delivered,4.0,No,No
ORD102844,CUST10008,2025-07-08,Hyderabad,Hyderabad,Bengaluru,462.7,Clothing,4,4.43,Rail,Ecom Express,1561.43,459.6,6.72,2025-07-10,2025-07-16,2025-07-16,Delivered,4.0,No,No
ORD101524,CUST12785,2025-12-30,Hyderabad,Hyderabad,Nagpur,71.0,Sports,6,13.55,Air,Ecom Express,938.05,20.0,6.79,2026-01-02,2026-01-04,2026-01-04,Delivered,4.0,No,No
ORD104965,CUST10009,2025-03-24,Pune,Pune,Kochi,550.4,Automotive,7,1.08,Road,Shadowfax,2405.63,409.72,5.63,2025-03-26,2025-04-01,2025-04-01,Delivered,5.0,No,No
ORD100222,CUST10808,2025-05-10,Hyderabad,Hyderabad,Delhi,271.7,Home & Kitchen,4,1.87,Road,Ecom Express,1337.31,226.43,3.0,2025-05-12,2025-05-17,2025-05-17,Delivered,5.0,No,No
ORD102913,CUST10291,2025-10-06,Bengaluru,Bengaluru,Nagpur,224.4,Books,1,15.35,Rail,Ecom Express,977.2,216.17,9.23,2025-10-08,2025-10-15,2025-10-15,Delivered,4.0,No,No
ORD103969,CUST12541,2025-04-08,Bengaluru,Bengaluru,Kochi,415.8,Electronics,6,3.09,Road,XpressBees,1960.81,380.25,8.96,2025-04-11,2025-04-17,2025-04-17,Delivered,3.0,No,No
ORD100731,CUST12461,2025-10-17,Hyderabad,Hyderabad,Chennai,377.0,Beauty,3,1.33,Air,Shadowfax,3495.18,,7.17,2025-10-20,2025-10-23,2025-10-23,Delivered,4.0,No,No
ORD104923,CUST11211,2025-02-06,Bengaluru,Bengaluru,Indore,143.4,Automotive,1,0.64,Road,Shadowfax,763.19,115.21,9.39,2025-02-08,2025-02-13,2025-02-17,Delayed,4.0,No,No
ORD101970,CUST11501,2025-04-01,Mumbai,Mumbai,Visakhapatnam,446.4,Books,5,1.22,Road,Shadowfax,2099.25,439.47,11.16,2025-04-03,2025-04-08,2025-04-08,Delivered,4.0,No,No
ORD103587,CUST10875,2025-09-19,Mumbai,Mumbai,Visakhapatnam,142.2,Clothing,2,1.82,Rail,DTDC,482.72,113.93,9.3,2025-09-22,2025-09-28,2025-10-03,Delayed,4.0,No,No
ORD104147,CUST11092,2025-05-21,Chennai,Chennai,Kolkata,324.0,Home & Kitchen,1,9.2,Rail,Shadowfax,1162.83,312.44,9.65,2025-05-23,2025-05-29,2025-06-04,Delayed,4.0,No,No
ORD103666,CUST10376,2025-01-03,Mumbai,Mumbai,Hyderabad,712.9,Electronics,3,0.44,Rail,Delhivery,2312.66,519.63,11.38,2025-01-05,2025-01-13,2025-01-13,Delivered,5.0,No,No
ORD100590,CUST10966,2025-01-25,Bengaluru,Bengaluru,Surat,319.6,Books,7,1.75,Road,Ecom Express,1393.99,283.1,8.8,2025-01-27,2025-02-02,2025-02-06,Delayed,3.0,No,No
ORD104281,CUST10170,2025-11-03,Hyderabad,Hyderabad,Coimbatore,402.0,Home & Kitchen,1,4.96,Air,DTDC,3732.75,402.15,10.64,2025-11-06,2025-11-08,2025-11-11,Delayed,4.0,No,No
ORD100438,CUST10817,2025-06-20,Pune,Pune,Coimbatore,301.3,Clothing,4,2.96,Road,Delhivery,1355.36,424.71,12.11,2025-06-23,2025-06-28,2025-07-01,Delayed,3.0,No,No
ORD100069,CUST12477,2025-02-02,Hyderabad,Hyderabad,,655.7,Electronics,7,3.68,Rail,Shadowfax,2129.76,462.9,8.87,2025-02-05,2025-02-13,2025-02-13,Delivered,4.0,No,No
ORD104262,CUST11524,2025-12-28,Delhi,Delhi,Visakhapatnam,532.1,Clothing,7,0.85,Air,Ecom Express,4961.54,470.63,8.69,2025-12-30,2026-01-02,2026-01-04,Delayed,3.0,No,No
ORD103672,CUST12252,2025-09-26,Hyderabad,Hyderabad,Nagpur,119.0,Sports,2,2.72,Road,Blue Dart,513.89,91.21,6.9,2025-09-28,2025-10-03,2025-10-03,Delivered,5.0,No,No
ORD101007,CUST12662,2025-03-24,Mumbai,Mumbai,Bhopal,343.0,Clothing,5,1.96,Road,XpressBees,1507.82,329.64,10.54,2025-03-27,2025-04-02,2025-04-03,Delayed,4.0,No,No
ORD104467,CUST10014,2025-05-11,Chennai,Chennai,Indore,260.0,Home & Kitchen,5,13.13,Express,XpressBees,2071.28,270.56,11.5,2025-05-14,2025-05-17,2025-05-17,Delivered,4.0,No,No
ORD103763,CUST10771,2025-11-28,Mumbai,Mumbai,Pune,555.8,Grocery,4,2.47,Road,DTDC,2395.11,407.19,9.53,2025-12-01,2025-12-06,2025-12-10,Delayed,4.0,No,No
ORD102230,CUST11179,2025-05-05,Bengaluru,Bengaluru,Chennai,120.1,Automotive,4,5.99,Road,XpressBees,598.5,86.81,9.46,2025-05-08,2025-05-11,2025-05-15,Delayed,3.0,No,No
ORD101066,CUST10032,2025-09-19,Pune,Pune,Visakhapatnam,420.9,Electronics,3,3.98,Air,Blue Dart,3903.36,440.32,7.81,2025-09-21,2025-09-24,2025-09-24,Delivered,4.0,No,No
ORD100546,CUST10561,2025-08-23,Hyderabad,Hyderabad,Chennai,602.6,Sports,5,2.41,Road,Shadowfax,2573.22,589.82,2.22,2025-08-24,2025-08-29,2025-08-29,Delivered,4.0,No,No
ORD104388,CUST12153,2025-04-18,Pune,Pune,Indore,134.6,Sports,2,3.64,Air,DTDC,1416.27,74.92,8.66,2025-04-20,2025-04-21,2025-04-21,Delivered,4.0,No,No
ORD100792,CUST12591,2025-02-24,Hyderabad,Hyderabad,Vijayawada,189.1,Grocery,2,14.85,Air,Shadowfax,1980.9,118.83,3.85,2025-02-26,2025-03-01,2025-03-01,Delivered,4.0,No,No
ORD102828,CUST10825,2025-10-14,Delhi,Delhi,Indore,478.6,Home & Kitchen,3,1.04,Road,Blue Dart,2164.26,539.88,12.79,2025-10-16,2025-10-20,2025-10-20,Delivered,4.0,No,No
ORD104321,CUST10282,2025-05-31,Bengaluru,Bengaluru,Coimbatore,147.1,Home & Kitchen,3,9.4,Road,XpressBees,802.21,,7.84,2025-06-01,2025-06-05,2025-06-09,Delayed,4.0,No,No
ORD100499,CUST12030,2025-07-26,Hyderabad,Hyderabad,Bhopal,591.6,Grocery,5,10.16,Express,Blue Dart,4255.07,595.79,8.81,2025-07-28,2025-07-31,2025-07-31,Delivered,3.0,No,No
ORD101312,CUST11109,2025-10-15,Hyderabad,Hyderabad,Surat,215.8,Electronics,2,8.42,Road,Ecom Express,1092.66,232.85,6.84,2025-10-17,2025-10-23,2025-10-25,Delayed,4.0,No,No
ORD102632,CUST12363,2025-05-10,Bengaluru,Bengaluru,Lucknow,382.2,Beauty,3,1.01,Air,Shadowfax,3504.1,351.02,11.15,2025-05-12,2025-05-15,2025-05-15,Delivered,4.0,No,No
ORD103416,CUST12681,2025-09-14,Mumbai,Mumbai,Kolkata,194.8,Clothing,5,2.44,Air,Ecom Express,1888.39,191.93,4.32,2025-09-15,2025-09-16,2025-09-16,Delivered,5.0,No,Yes
ORD102279,CUST12445,2025-12-13,Hyderabad,Hyderabad,Delhi,550.9,Sports,5,2.42,Road,Ecom Express,2313.3,478.86,5.09,2025-12-15,2025-12-21,2025-12-21,Delivered,5.0,No,No
ORD104826,CUST10482,2025-10-31,Hyderabad,Hyderabad,Visakhapatnam,217.8,Home & Kitchen,4,2.31,Rail,Delhivery,739.24,246.54,4.77,2025-11-02,2025-11-08,2025-11-08,Delivered,5.0,No,No
ORD100207,CUST11033,2025-12-28,Hyderabad,Hyderabad,Kochi,411.4,Grocery,6,12.27,Road,DTDC,2025.6,467.13,9.2,2025-12-30,2026-01-05,2026-01-12,Delayed,3.0,No,No
ORD102675,CUST10005,2025-05-24,Hyderabad,Hyderabad,Chennai,594.2,Beauty,1,3.78,Express,Blue Dart,4208.95,510.23,6.89,2025-05-27,2025-05-31,2025-05-31,Delivered,4.0,No,No
ORD102125,CUST10960,2025-02-24,Bengaluru,Bengaluru,Jaipur,375.3,Clothing,3,7.85,Express,DTDC,2767.19,283.47,5.03,2025-02-27,2025-03-04,2025-03-04,Delivered,4.0,No,No
ORD103156,CUST11355,2025-10-26,Bengaluru,Bengaluru,Hyderabad,569.0,Sports,5,11.13,Rail,Delhivery,2057.7,402.12,7.8,2025-10-28,2025-11-04,2025-11-10,Delayed,4.0,No,No
ORD100556,CUST11350,2025-02-07,Delhi,Delhi,Kolkata,60.8,Home & Kitchen,7,6.35,Rail,Ecom Express,487.77,124.36,10.09,2025-02-09,2025-02-16,2025-02-16,Delivered,5.0,No,No
ORD102949,CUST11299,2025-04-10,Bengaluru,Bengaluru,Ahmedabad,278.4,Home & Kitchen,7,1.29,Rail,XpressBees,859.97,217.86,8.8,2025-04-12,2025-04-17,2025-04-17,Delivered,5.0,No,No
ORD103740,CUST10443,2025-09-13,Mumbai,Mumbai,Bhopal,532.0,Home & Kitchen,2,6.01,Air,Blue Dart,5012.34,615.09,9.75,2025-09-15,2025-09-19,2025-09-24,Delayed,4.0,No,No
ORD104791,CUST12581,2025-02-22,Mumbai,Mumbai,Bhopal,225.6,Sports,3,13.48,Rail,Ecom Express,1051.29,218.21,11.47,2025-02-25,2025-03-04,2025-03-04,Delivered,5.0,No,No
ORD102747,CUST10168,2025-08-18,Chennai,Chennai,Jaipur,220.9,Automotive,3,1.2,Road,DTDC,989.7,192.76,5.96,2025-08-19,2025-08-24,2025-08-24,Delivered,5.0,No,No
ORD100264,CUST10114,2025-06-27,Chennai,Chennai,Coimbatore,535.9,Electronics,2,8.32,Road,Delhivery,2414.55,547.24,7.63,2025-06-29,2025-07-05,2025-07-05,Delivered,4.0,No,No
ORD103396,CUST12116,2025-04-11,Chennai,Chennai,Vijayawada,406.2,Home & Kitchen,1,9.18,Road,Delhivery,1874.3,448.95,7.65,2025-04-14,2025-04-20,2025-04-20,Delivered,4.0,No,No
ORD102778,CUST12646,2025-04-04,Delhi,Delhi,Mumbai,164.9,Grocery,5,12.01,Express,XpressBees,1443.82,168.54,10.43,2025-04-06,2025-04-09,2025-04-09,Delivered,4.0,No,No
ORD104541,CUST12583,2025-05-14,Chennai,Chennai,Mumbai,378.7,Books,3,6.62,Road,XpressBees,1780.85,260.99,7.73,2025-05-17,2025-05-22,2025-05-22,Delivered,5.0,No,No
ORD101906,CUST12576,2025-02-10,Bengaluru,Bengaluru,Bhopal,827.3,Electronics,5,17.22,Road,Delhivery,3949.85,689.15,8.84,2025-02-13,2025-02-21,2025-02-21,Delivered,5.0,No,No
ORD104047,CUST11627,2025-05-02,Hyderabad,Hyderabad,Delhi,418.5,Automotive,5,6.04,Road,Shadowfax,1812.67,379.67,6.99,2025-05-05,2025-05-10,2025-05-10,Delivered,5.0,No,No
ORD103065,CUST12080,2025-06-25,Pune,Pune,Jaipur,299.9,Books,6,11.32,Air,Shadowfax,2880.03,236.05,10.1,2025-06-28,2025-06-30,2025-06-30,Delivered,3.0,No,No
ORD103700,CUST10987,2025-11-18,Bengaluru,Bengaluru,Indore,442.7,Home & Kitchen,3,2.25,Air,XpressBees,3958.74,428.92,8.4,2025-11-21,2025-11-23,2025-11-23,Delivered,5.0,No,No
ORD103003,CUST10727,2025-08-19,Hyderabad,Hyderabad,Indore,758.7,Beauty,5,9.53,Road,Ecom Express,3348.47,557.48,6.21,2025-08-22,2025-08-27,2025-08-27,Delivered,3.0,No,No
ORD100421,CUST10891,2025-11-02,Hyderabad,Hyderabad,Kolkata,527.6,Electronics,6,5.69,Road,Blue Dart,2363.82,413.49,6.11,2025-11-05,2025-11-11,2025-11-13,Delayed,4.0,No,No
ORD102783,CUST10670,2025-11-05,Bengaluru,Bengaluru,Jaipur,663.2,Beauty,4,8.77,Road,Delhivery,3117.88,424.07,7.65,2025-11-06,2025-11-13,2025-11-13,Delivered,4.0,Yes,No
ORD102326,CUST11948,2025-11-15,Pune,Pune,Jaipur,1292.3,Grocery,6,6.19,Express,Shadowfax,9151.66,1015.63,10.41,2025-11-17,2025-11-22,2025-11-22,Delivered,5.0,No,No
ORD100934,CUST10217,2025-06-08,Bengaluru,Bengaluru,Ahmedabad,132.1,Books,2,10.37,Road,Shadowfax,781.4,132.02,4.11,2025-06-11,2025-06-16,2025-06-16,Delivered,4.0,No,No
ORD101517,CUST12025,2025-01-08,Mumbai,Mumbai,Surat,77.0,Grocery,4,8.18,Express,XpressBees,730.61,51.18,10.52,2025-01-10,2025-01-12,2025-01-12,Delivered,4.0,No,No
ORD104636,CUST10550,2025-03-17,Pune,Pune,Vijayawada,117.4,Automotive,4,4.24,Rail,Ecom Express,572.68,78.63,4.36,2025-03-18,2025-03-25,2025-03-25,Delivered,4.0,No,No
ORD100899,CUST10659,2025-12-01,Hyderabad,Hyderabad,Mumbai,650.2,Clothing,6,2.11,Road,DTDC,2854.52,430.48,3.32,2025-12-03,2025-12-09,2025-12-11,Delayed,4.0,No,No
ORD103793,CUST11205,2025-10-24,Pune,Pune,Ahmedabad,350.7,Sports,6,6.54,Road,Shadowfax,1696.51,286.97,8.32,2025-10-26,2025-11-01,2025-11-01,Delivered,4.0,No,No
ORD101147,CUST12010,2025-08-03,Bengaluru,Bengaluru,Ahmedabad,667.7,Grocery,2,4.98,Road,Shadowfax,2814.73,576.73,10.69,2025-08-05,2025-08-11,2025-08-11,Delivered,5.0,No,No
ORD100201,CUST11552,2025-06-18,Delhi,Delhi,Indore,603.0,Books,3,1.59,Air,Shadowfax,5478.35,512.67,12.98,2025-06-21,2025-06-23,2025-06-23,Delivered,4.0,No,No
ORD104824,CUST10819,2025-02-23,Bengaluru,Bengaluru,Coimbatore,363.7,Automotive,3,5.66,Air,Ecom Express,3482.49,281.23,11.08,2025-02-25,2025-02-28,2025-02-28,Delivered,4.0,No,No
ORD101564,CUST12516,2025-01-26,Delhi,Delhi,Kolkata,397.3,Books,2,2.25,Rail,Ecom Express,1333.85,296.88,9.57,2025-01-29,2025-02-03,2025-02-03,Delivered,5.0,No,No
ORD102527,CUST11236,2025-02-09,Pune,Pune,Lucknow,428.2,Grocery,1,9.57,Road,Shadowfax,1938.96,414.1,9.0,2025-02-11,2025-02-16,2025-02-16,Delivered,5.0,No,No
ORD102243,CUST10552,2025-04-27,Hyderabad,Hyderabad,Coimbatore,576.0,Books,7,2.39,Air,XpressBees,5308.58,385.24,9.94,2025-04-30,2025-05-03,2025-05-03,Delivered,4.0,No,No
ORD103229,CUST11945,2025-05-02,Bengaluru,Bengaluru,Kolkata,333.6,Books,1,11.15,Express,Blue Dart,2516.91,287.86,8.63,2025-05-04,2025-05-08,2025-05-08,Delivered,5.0,No,No
ORD102788,CUST12505,2025-02-22,Bengaluru,Bengaluru,Kochi,283.7,Beauty,2,0.88,Road,Delhivery,1169.66,172.04,9.26,2025-02-24,2025-03-01,2025-03-01,Delivered,4.0,No,No
ORD103978,CUST10193,2025-07-30,Chennai,Chennai,Lucknow,835.3,books,1,3.54,Road,DTDC,3700.08,566.82,3.99,2025-07-31,2025-08-07,2025-08-10,Delayed,4.0,No,No
ORD101319,CUST11345,2025-08-16,Chennai,Chennai,Mumbai,362.2,Home & Kitchen,7,1.43,Road,Delhivery,1585.41,256.97,6.74,2025-08-18,2025-08-23,2025-08-23,Delivered,3.0,No,No
ORD102069,CUST12688,2025-09-20,Delhi,Delhi,Kolkata,1014.8,Beauty,4,3.85,Road,XpressBees,4389.62,909.17,11.99,2025-09-23,2025-09-29,2025-09-30,Delayed,3.0,No,No
ORD101468,CUST10163,2025-03-25,Delhi,Delhi,Chennai,498.1,Home & Kitchen,5,4.6,Road,Blue Dart,2156.62,603.35,7.31,2025-03-27,2025-04-01,2025-04-01,Delivered,5.0,No,No
ORD102084,CUST10490,2025-01-11,Mumbai,Mumbai,Ahmedabad,534.6,Beauty,5,4.6,Road,Ecom Express,2255.96,502.35,11.68,2025-01-13,2025-01-19,2025-01-19,Delivered,5.0,No,No
ORD102334,CUST10426,2025-08-12,Mumbai,Mumbai,Surat,55.8,Sports,5,4.51,Express,Delhivery,566.49,24.85,10.49,2025-08-15,2025-08-19,2025-08-19,Delivered,5.0,No,No
ORD101729,CUST12550,2025-03-30,Hyderabad,Hyderabad,Jaipur,75.6,Clothing,5,3.3,Rail,Shadowfax,335.63,51.35,9.84,2025-04-02,2025-04-08,2025-04-11,Delayed,3.0,No,No
ORD104848,CUST11600,2025-01-20,Delhi,Delhi,Hyderabad,957.4,Sports,3,3.78,Rail,blue dart,3154.63,1046.27,9.23,2025-01-23,2025-01-29,2025-02-05,Delayed,4.0,No,No
ORD104712,CUST11569,2025-01-18,Delhi,Delhi,Bhopal,554.8,Electronics,5,1.17,Road,Delhivery,2349.38,622.79,11.91,2025-01-21,2025-01-26,2025-01-26,Delivered,4.0,No,No
ORD100418,CUST10921,2025-02-06,Hyderabad,Hyderabad,,599.6,Sports,4,1.64,Air,XpressBees,5366.78,733.74,2.67,2025-02-08,2025-02-13,2025-02-13,Delivered,5.0,No,No
ORD100310,CUST10556,2025-04-25,Mumbai,Mumbai,Nagpur,78.9,Clothing,2,1.37,Rail,Ecom Express,259.74,107.67,9.44,2025-04-27,2025-05-04,2025-05-04,Delivered,4.0,No,No
ORD102634,CUST10598,2025-04-29,Delhi,Delhi,Lucknow,364.8,Beauty,7,1.93,Road,DTDC,1724.6,262.44,7.95,2025-05-02,2025-05-09,2025-05-09,Delivered,3.0,No,No
ORD103139,CUST10984,2025-04-17,Bengaluru,Bengaluru,Kolkata,244.0,Electronics,1,4.08,Air,Delhivery,2293.99,274.09,5.99,2025-04-18,2025-04-22,2025-04-22,Delivered,4.0,No,No
ORD101062,CUST12532,2025-10-07,Bengaluru,Bengaluru,Kolkata,278.7,Automotive,4,3.03,Road,Delhivery,1273.47,246.04,9.11,2025-10-10,2025-10-14,2025-10-14,Delivered,4.0,No,No
ORD100322,CUST11804,2025-12-25,Chennai,Chennai,Kochi,502.2,Automotive,7,2.31,Road,Shadowfax,2230.18,502.84,4.6,2025-12-27,2026-01-01,2026-01-01,Delivered,4.0,No,No
ORD103927,CUST12403,2025-06-13,Bengaluru,Bengaluru,Visakhapatnam,344.7,Clothing,1,0.65,Rail,Ecom Express,1286.48,195.69,7.09,2025-06-16,2025-06-23,2025-06-23,Delivered,5.0,No,No
ORD102904,CUST10758,2025-03-12,Bengaluru,Bengaluru,Vijayawada,105.2,automotive,1,1.03,Express,Delhivery,763.67,49.71,11.51,2025-03-15,2025-03-18,2025-03-18,Delivered,4.0,No,No
ORD104379,CUST12070,2025-10-10,Pune,Pune,Nagpur,477.8,Electronics,3,13.34,Road,Delhivery,2262.48,549.7,8.5,2025-10-14,2025-10-20,2025-10-20,Delivered,4.0,No,No
ORD101039,CUST11127,2025-09-29,Delhi,Delhi,Pune,219.1,Beauty,6,2.9,Express,XpressBees,1620.98,151.63,8.18,2025-10-01,2025-10-05,2025-10-05,Delivered,3.0,No,No
ORD102909,CUST12591,2025-03-05,Hyderabad,Hyderabad,Delhi,248.6,Sports,7,1.84,Express,Blue Dart,1964.24,196.3,,2025-03-06,2025-03-10,2025-03-10,Delivered,5.0,No,No
ORD102549,CUST10370,2025-11-17,hyderabad,Hyderabad,Chennai,988.1,Sports,7,2.06,Road,Shadowfax,,717.56,6.86,2025-11-19,2025-11-28,2025-11-28,Delivered,4.0,No,No
ORD103391,CUST11415,2025-07-16,Delhi,Delhi,Jaipur,563.8,Automotive,3,5.1,Express,Delhivery,4094.3,552.23,7.47,2025-07-18,2025-07-22,2025-07-22,Delivered,4.0,No,No
ORD103745,CUST11694,2025-12-23,Hyderabad,Hyderabad,Kochi,516.6,Books,7,4.38,Road,Blue Dart,2246.08,337.86,8.2,2025-12-26,2026-01-01,2026-01-01,Delivered,5.0,No,No
ORD101339,CUST10677,2025-12-15,Mumbai,Mumbai,Ahmedabad,241.7,Automotive,6,4.2,Road,Blue Dart,1003.28,166.66,5.14,2025-12-17,2025-12-22,2025-12-22,Delivered,4.0,No,No
ORD102986,CUST11822,2025-11-07,Bengaluru,Bengaluru,Vijayawada,164.8,Home & Kitchen,7,1.79,Road,Shadowfax,831.51,115.84,8.56,2025-11-09,2025-11-11,2025-11-14,Delayed,3.0,No,No
ORD100071,CUST10411,2025-02-20,Bengaluru,Bengaluru,Delhi,354.2,Clothing,5,4.3,Express,Delhivery,2571.03,315.19,7.73,2025-02-22,2025-02-26,2025-02-26,Delivered,4.0,No,No
ORD101489,CUST12022,2025-01-28,Bengaluru,Bengaluru,Lucknow,818.6,Home & Kitchen,3,6.13,Road,Blue Dart,3608.33,664.1,2.24,2025-01-30,2025-02-07,2025-02-07,Delivered,4.0,No,No
ORD104709,CUST12591,2025-09-29,Chennai,Chennai,Bengaluru,308.1,Books,2,2.79,Air,Blue Dart,2894.33,326.77,3.77,2025-10-02,2025-10-05,2025-10-05,Delivered,4.0,No,No
ORD102057,CUST10663,2025-08-12,Chennai,Chennai,Bhopal,190.6,Electronics,7,3.69,Rail,XpressBees,773.67,164.95,6.44,2025-08-14,2025-08-19,2025-08-19,Delivered,4.0,No,No
ORD102409,CUST10797,2025-05-09,Mumbai,Mumbai,Jaipur,710.7,Sports,7,1.83,Road,XpressBees,3139.55,612.32,6.34,2025-05-11,2025-05-17,2025-05-17,Delivered,4.0,No,No
ORD103936,CUST10417,2025-03-10,Mumbai,Mumbai,Bengaluru,411.8,Clothing,7,7.91,Road,Blue Dart,1885.29,239.48,10.9,2025-03-12,2025-03-17,2025-03-17,Delivered,4.0,No,No
ORD100223,CUST11435,2025-02-26,Hyderabad,Hyderabad,Chennai,473.7,Sports,4,8.23,Rail,Ecom Express,1700.68,481.04,9.64,2025-02-28,2025-03-08,2025-03-08,Delivered,5.0,No,No
ORD102489,CUST10603,2025-12-25,Delhi,Delhi,Hyderabad,333.2,Sports,7,9.58,Rail,XpressBees,1322.66,238.57,5.86,2025-12-27,2026-01-02,2026-01-04,Delayed,3.0,Yes,No
ORD104804,CUST12402,2025-08-24,Bengaluru,Bengaluru,Coimbatore,307.4,Home & Kitchen,5,6.81,Rail,DTDC,1208.14,205.47,4.49,2025-08-25,2025-09-02,2025-09-02,Delivered,5.0,No,No
ORD101405,CUST12422,2025-07-22,Mumbai,Mumbai,Pune,760.2,Beauty,5,2.67,Express,Shadowfax,5504.39,843.68,5.06,2025-07-24,2025-07-29,2025-07-29,Delivered,4.0,No,No
ORD100231,CUST11049,2025-08-12,Bengaluru,Bengaluru,Coimbatore,407.8,Sports,4,8.15,Air,Ecom Express,3862.87,330.14,7.5,2025-08-14,2025-08-17,2025-08-18,Delayed,3.0,No,No
ORD104961,CUST12417,2025-09-12,Hyderabad,Hyderabad,Bengaluru,198.7,Clothing,5,2.37,Road,DTDC,901.04,208.42,7.63,2025-09-13,2025-09-17,2025-09-18,Delayed,4.0,No,No
ORD104956,CUST11133,2025-10-28,Bengaluru,Bengaluru,Ahmedabad,158.0,Sports,5,4.34,Road,Delhivery,894.8,215.92,10.59,2025-10-31,2025-11-05,2025-11-05,Delivered,5.0,No,No
ORD101960,CUST11684,2025-09-19,Mumbai,Mumbai,Indore,534.5,Beauty,2,5.98,Road,DTDC,2294.21,463.28,9.08,2025-09-22,2025-09-28,2025-09-28,Delivered,4.0,No,No
ORD101241,CUST10098,2025-04-18,Pune,Pune,Chennai,289.0,Automotive,1,7.11,air,XpressBees,2906.56,298.9,7.83,2025-04-20,2025-04-23,2025-04-23,Delivered,5.0,No,No
ORD102202,CUST11422,2025-05-23,Hyderabad,Hyderabad,Ahmedabad,288.3,Sports,3,13.17,Air,Ecom Express,2899.31,225.36,10.89,2025-05-26,2025-05-30,2025-05-30,Delivered,5.0,No,No
ORD103560,CUST11197,2025-07-27,Delhi,Delhi,Bhopal,274.9,Beauty,1,10.7,Road,Blue Dart,1409.3,165.38,11.8,2025-07-30,2025-08-04,2025-08-04,Delivered,4.0,No,No
ORD102268,CUST10175,2025-08-07,Pune,Pune,Mumbai,1183.1,Home & Kitchen,7,4.47,Road,Blue Dart,5132.41,1237.82,8.65,2025-08-09,2025-08-16,2025-08-16,Delivered,4.0,No,No
ORD103753,CUST12277,2025-12-06,Chennai,Chennai,Vijayawada,782.2,Clothing,4,9.09,Express,Ecom Express,5743.22,673.14,8.87,2025-12-09,2025-12-13,2025-12-13,Delivered,4.0,No,No
ORD104192,CUST10329,2025-07-16,Mumbai,Mumbai,Jaipur,234.5,Automotive,4,1.46,Road,Blue Dart,1062.62,166.34,8.6,2025-07-18,2025-07-24,2025-07-31,Delayed,3.0,No,No
ORD102867,CUST10375,2025-08-05,Mumbai,Mumbai,Pune,635.1,Clothing,3,3.3,Rail,XpressBees,2171.84,697.37,12.54,2025-08-07,2025-08-13,2025-08-17,Delayed,3.0,No,No
ORD101917,CUST10698,2025-05-11,Bengaluru,Bengaluru,Bhopal,608.5,Books,7,6.22,Road,Shadowfax,2663.38,561.93,8.0,2025-05-13,2025-05-19,2025-05-19,Delivered,5.0,No,No
ORD100918,CUST10011,2025-04-27,Bengaluru,Bengaluru,Surat,273.9,Electronics,3,5.38,Road,XpressBees,1370.92,256.67,6.84,2025-04-29,2025-05-04,2025-05-04,Delivered,5.0,No,No
ORD104614,CUST10551,2025-10-02,Pune,Pune,Coimbatore,177.4,Grocery,6,23.19,Road,DTDC,1263.17,94.49,5.57,2025-10-04,2025-10-09,2025-10-09,Delivered,4.0,No,Yes
ORD101703,CUST11148,2025-01-31,Bengaluru,Bengaluru,Lucknow,393.6,Grocery,4,0.55,Road,DTDC,1752.93,360.14,6.16,2025-02-02,2025-02-08,2025-02-10,Delayed,4.0,No,No
ORD101169,CUST12246,2025-03-27,Delhi,Delhi,Nagpur,424.6,Home & Kitchen,7,8.94,Road,XpressBees,1927.34,371.4,9.71,2025-03-30,2025-04-05,2025-04-06,Delayed,,No,No
ORD101695,CUST10220,2025-09-16,Bengaluru,Bengaluru,Pune,497.1,Clothing,4,8.59,Air,Blue Dart,4704.53,453.46,5.53,2025-09-18,2025-09-22,2025-09-22,Delivered,5.0,No,No
ORD104428,CUST12543,2025-04-08,Delhi,Delhi,Kochi,1046.0,Automotive,3,7.51,Road,Blue Dart,4533.81,772.44,7.25,2025-04-10,2025-04-16,2025-04-16,Delivered,5.0,No,Yes
ORD104239,CUST10560,2025-03-07,Pune,Pune,Surat,312.1,Home & Kitchen,1,5.08,Road,Delhivery,1442.47,173.73,11.81,2025-03-10,2025-03-17,2025-03-17,Delivered,5.0,No,No
ORD104932,CUST10003,2025-08-17,Hyderabad,Hyderabad,Kolkata,196.4,Automotive,2,7.85,Road,XpressBees,984.45,205.65,5.77,2025-08-18,2025-08-23,2025-08-24,Delayed,4.0,No,No
ORD104966,CUST12651,2025-11-17,Bengaluru,Bengaluru,Indore,113.6,Books,5,2.82,Road,Shadowfax,599.96,110.06,4.9,2025-11-19,2025-11-24,2025-11-24,Delivered,5.0,No,No
ORD103507,CUST12445,2025-01-01,Hyderabad,Hyderabad,Chennai,385.8,Home & Kitchen,5,6.03,Road,Shadowfax,1921.76,283.77,11.9,2025-01-05,2025-01-10,2025-01-10,Delivered,5.0,No,No
ORD103841,CUST11979,2025-04-12,Bengaluru,Bengaluru,Indore,593.2,Grocery,3,10.33,Express,Shadowfax,4338.48,621.98,7.04,2025-04-14,2025-04-17,2025-04-20,Delayed,4.0,No,No
ORD101447,CUST12664,2025-11-13,Bengaluru,Bengaluru,Kolkata,237.9,Clothing,5,2.42,Road,Blue Dart,1117.02,177.61,9.68,2025-11-15,2025-11-20,2025-11-24,Delayed,3.0,No,No
ORD103638,CUST10566,2025-11-01,Mumbai,Mumbai,Surat,176.0,Electronics,5,5.14,Road,XpressBees,906.02,200.44,10.0,2025-11-04,2025-11-09,2025-11-09,Delivered,5.0,No,No
ORD102939,CUST12437,2025-05-07,Chennai,Chennai,Lucknow,227.2,Electronics,6,3.53,Air,Ecom Express,2207.14,174.81,7.63,2025-05-09,2025-05-12,2025-05-12,Delivered,4.0,No,Yes
ORD104292,CUST10847,2025-08-08,Delhi,Delhi,Jaipur,511.1,Automotive,4,8.02,Rail,XpressBees,1633.1,499.37,10.53,2025-08-11,2025-08-18,2025-08-18,Delivered,5.0,No,No
ORD104998,CUST10215,2025-02-24,Bengaluru,Bengaluru,Visakhapatnam,295.5,grocery,5,7.97,Road,Shadowfax,1410.45,342.18,9.96,2025-02-26,2025-03-03,2025-03-06,Delayed,4.0,No,No
ORD101425,CUST10219,2025-01-22,Hyderabad,Hyderabad,Lucknow,200.3,Sports,7,2.22,Air,Blue Dart,1998.22,244.98,5.29,2025-01-25,2025-01-27,2025-01-27,Delivered,5.0,No,No
ORD100179,CUST11984,2025-07-01,Chennai,Chennai,Bhopal,234.8,Home & Kitchen,3,1.53,Rail,Shadowfax,851.98,153.98,6.93,2025-07-03,2025-07-10,2025-07-10,Delivered,5.0,No,No
ORD103846,CUST12634,2025-04-12,Chennai,Chennai,Ahmedabad,227.9,Electronics,5,1.43,Road,DTDC,988.66,198.99,8.18,2025-04-14,2025-04-18,2025-04-18,Delivered,4.0,No,No
ORD100211,CUST12438,2025-04-02,Mumbai,Mumbai,Lucknow,397.8,Sports,4,0.5,Road,Ecom Express,1796.12,322.67,11.88,2025-04-05,2025-04-11,2025-04-11,Delivered,4.0,No,No
ORD101767,CUST11969,2025-09-28,Bengaluru,Bengaluru,Kolkata,760.7,Beauty,3,9.67,Road,Blue Dart,3513.54,667.36,7.08,2025-09-30,2025-10-06,2025-10-09,Delayed,4.0,No,No
ORD102191,CUST11422,2025-01-30,Mumbai,Mumbai,Nagpur,257.2,Beauty,2,4.98,Rail,Delhivery,1093.76,134.36,6.89,2025-02-02,2025-02-08,2025-02-08,Delivered,4.0,No,No
ORD103408,CUST10850,2025-09-07,Delhi,Delhi,Lucknow,300.7,Clothing,3,5.19,Air,XpressBees,2845.59,350.34,11.15,2025-09-10,2025-09-12,2025-09-12,Delivered,4.0,No,No
ORD104064,CUST12771,2025-07-25,Delhi,Delhi,Bhopal,588.7,Beauty,1,2.32,Air,Shadowfax,5251.23,624.13,10.25,2025-07-27,2025-07-31,2025-07-31,Delivered,5.0,No,Yes
ORD103907,CUST12524,2025-05-02,Hyderabad,Hyderabad,Kolkata,687.7,Books,1,9.13,Rail,DTDC,2399.39,633.04,7.44,2025-05-04,2025-05-12,2025-05-13,Delayed,3.0,No,No
ORD101747,CUST10004,2025-02-26,Mumbai,Mumbai,Vijayawada,155.2,Sports,6,11.63,Express,DTDC,1278.91,149.1,8.76,2025-02-28,2025-03-04,2025-03-04,Delivered,4.0,No,No
ORD103278,CUST12145,2025-07-29,Bengaluru,Bengaluru,Hyderabad,189.1,Sports,5,5.79,Air,Shadowfax,1829.17,120.89,12.02,2025-07-31,2025-08-02,2025-08-06,Delayed,3.0,No,No
ORD102616,CUST10530,2025-12-23,Chennai,Chennai,Nagpur,157.0,Automotive,3,3.95,Express,Shadowfax,1318.29,83.93,7.73,2025-12-25,2025-12-29,2025-12-29,Delivered,4.0,No,No
ORD104743,CUST10152,2025-06-14,Hyderabad,Hyderabad,Nagpur,383.3,Beauty,1,9.15,Air,Ecom Express,3637.16,423.71,3.12,2025-06-15,2025-06-16,2025-06-16,Delivered,5.0,No,No
ORD101229,CUST10567,2025-05-11,Bengaluru,Bengaluru,Lucknow,40.9,Beauty,1,2.24,Air,Blue Dart,331.08,92.86,8.72,2025-05-14,2025-05-16,2025-05-22,Delayed,4.0,No,No
ORD103905,CUST12665,2025-12-24,Pune,Pune,Jaipur,445.0,Sports,2,4.84,Road,XpressBees,2002.06,475.18,7.6,2025-12-26,2025-12-31,2025-12-31,Delivered,5.0,No,No
ORD104989,CUST11424,2025-01-25,Delhi,Delhi,Nagpur,325.1,Home & Kitchen,4,3.7,Air,Delhivery,3042.57,361.35,12.14,2025-01-28,2025-01-31,2025-01-31,Delivered,4.0,No,No
ORD100098,CUST11248,2025-05-23,Mumbai,Mumbai,Indore,220.5,Sports,1,4.85,Rail,Delhivery,779.47,196.75,9.73,2025-05-25,2025-05-31,2025-05-31,Delivered,3.0,No,No
ORD103537,CUST10601,2025-01-20,Pune,Pune,Kochi,123.1,Clothing,4,4.83,Express,Blue Dart,991.17,74.91,11.56,2025-01-22,2025-01-26,2025-01-30,Delayed,4.0,No,No
ORD104659,CUST10015,2025-03-17,Delhi,Delhi,Mumbai,421.8,Clothing,6,1.15,Air,Delhivery,3833.31,422.98,10.52,2025-03-20,2025-03-23,2025-03-23,Delivered,5.0,No,No
ORD104517,CUST10396,2025-11-01,Hyderabad,Hyderabad,Hyderabad,1140.8,Automotive,2,2.89,Rail,Shadowfax,3608.91,1307.0,6.37,2025-11-03,2025-11-11,2025-11-16,Delayed,4.0,No,No
ORD103565,CUST10484,2025-05-08,Mumbai,Mumbai,Bengaluru,890.1,Beauty,6,19.11,Rail,Ecom Express,3148.21,611.3,10.31,2025-05-11,2025-05-19,2025-05-24,Delayed,,No,No
ORD101666,CUST10118,2025-09-06,Hyderabad,Hyderabad,Jaipur,318.4,Books,1,1.88,Express,Ecom Express,2273.42,226.83,5.82,2025-09-08,2025-09-12,2025-09-12,Delivered,5.0,No,No
ORD102570,CUST11800,2025-06-02,Bengaluru,Bengaluru,Visakhapatnam,130.9,Beauty,6,2.41,Rail,Delhivery,571.82,102.58,6.52,2025-06-04,2025-06-09,2025-06-12,Delayed,2.0,No,No
ORD101022,CUST12062,2025-08-26,Delhi,Delhi,Kolkata,120.9,Sports,1,1.58,Air,XpressBees,1111.53,126.14,11.69,2025-08-28,2025-08-31,2025-08-31,Delivered,5.0,No,No
ORD101434,CUST11149,2025-01-25,Pune,Pune,Bhopal,928.2,Electronics,4,1.62,Road,DTDC,4006.3,909.42,8.81,2025-01-28,2025-02-05,2025-02-05,Delivered,5.0,No,No
ORD104656,CUST10941,2025-11-29,Delhi,Delhi,Nagpur,509.1,Electronics,2,2.16,Rail,XpressBees,1778.85,490.73,10.82,2025-12-02,2025-12-09,2025-12-09,Delivered,4.0,No,No
ORD100076,CUST12610,2025-09-19,Chennai,Chennai,Jaipur,247.8,Automotive,1,0.62,Road,DTDC,1044.95,236.42,8.79,2025-09-22,2025-09-27,2025-09-27,Delivered,4.0,No,No
ORD102701,CUST12088,2025-11-30,Bengaluru,Bengaluru,Kochi,389.2,Home & Kitchen,6,8.09,Express,Delhivery,2851.2,216.87,8.38,2025-12-03,2025-12-07,2025-12-07,Delivered,4.0,No,No
ORD102942,CUST12238,2025-09-23,Bengaluru,Bengaluru,Kolkata,157.8,Clothing,3,6.74,Road,Delhivery,923.98,98.98,6.14,2025-09-25,2025-09-30,2025-09-30,Delivered,,No,No
ORD100938,CUST11657,2025-04-02,Bengaluru,Bengaluru,Jaipur,180.1,Beauty,1,1.8,Road,Blue Dart,790.51,130.34,5.22,2025-04-04,2025-04-08,2025-04-12,Delayed,3.0,No,No
ORD100817,CUST11387,2025-12-01,Chennai,Chennai,Kolkata,96.2,Home & Kitchen,4,4.37,Express,Shadowfax,763.23,112.54,3.91,2025-12-03,2025-12-06,2025-12-12,Delayed,2.0,No,No
ORD100723,CUST12149,2025-05-06,Delhi,Delhi,Lucknow,164.1,Beauty,4,5.6,Road,Ecom Express,874.18,128.24,9.09,2025-05-08,2025-05-14,2025-05-14,Delivered,4.0,No,No
ORD104651,CUST12545,2025-08-14,Bengaluru,Bengaluru,Vijayawada,437.7,Electronics,6,6.35,Road,Shadowfax,1944.91,479.3,6.5,2025-08-16,2025-08-21,2025-08-21,Delivered,5.0,No,No
ORD100155,CUST12486,2025-06-07,Bengaluru,Bengaluru,Delhi,51.3,Grocery,7,10.58,Express,Ecom Express,607.05,64.87,5.51,2025-06-08,2025-06-10,2025-06-10,Delivered,4.0,No,No
ORD103879,CUST11402,2025-07-31,Mumbai,Mumbai,Vijayawada,413.2,Grocery,3,3.51,Air,Ecom Express,3850.82,347.18,13.37,2025-08-04,2025-08-06,2025-08-06,Delivered,4.0,No,No
ORD104286,CUST11854,2025-04-21,Bengaluru,Bengaluru,Mumbai,951.6,Beauty,4,11.67,Rail,XpressBees,3229.83,1053.98,8.3,2025-04-23,2025-05-01,2025-05-04,Delayed,3.0,No,Yes
ORD104518,CUST10617,2025-09-12,Delhi,Delhi,Surat,150.8,Automotive,2,5.21,Road,Shadowfax,773.63,96.62,9.61,2025-09-14,2025-09-19,2025-09-19,Delivered,5.0,No,No
ORD100267,CUST12114,2025-10-04,Chennai,Chennai,Pune,344.3,Books,7,4.18,Express,Blue Dart,2473.18,202.2,6.36,2025-10-06,2025-10-10,2025-10-10,Delivered,4.0,No,No
ORD101908,CUST12614,2025-01-12,Bengaluru,Bengaluru,Nagpur,710.7,Home & Kitchen,4,2.63,Road,Shadowfax,3147.24,658.03,11.72,2025-01-15,2025-01-21,2025-01-21,Delivered,5.0,No,No
ORD103203,CUST12443,2025-05-24,Pune,Pune,Nagpur,177.8,Automotive,1,1.08,Express,DTDC,1289.62,156.82,12.81,2025-05-26,2025-05-30,2025-05-30,Delivered,3.0,No,No
ORD104832,CUST12395,2025-05-28,Chennai,Chennai,Kolkata,873.5,Sports,3,11.38,Rail,DTDC,3152.34,868.59,6.64,2025-05-30,2025-06-06,2025-06-06,Delivered,4.0,No,No
ORD100037,CUST10713,2025-10-25,Delhi,Delhi,Ahmedabad,350.3,Beauty,1,9.57,Road,Ecom Express,1667.69,304.04,8.61,2025-10-28,2025-11-02,2025-11-02,Delivered,5.0,No,No
ORD101005,CUST11250,2025-09-08,Hyderabad,Hyderabad,Visakhapatnam,95.7,Automotive,5,0.77,Air,DTDC,1004.68,101.9,7.74,2025-09-10,2025-09-11,2025-09-16,Delayed,4.0,No,No
ORD101715,CUST11919,2025-08-23,Pune,Pune,Nagpur,376.7,Home & Kitchen,4,4.16,Road,XpressBees,1806.5,371.57,11.3,2025-08-25,2025-08-31,2025-08-31,Delivered,5.0,No,No
ORD102204,CUST12311,2025-09-16,Bengaluru,Bengaluru,Hyderabad,275.1,Sports,5,17.5,Rail,XpressBees,1214.38,197.04,10.89,2025-09-18,2025-09-24,2025-09-24,Delivered,4.0,No,No
ORD100901,CUST12787,2025-01-06,Delhi,Delhi,Vijayawada,210.5,Home & Kitchen,7,4.87,Road,Blue Dart,1061.26,165.88,11.63,2025-01-09,2025-01-13,2025-01-13,Delivered,5.0,No,No
ORD100079,CUST10500,2025-12-07,Delhi,Delhi,Coimbatore,719.9,Home & Kitchen,5,3.35,Road,XpressBees,3219.01,771.52,8.9,2025-12-09,2025-12-15,2025-12-15,Delivered,5.0,No,No
ORD101240,CUST11229,2025-11-02,Hyderabad,Hyderabad,Delhi,345.4,Automotive,2,2.49,Express,Shadowfax,2526.16,282.04,8.96,2025-11-04,2025-11-08,2025-11-08,Delivered,4.0,No,No
ORD101881,CUST11455,2025-03-21,Hyderabad,Hyderabad,Chennai,126.9,Automotive,3,5.76,Air,DTDC,1154.07,138.73,6.67,2025-03-23,2025-03-26,2025-03-28,Delayed,4.0,Yes,Yes
ORD102423,CUST10955,2025-03-06,Hyderabad,Hyderabad,Lucknow,41.1,Clothing,6,6.64,Road,Shadowfax,378.12,20.0,8.18,2025-03-08,2025-03-11,2025-03-11,Delivered,4.0,No,No
ORD100403,CUST10486,2025-08-25,Hyderabad,Hyderabad,Bengaluru,243.8,Electronics,5,4.7,Road,Delhivery,1214.42,257.18,9.02,2025-08-27,2025-09-02,2025-09-05,Delayed,3.0,Yes,No
ORD102245,CUST10827,2025-01-18,Bengaluru,Bengaluru,Delhi,297.3,Books,6,3.54,Road,Ecom Express,1424.61,229.35,,2025-01-20,2025-01-26,2025-01-29,Delayed,5.0,No,No
ORD104485,CUST10031,2025-05-17,Hyderabad,Hyderabad,Bhopal,206.6,Clothing,2,4.64,Air,DTDC,1875.92,147.83,9.63,2025-05-19,2025-05-22,2025-05-22,Delivered,3.0,No,No
ORD100178,CUST12708,2025-03-05,Mumbai,Mumbai,Pune,230.8,Home & Kitchen,6,4.63,Rail,Ecom Express,939.04,288.04,9.37,2025-03-09,2025-03-15,2025-03-16,Delayed,4.0,No,No
ORD101402,CUST12683,2025-08-21,Mumbai,Mumbai,Hyderabad,242.4,Electronics,3,5.86,Air,Delhivery,2407.34,255.35,4.13,2025-08-23,2025-08-25,2025-08-25,Delivered,4.0,No,No
ORD102189,CUST11254,2025-09-08,Delhi,Delhi,Bhopal,532.0,Books,2,9.19,Road,Blue Dart,2371.42,369.93,11.53,2025-09-11,2025-09-18,2025-09-18,Delivered,5.0,No,No
ORD102592,CUST10521,2025-11-12,Bengaluru,Bengaluru,Jaipur,198.3,Beauty,3,4.39,Express,Ecom Express,1509.28,125.73,7.98,2025-11-14,2025-11-17,2025-11-17,Delivered,4.0,No,No
ORD104049,CUST10731,2025-02-12,Delhi,Delhi,Vijayawada,412.3,Clothing,2,6.68,Road,Blue Dart,1899.4,465.84,9.7,2025-02-15,2025-02-20,2025-02-22,Delayed,4.0,No,No
ORD100413,CUST10665,2025-10-23,Chennai,Chennai,Visakhapatnam,173.4,Home & Kitchen,6,1.71,Air,Ecom Express,1564.59,162.68,11.21,2025-10-26,2025-10-28,2025-10-28,Delivered,4.0,No,No
ORD101186,CUST10187,2025-11-09,Hyderabad,Hyderabad,Ahmedabad,567.2,Automotive,1,4.18,Air,Blue Dart,5180.74,626.53,,2025-11-10,2025-11-13,2025-11-13,Delivered,3.0,No,No
ORD101250,CUST10438,2025-03-10,Mumbai,Mumbai,Kochi,656.9,Electronics,6,3.85,Road,Delhivery,2733.94,585.12,7.47,2025-03-12,2025-03-19,2025-03-19,Delivered,3.0,No,No
ORD104671,CUST10002,2025-09-06,Delhi,Delhi,Kochi,221.8,Books,2,6.71,Rail,Shadowfax,865.93,,10.19,2025-09-08,2025-09-14,2025-09-17,Delayed,4.0,No,No
ORD100960,CUST11300,2025-04-28,Delhi,Delhi,Indore,339.2,Home & Kitchen,1,2.52,Road,Blue Dart,1524.67,345.67,8.83,2025-04-30,2025-05-05,2025-05-05,Delivered,5.0,No,Yes
ORD104195,CUST10144,2025-01-02,Chennai,Chennai,Bhopal,813.8,Grocery,6,1.05,Road,Delhivery,3413.43,573.2,5.76,2025-01-03,2025-01-09,2025-01-09,Delivered,4.0,No,No
ORD104237,CUST12786,2025-11-08,Pune,Pune,Vijayawada,335.9,Beauty,1,2.31,Road,Shadowfax,1516.4,355.58,9.17,2025-11-11,2025-11-16,2025-11-17,Delayed,3.0,No,No
ORD104635,CUST11171,2025-01-02,Hyderabad,Hyderabad,Coimbatore,203.4,Beauty,4,8.32,Air,Shadowfax,1957.16,158.32,7.2,2025-01-05,2025-01-07,2025-01-07,Delivered,4.0,No,No
ORD104806,CUST10657,2025-06-02,Hyderabad,Hyderabad,Visakhapatnam,349.5,Home & Kitchen,2,19.82,Road,Delhivery,1759.87,401.27,4.67,2025-06-05,2025-06-10,2025-06-10,Delivered,4.0,No,No
ORD102987,CUST12091,2025-08-02,Mumbai,Mumbai,Bengaluru,664.7,Automotive,4,19.68,Air,XpressBees,6327.37,607.89,11.21,2025-08-04,2025-08-07,2025-08-07,Delivered,4.0,No,Yes
ORD103887,CUST11493,2025-07-16,Delhi,Delhi,Chennai,86.9,Books,2,5.09,Air,Shadowfax,991.02,31.1,6.77,2025-07-18,2025-07-20,2025-07-20,Delivered,4.0,No,No
ORD102924,CUST12377,2025-10-08,Delhi,Delhi,Nagpur,373.7,Clothing,4,5.97,Road,Shadowfax,1736.29,243.32,5.26,2025-10-10,2025-10-13,2025-10-18,Delayed,3.0,No,No
ORD100054,CUST11015,2025-03-18,Bengaluru,Bengaluru,Chennai,387.4,Sports,7,5.33,Air,Blue Dart,3766.21,321.16,9.81,2025-03-20,2025-03-22,2025-03-22,Delivered,4.0,No,No
ORD100067,CUST12431,2025-05-31,Chennai,Chennai,Vijayawada,280.7,Clothing,4,1.02,Express,Shadowfax,1996.11,216.37,7.43,2025-06-03,2025-06-06,2025-06-06,Delivered,4.0,No,No
ORD104619,CUST10218,2025-03-04,Mumbai,Mumbai,Visakhapatnam,767.4,clothing,5,4.12,Express,Shadowfax,5384.99,754.03,9.77,2025-03-07,2025-03-12,2025-03-12,Delivered,5.0,No,No
ORD103126,CUST12115,2025-01-29,Chennai,Chennai,Hyderabad,166.3,Sports,6,5.39,Road,XpressBees,757.82,86.71,,2025-02-01,2025-02-07,2025-02-11,Delayed,3.0,No,Yes
ORD100966,CUST12275,2025-03-03,Hyderabad,Hyderabad,Vijayawada,506.2,Clothing,1,2.0,Air,Delhivery,4719.81,531.51,7.68,2025-03-05,2025-03-09,2025-03-11,Delayed,4.0,No,No
ORD103911,CUST12722,2025-11-29,Bengaluru,Bengaluru,Kochi,110.6,Clothing,2,1.06,Road,DTDC,557.14,76.29,6.95,2025-12-01,2025-12-07,2025-12-07,Delivered,3.0,No,No
ORD101291,CUST10287,2025-03-22,Hyderabad,Hyderabad,Bengaluru,436.7,Beauty,7,13.66,road,Ecom Express,2173.24,415.02,6.46,2025-03-24,2025-03-30,2025-03-30,Delivered,4.0,No,No
ORD104658,CUST12239,2025-09-01,Bengaluru,Bengaluru,Jaipur,679.3,Books,5,7.14,Road,Blue Dart,3132.94,696.5,6.53,2025-09-03,2025-09-07,2025-09-09,Delayed,4.0,No,No
ORD104827,CUST10324,2025-10-12,Bengaluru,Bengaluru,Vijayawada,201.0,Grocery,5,6.97,Express,Delhivery,1619.88,212.56,8.8,2025-10-15,2025-10-18,2025-10-18,Delivered,,Yes,No
ORD101280,CUST11573,2025-08-15,Delhi,Delhi,Vijayawada,485.2,Books,7,12.58,Air,DTDC,4526.85,510.97,10.88,2025-08-18,2025-08-21,2025-08-21,Delivered,4.0,No,Yes
ORD100039,CUST10163,2025-08-26,Pune,Pune,Ahmedabad,436.8,Clothing,1,2.54,Road,DTDC,1920.42,336.04,8.82,2025-08-29,2025-09-04,2025-09-09,Delayed,2.0,No,No
ORD104060,CUST12108,2025-11-03,Mumbai,Mumbai,Lucknow,398.5,Beauty,2,9.42,Road,Blue Dart,1863.26,344.31,11.48,2025-11-07,2025-11-13,2025-11-13,Delivered,4.0,No,No
ORD101020,CUST11633,2025-01-05,Mumbai,Mumbai,Indore,525.4,Beauty,6,1.44,Air,Shadowfax,4861.57,367.4,10.08,2025-01-08,2025-01-11,2025-01-11,Delivered,5.0,No,No
ORD102371,CUST12055,2025-11-24,Chennai,Chennai,Bhopal,258.4,Clothing,7,10.59,Express,Delhivery,2002.9,189.2,9.6,2025-11-25,2025-11-29,2025-11-29,Delivered,4.0,No,No
ORD103849,CUST10459,2025-06-14,Pune,Pune,Coimbatore,162.3,Beauty,2,2.04,Road,DTDC,694.93,175.34,11.09,2025-06-17,2025-06-22,2025-06-22,Delivered,3.0,No,No
ORD103258,CUST11323,2025-08-02,Chennai,Chennai,Jaipur,1058.9,Home & Kitchen,5,7.15,Road,Delhivery,4440.62,1159.83,9.18,2025-08-04,2025-08-11,2025-08-11,Delivered,4.0,No,No
ORD100087,CUST12435,2025-02-19,Bengaluru,Bengaluru,Coimbatore,819.1,Beauty,3,8.45,Express,XpressBees,5901.39,769.1,3.97,2025-02-20,2025-02-24,2025-02-24,Delivered,5.0,No,No
ORD103635,CUST10073,2025-03-02,Delhi,Delhi,Jaipur,410.1,Sports,1,6.81,Rail,Delhivery,1404.25,276.91,10.43,2025-03-04,2025-03-11,2025-03-11,Delivered,5.0,No,No
ORD101870,CUST12425,2025-05-12,Mumbai,Mumbai,Jaipur,439.0,Home & Kitchen,6,14.24,Rail,Ecom Express,1560.64,346.19,12.03,2025-05-16,2025-05-22,2025-05-22,Delivered,4.0,No,No
ORD104230,CUST12449,2025-01-17,Chennai,Chennai,Jaipur,715.1,Books,3,5.95,Air,DTDC,6653.11,518.73,6.83,2025-01-19,2025-01-22,2025-01-27,Delayed,4.0,No,No
ORD103010,CUST10801,2025-10-13,Delhi,Delhi,Indore,363.6,Automotive,7,11.76,Road,Delhivery,1792.94,279.65,9.17,2025-10-15,2025-10-20,2025-10-20,Delivered,4.0,No,No
ORD104668,CUST11020,2025-10-31,Bengaluru,Bengaluru,Kolkata,192.6,Automotive,2,12.18,Express,XpressBees,1457.81,214.27,7.46,2025-11-03,2025-11-07,2025-11-07,Delivered,4.0,No,No
ORD100767,CUST12208,2025-11-28,Chennai,Chennai,Pune,625.4,Home & Kitchen,3,0.81,Road,Ecom Express,2660.26,416.5,9.37,2025-12-01,2025-12-07,2025-12-07,Delivered,5.0,No,No
ORD103083,CUST11164,2025-03-24,Mumbai,Mumbai,Vijayawada,446.3,Books,4,1.16,Express,Delhivery,3276.24,257.65,11.9,2025-03-27,2025-04-01,2025-04-06,Delayed,3.0,No,No
ORD104921,CUST10458,2025-06-13,Pune,Pune,Kochi,306.5,Automotive,7,3.02,Air,Delhivery,3014.7,330.52,9.6,2025-06-16,2025-06-17,2025-06-17,Delivered,4.0,No,No
ORD104586,CUST12091,2025-10-26,Chennai,Chennai,Mumbai,360.9,Books,2,2.58,Rail,DTDC,1255.38,202.99,6.04,2025-10-29,2025-11-04,2025-11-07,Delayed,4.0,No,No
ORD103559,CUST11856,2025-07-15,Pune,Pune,Indore,225.9,Grocery,6,9.83,Road,DTDC,1263.99,147.17,10.7,2025-07-16,2025-07-21,2025-07-21,Delivered,5.0,No,No
ORD101579,CUST12518,2025-08-19,Bengaluru,Bengaluru,Pune,679.5,Books,5,5.04,Air,Shadowfax,6225.05,665.37,9.69,2025-08-21,2025-08-24,2025-08-24,Delivered,4.0,No,No
ORD104483,CUST10902,2025-05-02,Pune,Pune,Bengaluru,278.1,Grocery,1,7.41,Air,Delhivery,2603.24,147.17,5.08,2025-05-04,2025-05-07,2025-05-07,Delivered,5.0,No,No
ORD100609,CUST12692,2025-02-22,Hyderabad,Hyderabad,Delhi,327.4,Electronics,1,5.42,rail,Ecom Express,1210.47,222.63,4.37,2025-02-24,2025-03-01,2025-03-01,Delivered,5.0,No,No
ORD101723,CUST12602,2025-02-12,Hyderabad,Hyderabad,Lucknow,223.6,Home & Kitchen,2,3.1,Air,XpressBees,2223.1,292.84,5.67,2025-02-14,2025-02-17,2025-02-17,Delivered,5.0,No,No
ORD103674,CUST10044,2025-01-09,Delhi,Delhi,Lucknow,372.8,Electronics,1,0.89,Air,Delhivery,3430.45,368.27,8.87,2025-01-11,2025-01-13,2025-01-13,Delivered,4.0,No,No
ORD103535,CUST10352,2025-02-09,Chennai,Chennai,Kolkata,351.2,Home & Kitchen,7,4.36,Rail,Ecom Express,1310.83,339.98,7.07,2025-02-11,2025-02-17,2025-02-17,Delivered,,No,Yes
ORD100105,CUST11200,2025-02-04,Pune,Pune,Ahmedabad,383.1,Electronics,1,2.28,Road,Delhivery,1704.51,266.09,7.48,2025-02-05,2025-02-10,2025-02-10,Delivered,5.0,No,No
ORD104169,CUST10246,2025-02-05,Chennai,Chennai,Delhi,115.5,Automotive,4,2.54,Air,Ecom Express,1199.16,151.25,5.35,2025-02-06,2025-02-08,2025-02-08,Delivered,4.0,No,No
ORD101235,CUST11412,2025-07-19,Hyderabad,Hyderabad,Vijayawada,919.0,Automotive,7,6.48,Express,Shadowfax,6628.22,910.97,10.0,2025-07-21,2025-07-25,2025-07-28,Delayed,5.0,No,No
ORD100458,CUST10912,2025-04-10,Delhi,Delhi,Chennai,140.6,Home & Kitchen,3,5.12,Road,Delhivery,707.43,114.51,6.88,2025-04-12,2025-04-17,2025-04-17,Delivered,4.0,No,No
ORD103824,CUST10183,2025-11-29,Delhi,Delhi,Visakhapatnam,133.2,Sports,1,7.84,Road,Ecom Express,602.09,120.84,7.47,2025-12-01,2025-12-05,2025-12-05,Delivered,5.0,No,No
ORD101888,CUST11899,2025-11-09,Hyderabad,Hyderabad,Kochi,679.0,Grocery,4,4.01,Road,DTDC,3016.27,616.89,6.11,2025-11-12,2025-11-18,2025-11-18,Delivered,5.0,No,No
ORD102736,CUST10615,2025-05-22,Bengaluru,Bengaluru,Jaipur,459.3,Electronics,6,11.94,Rail,DTDC,,416.52,11.73,2025-05-25,2025-05-30,2025-05-30,Delivered,4.0,No,No
ORD101482,CUST10543,2025-12-04,Mumbai,Mumbai,Visakhapatnam,340.6,Electronics,7,8.41,Road,Ecom Express,1454.34,336.26,8.34,2025-12-06,2025-12-11,2025-12-11,Delivered,4.0,No,No
ORD101079,CUST10190,2025-11-13,Pune,Pune,Delhi,149.2,Electronics,2,25.57,Road,XpressBees,1013.53,136.57,10.04,2025-11-15,2025-11-19,2025-11-19,Delivered,5.0,No,No
ORD100704,CUST10518,2025-05-31,Pune,Pune,Bhopal,740.8,Clothing,6,7.04,Air,Ecom Express,6907.11,507.81,11.3,2025-06-03,2025-06-07,2025-06-07,Delivered,5.0,No,No
ORD102648,CUST10921,2025-07-23,Pune,Pune,Coimbatore,479.3,Sports,5,3.36,Air,Delhivery,4544.34,482.88,10.48,2025-07-25,2025-07-28,2025-07-28,Delivered,4.0,No,No
ORD100629,CUST12289,2025-11-30,Chennai,Chennai,Hyderabad,508.3,Home & Kitchen,6,8.9,Air,Delhivery,4847.6,312.15,,2025-12-02,2025-12-05,2025-12-05,Delivered,4.0,No,No
ORD102406,CUST10948,2025-06-15,Delhi,Delhi,Hyderabad,282.7,Sports,4,6.41,Road,Shadowfax,1246.18,225.56,11.25,2025-06-17,2025-06-24,2025-06-24,Delivered,5.0,No,No
ORD104100,CUST11383,2025-12-31,Hyderabad,Hyderabad,Visakhapatnam,295.6,Clothing,2,20.61,Rail,XpressBees,1311.46,249.87,8.0,2026-01-02,2026-01-08,2026-01-08,Delivered,5.0,No,No
ORD101592,CUST11247,2025-05-10,Hyderabad,Hyderabad,Indore,150.5,Electronics,1,2.01,Express,XpressBees,1083.55,90.44,6.92,2025-05-12,2025-05-16,2025-05-16,Delivered,5.0,No,No
ORD100783,CUST11655,2025-08-20,Chennai,Chennai,Surat,346.1,Grocery,2,1.45,Rail,Shadowfax,1209.79,330.88,10.09,2025-08-22,2025-08-28,2025-08-28,Delivered,4.0,No,No
ORD102576,CUST11626,2025-09-06,Hyderabad,Hyderabad,Indore,84.3,Sports,3,7.06,Rail,Ecom Express,551.38,53.38,7.83,2025-09-08,2025-09-13,2025-09-13,Delivered,4.0,No,No
ORD103701,CUST11910,2025-01-16,Mumbai,Mumbai,Visakhapatnam,537.8,Books,5,5.79,Air,Delhivery,5002.26,361.03,9.77,2025-01-18,2025-01-21,2025-01-21,Delivered,5.0,No,No
ORD101249,CUST11551,2025-04-18,Hyderabad,Hyderabad,Kochi,416.1,Clothing,5,6.62,Road,Ecom Express,1885.46,240.12,10.49,2025-04-21,2025-04-26,2025-05-02,Delayed,3.0,No,No
ORD102238,CUST10576,2025-11-19,Delhi,Delhi,Lucknow,328.0,Home & Kitchen,5,1.12,Rail,DTDC,1197.06,255.27,10.36,2025-11-22,2025-11-30,2025-11-30,Delivered,4.0,No,No
ORD100446,CUST11302,2025-03-20,Hyderabad,Hyderabad,Lucknow,440.4,Clothing,6,7.9,Rail,DTDC,1637.97,446.88,7.74,2025-03-22,2025-03-28,2025-03-28,Delivered,5.0,No,No
ORD101244,CUST11856,2025-02-15,Delhi,Delhi,Kochi,603.1,home & kitchen,5,8.95,Express,Blue Dart,4320.62,593.66,12.07,2025-02-17,2025-02-21,2025-02-21,Delivered,4.0,No,No
ORD104386,CUST10171,2025-10-20,Delhi,Delhi,Nagpur,355.9,Grocery,1,5.33,Rail,Shadowfax,1202.78,404.63,8.25,2025-10-22,2025-10-28,2025-10-28,Delivered,4.0,No,No
ORD104559,CUST12045,2025-09-02,Hyderabad,Hyderabad,Mumbai,1000.6,Home & Kitchen,7,9.04,Road,Blue Dart,4321.29,689.24,6.34,2025-09-04,2025-09-12,2025-09-14,Delayed,3.0,No,No
ORD102598,CUST12204,2025-09-08,Mumbai,Mumbai,Kochi,318.6,Grocery,6,6.2,Road,Blue Dart,1464.82,224.21,11.87,2025-09-11,2025-09-16,2025-09-21,Delayed,3.0,No,No
ORD103359,CUST11788,2025-03-17,Bengaluru,Bengaluru,Kolkata,175.1,Home & Kitchen,6,3.33,Road,XpressBees,787.89,258.21,9.4,2025-03-20,2025-03-26,2025-03-26,Delivered,4.0,No,No
ORD101912,CUST12484,2025-05-12,Mumbai,Mumbai,Visakhapatnam,148.3,Electronics,4,2.78,Road,DTDC,632.35,127.93,11.92,2025-05-15,2025-05-20,2025-05-20,Delivered,5.0,No,No
ORD102746,CUST10819,2025-05-31,Pune,Pune,Ahmedabad,53.7,Beauty,4,2.2,Road,Delhivery,168.83,33.1,11.47,2025-06-02,2025-06-07,2025-06-07,Delivered,5.0,No,No
ORD104686,CUST12219,2025-04-09,Hyderabad,Hyderabad,Lucknow,171.6,Home & Kitchen,7,8.49,Road,Ecom Express,927.73,193.49,6.55,2025-04-10,2025-04-14,2025-04-16,Delayed,,No,No
ORD104577,CUST12319,2025-03-02,Chennai,Chennai,Bhopal,153.7,Sports,4,7.12,Express,Shadowfax,1191.82,164.73,5.66,2025-03-03,2025-03-05,2025-03-07,Delayed,2.0,No,No
ORD104847,CUST11953,2025-01-03,Bengaluru,Bengaluru,Jaipur,397.1,Sports,3,2.87,Road,Ecom Express,1764.87,375.75,7.82,2025-01-05,2025-01-09,2025-01-09,Delivered,4.0,No,No
ORD103313,CUST12665,2025-08-28,Pune,Pune,Visakhapatnam,560.2,Automotive,4,3.08,Air,Ecom Express,5028.98,499.01,10.49,2025-08-31,2025-09-02,2025-09-02,Delivered,5.0,No,No
ORD100886,CUST11879,2025-06-21,Chennai,Chennai,Jaipur,473.0,Electronics,4,1.17,Express,Shadowfax,3440.68,478.43,8.89,2025-06-23,2025-06-28,2025-06-28,Delivered,4.0,No,No
ORD103317,CUST10961,2025-09-11,Delhi,Delhi,Ahmedabad,708.4,Sports,6,2.39,Air,DTDC,6440.64,547.02,12.75,2025-09-14,2025-09-19,2025-09-19,Delivered,4.0,No,No
ORD101382,CUST10223,2025-10-31,Pune,Pune,Kochi,645.1,Electronics,1,9.04,Express,Blue Dart,4634.03,507.87,7.35,2025-11-02,2025-11-07,2025-11-07,Delivered,3.0,No,No
ORD103114,CUST12710,2025-07-15,Chennai,Chennai,Bhopal,228.3,Electronics,6,6.9,Road,XpressBees,1128.32,189.24,10.9,2025-07-17,2025-07-23,2025-07-23,Delivered,4.0,No,No
ORD101059,CUST11951,2025-08-27,chennai,Chennai,Vijayawada,865.6,Electronics,3,2.49,Rail,Delhivery,2891.4,885.64,5.83,2025-08-30,2025-09-07,2025-09-07,Delivered,4.0,No,No
ORD102284,CUST10441,2025-02-21,Hyderabad,Hyderabad,Jaipur,192.5,Books,7,10.51,Rail,Ecom Express,842.65,190.23,9.39,2025-02-24,2025-03-01,2025-03-07,Delayed,4.0,No,No
ORD103182,CUST10239,2025-06-13,Bengaluru,Bengaluru,Vijayawada,671.0,Home & Kitchen,3,3.27,Road,DTDC,2916.35,465.37,6.7,2025-06-15,2025-06-21,2025-06-21,Delivered,4.0,No,No
ORD100348,CUST11549,2025-10-23,Bengaluru,Bengaluru,Mumbai,165.6,Automotive,7,6.85,Road,XpressBees,939.35,93.33,8.48,2025-10-25,2025-10-31,2025-10-31,Delivered,4.0,No,No
ORD103420,CUST11970,2025-01-02,Mumbai,Mumbai,Ahmedabad,803.2,Books,5,6.54,Road,DTDC,3587.59,484.29,10.61,2025-01-06,2025-01-12,2025-01-12,Delivered,5.0,No,No
ORD101887,CUST12235,2025-06-08,Chennai,Chennai,Nagpur,430.4,Sports,2,3.49,Express,XpressBees,2997.71,459.52,8.02,2025-06-10,2025-06-13,2025-06-13,Delivered,5.0,No,No
ORD102744,CUST11615,2025-09-14,Hyderabad,Hyderabad,Delhi,752.0,Beauty,7,3.82,Express,Blue Dart,5256.81,442.87,5.86,2025-09-16,2025-09-20,2025-09-20,Delivered,4.0,No,No
ORD103221,CUST11597,2025-08-05,Chennai,Chennai,Indore,268.4,Home & Kitchen,2,1.3,Road,Ecom Express,1024.37,272.02,10.35,2025-08-08,2025-08-14,2025-08-14,Delivered,4.0,No,No
ORD101418,CUST11441,2025-09-15,Delhi,Delhi,Kochi,525.8,Home & Kitchen,4,6.76,Road,Blue Dart,2166.75,588.79,10.05,2025-09-17,2025-09-22,2025-09-22,Delivered,5.0,No,No
ORD101279,CUST12285,2025-10-29,Delhi,Delhi,Visakhapatnam,80.5,Grocery,1,9.48,Air,Ecom Express,853.35,36.5,8.67,2025-10-31,2025-11-02,2025-11-02,Delivered,4.0,No,No
ORD100272,CUST10059,2025-06-03,Hyderabad,Hyderabad,Kolkata,363.9,Home & Kitchen,6,13.43,Express,Shadowfax,2963.14,260.84,9.18,2025-06-05,2025-06-09,2025-06-11,Delayed,4.0,No,No
ORD102688,CUST11986,2025-12-04,Mumbai,Mumbai,Surat,315.4,Sports,7,4.42,Express,Ecom Express,2293.47,304.24,8.02,2025-12-07,2025-12-10,2025-12-10,Delivered,3.0,No,No
ORD104767,CUST12016,2025-06-30,Bengaluru,Bengaluru,Kolkata,635.3,Automotive,2,11.37,Rail,DTDC,2210.26,456.32,7.46,2025-07-03,2025-07-10,2025-07-10,Delivered,5.0,No,No
ORD100658,CUST10764,2025-01-28,Chennai,Chennai,Visakhapatnam,379.0,Books,7,3.23,Road,XpressBees,1785.22,289.73,7.75,2025-01-30,2025-02-04,2025-02-04,Delivered,5.0,No,No
ORD103374,CUST11686,2025-04-05,Chennai,Chennai,Kochi,462.8,Sports,7,4.39,Air,Blue Dart,4313.27,540.35,6.53,2025-04-07,2025-04-11,2025-04-11,Delivered,5.0,No,No
ORD103931,CUST11321,2025-03-17,Pune,Pune,Vijayawada,642.0,Automotive,7,3.93,Express,DTDC,4707.07,689.11,14.04,2025-03-19,2025-03-24,2025-03-26,Delayed,3.0,No,No
ORD101410,CUST12224,2025-01-28,Delhi,Delhi,Surat,117.5,Automotive,4,5.19,Road,Shadowfax,427.64,,13.18,2025-01-31,2025-02-03,2025-02-03,Delivered,5.0,No,No
ORD103056,CUST11734,2025-11-12,Hyderabad,Hyderabad,Lucknow,468.2,Beauty,3,1.09,Road,Shadowfax,2000.95,371.72,5.41,2025-11-14,2025-11-20,2025-11-20,Delivered,4.0,No,No
ORD103302,CUST12249,2025-01-24,Hyderabad,Hyderabad,Kolkata,82.2,Beauty,4,7.68,Road,XpressBees,473.84,72.63,4.78,2025-01-25,2025-01-31,2025-02-02,Delayed,3.0,No,No
ORD101525,CUST11678,2025-10-08,Hyderabad,Hyderabad,Vijayawada,349.8,Books,3,1.51,Road,Ecom Express,1533.04,265.21,8.78,2025-10-10,2025-10-16,2025-10-16,Delivered,4.0,No,No
ORD102412,CUST11721,2025-05-02,Bengaluru,Bengaluru,Bhopal,183.6,Sports,3,4.89,Air,Blue Dart,1618.83,187.02,8.1,2025-05-05,2025-05-08,2025-05-08,Delivered,4.0,No,No
ORD102081,CUST12391,2025-01-03,Pune,Pune,Indore,197.4,Beauty,4,5.54,Road,Shadowfax,959.47,152.36,8.51,2025-01-05,2025-01-09,2025-01-09,Delivered,3.0,No,No
ORD104755,CUST10553,2025-08-05,Hyderabad,Hyderabad,Indore,509.4,Books,2,11.94,Road,DTDC,2445.05,564.87,9.56,2025-08-07,2025-08-13,2025-08-13,Delivered,4.0,No,No
ORD101924,CUST11835,2025-01-05,Bengaluru,Bengaluru,Chennai,431.3,Beauty,7,6.73,Road,DTDC,1801.46,359.75,12.36,2025-01-08,2025-01-14,2025-01-14,Delivered,5.0,No,No
ORD103766,CUST10244,2025-09-10,Pune,Pune,Kochi,827.9,Automotive,2,12.96,Road,Shadowfax,3838.86,838.98,6.21,2025-09-12,2025-09-18,2025-09-18,Delivered,4.0,No,No
ORD102955,CUST12486,2025-03-28,Pune,Pune,Hyderabad,492.1,Automotive,2,3.26,Road,XpressBees,2175.17,538.3,7.51,2025-03-30,2025-04-03,2025-04-03,Delivered,4.0,Yes,No
ORD102771,CUST12420,2025-07-26,Delhi,Delhi,Bengaluru,103.2,Beauty,4,7.79,Air,XpressBees,1069.45,51.72,8.61,2025-07-27,2025-07-29,2025-07-29,Delivered,4.0,No,Yes
ORD104600,CUST10670,2025-04-12,Hyderabad,Hyderabad,Nagpur,354.0,Home & Kitchen,3,5.65,Road,Blue Dart,1433.07,260.5,9.2,2025-04-15,2025-04-21,2025-04-21,Delivered,4.0,No,Yes
ORD100763,CUST10939,2025-08-17,Mumbai,Mumbai,Pune,397.3,Home & Kitchen,7,2.07,Road,Blue Dart,1802.35,320.04,11.12,2025-08-20,2025-08-26,2025-08-26,Delivered,3.0,No,No
ORD100517,CUST10640,2025-06-13,Bengaluru,Bengaluru,Jaipur,698.3,Automotive,6,2.18,Air,Ecom Express,6396.84,601.8,,2025-06-15,2025-06-18,2025-06-24,Delayed,4.0,No,No
ORD104498,CUST12061,2025-10-19,Pune,Pune,Ahmedabad,372.6,Electronics,3,0.73,Rail,Blue Dart,1232.27,366.7,9.09,2025-10-21,2025-10-26,2025-10-26,Delivered,,No,No
ORD102061,CUST10123,2025-07-21,Hyderabad,Hyderabad,Ahmedabad,312.1,Electronics,5,2.62,Air,XpressBees,2934.08,269.48,5.97,2025-07-23,2025-07-26,2025-07-26,Delivered,4.0,No,No
ORD103893,CUST11248,2025-10-02,Bengaluru,Bengaluru,Visakhapatnam,246.7,Beauty,1,1.24,Road,Blue Dart,1013.02,176.47,3.51,2025-10-04,2025-10-09,2025-10-09,Delivered,4.0,No,No
ORD100836,CUST10379,2025-05-19,Bengaluru,Bengaluru,Delhi,276.1,Beauty,5,1.45,Road,Shadowfax,1236.76,311.55,7.23,2025-05-21,2025-05-27,2025-05-27,Delivered,4.0,No,No
ORD101165,CUST12366,2025-11-20,Mumbai,Mumbai,Bengaluru,212.3,Clothing,6,6.78,Rail,Delhivery,900.17,226.99,9.4,2025-11-23,2025-11-29,2025-11-29,Delivered,5.0,No,No
ORD102040,CUST11767,2025-01-02,Mumbai,Mumbai,Lucknow,642.1,Grocery,4,2.88,Express,Blue Dart,4604.59,510.24,11.43,2025-01-04,2025-01-09,2025-01-15,Delayed,4.0,No,No
ORD100266,CUST10819,2025-11-20,Bengaluru,Bengaluru,Kolkata,1027.5,Grocery,7,5.6,Rail,XpressBees,3570.48,1184.76,9.78,2025-11-22,2025-11-30,2025-12-04,Delayed,3.0,No,No
ORD104161,CUST11138,2025-06-22,Pune,Pune,Kochi,1448.1,Beauty,1,2.43,Air,Blue Dart,13172.28,1589.85,6.97,2025-06-24,2025-06-30,2025-07-06,Delayed,4.0,No,No
ORD103798,CUST10974,2025-09-27,Bengaluru,Bengaluru,Lucknow,344.7,Electronics,2,23.8,Rail,Delhivery,1453.84,345.2,6.84,2025-09-29,2025-10-05,2025-10-05,Delivered,5.0,No,No
ORD101813,CUST11770,2025-06-08,Chennai,Chennai,Bengaluru,558.5,Electronics,4,9.13,Rail,Ecom Express,1906.39,505.98,5.79,2025-06-09,2025-06-16,2025-06-16,Delivered,4.0,No,Yes
ORD103619,CUST10151,2025-07-01,Bengaluru,Bengaluru,Nagpur,205.1,Sports,5,2.07,Road,Delhivery,1148.44,197.49,7.62,2025-07-04,2025-07-09,2025-07-09,Delivered,5.0,No,No
ORD101842,CUST12548,2025-01-07,Hyderabad,Hyderabad,Ahmedabad,367.6,Grocery,2,7.43,Road,Blue Dart,1746.82,277.59,5.2,2025-01-09,2025-01-13,2025-01-14,Delayed,3.0,No,No
ORD101733,CUST11788,2025-06-11,Bengaluru,Bengaluru,Vijayawada,387.8,Clothing,1,4.67,Express,Delhivery,2812.32,398.92,7.51,2025-06-13,2025-06-16,2025-06-16,Delivered,4.0,No,No
ORD101763,CUST10539,2025-07-23,Pune,Pune,Surat,297.1,Books,7,11.12,Rail,XpressBees,1247.18,191.66,8.99,2025-07-26,2025-08-02,2025-08-02,Delivered,,No,No
ORD102497,CUST11080,2025-02-03,Bengaluru,Bengaluru,Pune,220.9,Automotive,4,12.81,Rail,Blue Dart,978.25,215.86,7.11,2025-02-05,2025-02-12,2025-02-14,Delayed,2.0,No,No
ORD102843,CUST10644,2025-05-16,chennai,Chennai,Indore,677.7,Sports,7,14.4,Road,Blue Dart,3116.86,698.31,5.56,2025-05-18,2025-05-25,2025-05-25,Delivered,5.0,No,Yes
ORD104890,CUST10905,2025-02-25,Chennai,Chennai,Delhi,166.7,Home & Kitchen,5,7.89,Air,DTDC,1764.08,196.3,7.88,2025-02-27,2025-03-01,2025-03-01,Delivered,5.0,No,No
ORD100383,CUST11784,2025-01-09,Pune,Pune,Ahmedabad,197.4,Home & Kitchen,2,8.02,Road,Delhivery,779.96,219.93,10.78,2025-01-12,2025-01-17,2025-01-17,Delivered,4.0,No,No
ORD104042,CUST11428,2025-05-08,Pune,Pune,Kolkata,102.0,Home & Kitchen,2,5.13,Road,Blue Dart,428.76,52.21,8.27,2025-05-10,2025-05-13,2025-05-13,Delivered,5.0,No,No
ORD100159,CUST11303,2025-03-22,Chennai,Chennai,Kolkata,575.3,Electronics,5,3.31,Road,DTDC,2666.46,593.34,6.87,2025-03-25,2025-03-31,2025-03-31,Delivered,5.0,No,No
ORD104313,CUST12432,2025-10-13,Hyderabad,Hyderabad,,389.7,Clothing,7,2.52,Air,XpressBees,3668.3,325.26,7.15,2025-10-15,2025-10-17,2025-10-17,Delivered,4.0,No,No
ORD102608,CUST11213,2025-09-18,Delhi,Delhi,Pune,1055.7,Sports,3,0.77,Road,Ecom Express,4495.16,774.45,9.78,2025-09-21,2025-09-29,2025-09-29,Delivered,4.0,No,No
ORD100400,CUST10502,2025-04-20,Bengaluru,Bengaluru,Jaipur,327.1,Electronics,5,4.26,Express,Blue Dart,2325.47,281.49,7.03,2025-04-22,2025-04-24,2025-04-24,Delivered,4.0,No,No
ORD101931,CUST11561,2025-07-16,Hyderabad,Hyderabad,Lucknow,259.6,Clothing,2,5.4,Express,XpressBees,1740.68,200.95,6.96,2025-07-18,2025-07-22,2025-07-22,Delivered,3.0,No,No
ORD104109,CUST12751,2025-09-30,Mumbai,Mumbai,Bengaluru,231.2,Automotive,2,1.72,Air,Delhivery,2126.68,253.77,6.76,2025-10-02,2025-10-05,2025-10-11,Delayed,4.0,No,No
ORD101070,CUST11117,2025-02-04,Mumbai,Mumbai,Bengaluru,372.3,Clothing,3,2.76,Air,XpressBees,3371.39,391.49,10.43,2025-02-07,2025-02-10,2025-02-10,Delivered,4.0,No,No
ORD100471,CUST11883,2025-07-13,Hyderabad,Hyderabad,Pune,283.0,Home & Kitchen,6,5.79,Road,Ecom Express,1309.91,248.18,7.27,2025-07-15,2025-07-21,2025-07-21,Delivered,4.0,No,No
ORD102404,CUST11958,2025-02-24,Bengaluru,Bengaluru,Indore,410.5,Sports,2,2.03,Road,Shadowfax,1761.19,,8.49,2025-02-26,2025-03-05,2025-03-05,Delivered,5.0,No,No
ORD101625,CUST10003,2025-12-06,Delhi,Delhi,Kolkata,219.7,Books,6,5.66,Rail,Shadowfax,941.42,122.61,9.93,2025-12-09,2025-12-16,2025-12-16,Delivered,4.0,No,No
ORD104071,CUST11356,2025-04-18,Mumbai,Mumbai,Kolkata,253.3,Clothing,1,3.4,Rail,Shadowfax,916.63,128.95,12.09,2025-04-20,2025-04-26,2025-04-27,Delayed,3.0,No,No
ORD102686,CUST12502,2025-11-28,Chennai,Chennai,Indore,92.5,Clothing,1,7.94,Road,Delhivery,589.44,112.26,7.65,2025-12-01,2025-12-06,2025-12-06,Delivered,5.0,No,No
ORD100356,CUST12458,2025-02-05,Pune,Pune,Jaipur,684.8,Clothing,2,1.01,Road,DTDC,2873.92,655.3,7.55,2025-02-07,2025-02-13,2025-02-17,Delayed,5.0,No,No
ORD100787,CUST11106,2025-02-09,Mumbai,Mumbai,Nagpur,142.0,Electronics,2,5.39,Rail,Blue Dart,507.38,101.08,9.86,2025-02-12,2025-02-17,2025-02-17,Delivered,3.0,No,No
ORD103783,CUST11541,2025-11-12,Delhi,Delhi,Bengaluru,421.7,Clothing,3,11.61,Rail,DTDC,1667.05,272.62,12.94,2025-11-15,2025-11-21,2025-11-27,Delayed,4.0,No,No
ORD102573,CUST11328,2025-01-03,Mumbai,Mumbai,Kochi,86.5,Beauty,7,3.36,Air,DTDC,872.18,106.54,11.0,2025-01-05,2025-01-07,2025-01-07,Delivered,4.0,No,No
ORD101664,CUST12152,2025-06-03,Chennai,Chennai,Nagpur,246.5,Clothing,6,3.42,Road,Blue Dart,1147.02,210.2,7.43,2025-06-05,2025-06-11,2025-06-16,Delayed,4.0,Yes,No
ORD102917,CUST11358,2025-06-23,Bengaluru,Bengaluru,Kolkata,415.0,Books,5,6.85,Road,Blue Dart,1893.85,240.2,8.25,2025-06-25,2025-07-01,2025-07-01,Delivered,4.0,No,No
ORD100702,CUST11578,2025-05-14,Bengaluru,Bengaluru,Chennai,449.1,Books,7,7.89,Road,Delhivery,2245.5,464.7,4.77,2025-05-15,2025-05-21,2025-05-21,Delivered,5.0,No,No
ORD101369,CUST12237,2025-04-07,Hyderabad,Hyderabad,Coimbatore,439.9,Books,6,3.72,Road,Blue Dart,2057.23,304.2,6.93,2025-04-10,2025-04-15,2025-04-15,Delivered,3.0,No,Yes
ORD104529,CUST11113,2025-12-09,Mumbai,Mumbai,Kochi,331.6,Electronics,6,2.6,Road,DTDC,1533.78,310.26,10.16,2025-12-11,2025-12-17,2025-12-17,Delivered,4.0,No,No
ORD102336,CUST11100,2025-07-03,Bengaluru,Bengaluru,Bhopal,369.8,Beauty,1,1.88,Air,Blue Dart,3330.53,348.67,8.2,2025-07-06,2025-07-08,2025-07-08,Delivered,4.0,No,No
ORD104331,CUST10978,2025-06-11,Chennai,Chennai,Coimbatore,368.1,Electronics,1,12.59,Rail,Blue Dart,1459.04,371.48,6.94,2025-06-14,2025-06-20,2025-06-20,Delivered,3.0,No,No
ORD101728,CUST11409,2025-05-05,Pune,Pune,Indore,390.7,Clothing,6,1.46,Express,Shadowfax,2933.06,355.98,10.78,2025-05-08,2025-05-10,2025-05-10,Delivered,4.0,No,No
ORD101398,CUST10300,2025-03-01,Mumbai,Mumbai,Ahmedabad,331.1,Sports,2,6.83,Road,XpressBees,1526.25,227.87,6.84,2025-03-02,2025-03-08,2025-03-12,Delayed,3.0,No,No
ORD100826,CUST12433,2025-11-21,Bengaluru,Bengaluru,Bhopal,548.4,Clothing,1,1.27,Road,Ecom Express,2473.86,423.97,6.41,2025-11-24,2025-11-30,2025-11-30,Delivered,4.0,No,No
ORD101368,CUST11370,2025-05-05,Hyderabad,Hyderabad,Indore,1178.7,Home & Kitchen,3,4.01,Road,Shadowfax,4997.27,1072.13,9.39,2025-05-08,2025-05-14,2025-05-14,Delivered,4.0,No,No
ORD102809,CUST12414,2025-02-28,Pune,Pune,Mumbai,426.8,Books,2,5.56,Road,DTDC,1914.92,440.6,,2025-03-02,2025-03-08,2025-03-08,Delivered,5.0,No,No
ORD101778,CUST10325,2025-08-26,Chennai,Chennai,Bhopal,317.5,Grocery,6,5.99,Road,XpressBees,1546.14,184.77,5.58,2025-08-28,2025-09-03,2025-09-04,Delayed,3.0,Yes,No
ORD104585,CUST11765,2025-06-16,Mumbai,Mumbai,Visakhapatnam,602.9,Home & Kitchen,6,3.67,Road,XpressBees,2714.32,599.28,9.47,2025-06-19,2025-06-25,2025-06-25,Delivered,5.0,No,No
ORD104174,CUST11219,2025-01-09,Hyderabad,Hyderabad,Delhi,697.9,Sports,2,1.73,Road,Blue Dart,2963.59,528.24,5.29,2025-01-11,2025-01-17,2025-01-17,Delivered,5.0,No,No
ORD102789,CUST11330,2025-02-13,Chennai,Chennai,Hyderabad,310.7,Sports,4,5.7,Rail,Delhivery,1126.78,274.13,11.67,2025-02-16,2025-02-22,2025-02-22,Delivered,5.0,No,No
ORD101863,CUST10978,2025-07-10,Mumbai,Mumbai,Visakhapatnam,279.2,Books,3,11.33,Road,DTDC,1279.44,262.46,6.18,2025-07-12,2025-07-16,2025-07-17,Delayed,2.0,No,No
ORD103204,CUST10333,2025-11-29,Pune,Pune,Delhi,335.1,Clothing,5,3.94,Road,XpressBees,1667.37,213.19,4.61,2025-11-30,2025-12-05,2025-12-05,Delivered,5.0,No,No
ORD103757,CUST10338,2025-05-22,Mumbai,Mumbai,Kolkata,272.5,Automotive,1,1.02,Road,Delhivery,1096.8,268.28,10.97,2025-05-24,2025-05-30,2025-05-30,Delivered,5.0,No,No
ORD100845,CUST12743,2025-12-09,Bengaluru,Bengaluru,Kolkata,290.3,Clothing,4,5.36,Air,Blue Dart,2668.58,238.51,8.21,2025-12-11,2025-12-14,2025-12-16,Delayed,3.0,No,No
ORD104299,CUST11749,2025-06-05,Mumbai,Mumbai,Hyderabad,348.6,Automotive,2,2.5,Express,XpressBees,2492.32,322.47,5.95,2025-06-06,2025-06-09,2025-06-09,Delivered,3.0,No,No
ORD104473,CUST12338,2025-11-16,Pune,Pune,Jaipur,288.6,Beauty,5,3.94,Rail,Delhivery,1006.45,304.79,10.26,2025-11-19,2025-11-25,2025-11-25,Delivered,4.0,No,No
ORD104417,CUST12739,2025-09-23,Bengaluru,Bengaluru,Surat,594.9,Home & Kitchen,6,1.23,Road,Blue Dart,2647.43,482.68,7.32,2025-09-25,2025-10-01,2025-10-01,Delivered,5.0,No,No
ORD100895,CUST11116,2025-10-21,Delhi,Delhi,Surat,514.4,Beauty,2,1.77,Road,XpressBees,2225.82,364.53,8.55,2025-10-24,2025-10-30,2025-11-03,Delayed,3.0,No,Yes
ORD100214,CUST10184,2025-08-25,Hyderabad,Hyderabad,Vijayawada,244.7,Sports,2,2.18,Air,XpressBees,2337.0,212.36,5.57,2025-08-27,2025-08-28,2025-08-31,Delayed,4.0,No,No
ORD100786,CUST12698,2025-08-13,Bengaluru,Bengaluru,Delhi,280.2,Automotive,1,5.59,Rail,DTDC,1007.93,205.09,11.28,2025-08-16,2025-08-23,2025-08-23,Delivered,5.0,No,No
ORD104373,CUST11476,2025-04-24,Mumbai,Mumbai,Pune,435.3,Grocery,2,2.99,Express,Shadowfax,3067.02,284.01,10.55,2025-04-27,2025-04-29,2025-04-29,Delivered,4.0,No,No
ORD103148,CUST11258,2025-07-09,Hyderabad,Hyderabad,Lucknow,325.4,Home & Kitchen,1,6.38,Road,XpressBees,1407.87,321.53,8.82,2025-07-11,2025-07-16,2025-07-16,Delivered,4.0,No,No
ORD103171,CUST12018,2025-03-17,Bengaluru,Bengaluru,Lucknow,1088.1,Electronics,5,4.97,Road,Ecom Express,4704.94,1135.53,7.93,2025-03-20,2025-03-27,2025-03-27,Delivered,5.0,No,No
ORD102529,CUST11384,2025-01-19,Delhi,Delhi,Jaipur,175.7,Clothing,3,2.87,Air,Delhivery,1676.62,151.09,10.17,2025-01-22,2025-01-25,2025-01-25,Delivered,4.0,No,No
ORD103764,CUST12093,2025-04-28,Hyderabad,Hyderabad,Mumbai,175.9,Beauty,1,3.64,Road,Ecom Express,688.18,233.82,6.57,2025-04-29,2025-05-04,2025-05-04,Delivered,5.0,No,No
ORD100108,CUST11765,2025-10-05,Hyderabad,Hyderabad,Bhopal,342.0,Home & Kitchen,1,5.88,Express,Blue Dart,2524.65,363.59,7.92,2025-10-07,2025-10-10,2025-10-10,Delivered,5.0,No,No
ORD104771,CUST12174,2025-07-11,Pune,Pune,Vijayawada,370.9,Sports,6,8.14,Road,Shadowfax,1731.59,399.74,9.21,2025-07-14,2025-07-19,2025-07-19,Delivered,4.0,No,No
ORD101956,CUST10309,2025-10-17,Chennai,Chennai,Vijayawada,78.1,Sports,3,10.01,Road,Blue Dart,496.53,59.3,8.0,2025-10-20,2025-10-25,2025-10-25,Delivered,4.0,No,No
ORD103387,CUST10326,2025-09-06,Hyderabad,Hyderabad,Coimbatore,307.5,Books,1,0.8,Road,XpressBees,1348.87,322.72,6.95,2025-09-08,2025-09-14,2025-09-14,Delivered,4.0,No,No
ORD100230,CUST12333,2025-01-08,Chennai,Chennai,Bengaluru,326.8,Automotive,2,1.7,Road,XpressBees,1379.86,326.43,6.76,2025-01-10,2025-01-15,2025-01-15,Delivered,4.0,No,No
ORD101803,CUST10747,2025-12-13,Bengaluru,Bengaluru,Ahmedabad,131.1,Home & Kitchen,7,3.83,Road,DTDC,640.06,125.64,7.23,2025-12-16,2025-12-20,2025-12-20,Delivered,5.0,No,No
ORD101254,CUST10156,2025-10-27,Hyderabad,Hyderabad,Visakhapatnam,306.7,Beauty,7,2.09,Road,Shadowfax,1344.82,426.01,8.07,2025-10-30,2025-11-05,2025-11-05,Delivered,4.0,No,No
ORD100249,CUST11702,2025-07-01,Delhi,Delhi,Kochi,673.1,Electronics,6,7.97,Air,Shadowfax,6130.0,628.65,12.73,2025-07-02,2025-07-06,2025-07-06,Delivered,4.0,No,No
ORD104024,CUST11701,2025-07-08,Delhi,Delhi,Pune,662.7,Automotive,7,4.25,Air,Delhivery,,416.43,7.97,2025-07-10,2025-07-14,2025-07-14,Delivered,5.0,No,No
ORD103167,CUST11910,2025-11-28,Bengaluru,Bengaluru,Nagpur,180.3,Sports,4,10.3,Air,XpressBees,1809.78,215.88,11.46,2025-11-30,2025-12-03,2025-12-03,Delivered,4.0,No,No
ORD104816,CUST10991,2025-02-07,Bengaluru,Bengaluru,Jaipur,138.5,Clothing,2,2.62,Road,Blue Dart,716.75,104.85,8.57,2025-02-08,2025-02-15,2025-02-19,Delayed,4.0,No,No
ORD104737,CUST11784,2025-04-24,Bengaluru,Bengaluru,Jaipur,431.2,Automotive,7,3.85,Air,Ecom Express,3935.08,401.98,9.59,2025-04-27,2025-04-30,2025-05-04,Delayed,4.0,No,No
ORD100476,CUST10929,2025-10-17,Chennai,Chennai,Pune,181.3,Books,6,12.0,Rail,DTDC,911.41,163.99,8.33,2025-10-20,2025-10-24,2025-10-24,Delivered,5.0,No,No
ORD104190,CUST11615,2025-09-10,Bengaluru,Bengaluru,Visakhapatnam,73.7,Grocery,7,2.42,Road,Shadowfax,494.75,87.78,6.66,2025-09-12,2025-09-17,2025-09-17,Delivered,5.0,No,No
ORD104633,CUST12185,2025-11-14,Hyderabad,Hyderabad,Surat,524.3,Electronics,2,2.36,Rail,XpressBees,1683.76,569.75,6.88,2025-11-16,2025-11-21,2025-11-21,Delivered,4.0,No,No
ORD103707,CUST10676,2025-05-31,Delhi,Delhi,Bhopal,510.8,Home & Kitchen,7,4.88,Rail,Delhivery,1775.56,364.68,8.87,2025-06-02,2025-06-08,2025-06-11,Delayed,3.0,No,No
ORD104062,CUST11940,2025-06-08,Hyderabad,Hyderabad,Pune,288.4,Home & Kitchen,1,2.94,Air,Shadowfax,2584.11,228.78,8.88,2025-06-11,2025-06-15,2025-06-15,Delivered,4.0,No,No
ORD100706,CUST10775,2025-09-01,Hyderabad,Hyderabad,Pune,320.5,Beauty,2,1.53,Express,DTDC,2230.73,324.84,10.17,2025-09-03,2025-09-06,2025-09-06,Delivered,4.0,No,No
ORD100619,CUST12437,2025-10-22,Pune,Pune,Ahmedabad,140.6,Books,6,6.27,Air,DTDC,1485.22,38.91,9.84,2025-10-24,2025-10-26,2025-10-28,Delayed,3.0,No,No
ORD104776,CUST11122,2025-08-07,Hyderabad,Hyderabad,Jaipur,973.2,Electronics,2,1.37,Air,Shadowfax,8920.18,748.94,5.76,2025-08-10,2025-08-14,2025-08-14,Delivered,,No,No
ORD100603,CUST12051,2025-02-01,Bengaluru,Bengaluru,Lucknow,245.6,Beauty,4,6.85,Air,DTDC,2408.01,179.99,6.25,2025-02-03,2025-02-06,2025-02-06,Delivered,4.0,No,No
ORD104761,CUST11159,2025-09-28,Hyderabad,Hyderabad,Delhi,132.8,Electronics,4,7.29,Rail,DTDC,515.65,104.73,7.64,2025-09-30,2025-10-06,2025-10-06,Delivered,4.0,No,No
ORD102452,CUST11830,2025-08-18,Hyderabad,Hyderabad,Lucknow,255.6,Home & Kitchen,2,4.35,Rail,Delhivery,917.11,314.83,4.94,2025-08-20,2025-08-27,2025-08-27,Delivered,5.0,No,No
ORD100239,CUST11473,2025-10-29,Delhi,Delhi,Hyderabad,370.7,Sports,4,3.63,Road,XpressBees,1666.25,,7.74,2025-10-31,2025-11-06,2025-11-06,Delivered,5.0,No,No
ORD101903,CUST12355,2025-07-05,Hyderabad,Hyderabad,Bengaluru,632.8,Grocery,3,8.9,Rail,Delhivery,2121.06,636.43,5.72,2025-07-07,2025-07-13,2025-07-13,Delivered,,No,No
ORD101088,CUST10085,2025-06-08,Hyderabad,Hyderabad,Bengaluru,279.7,Beauty,6,2.02,Road,Shadowfax,1321.29,200.28,9.54,2025-06-10,2025-06-15,2025-06-15,Delivered,5.0,No,No
ORD104415,CUST11956,2025-10-13,Mumbai,Mumbai,Kochi,432.7,Grocery,7,11.5,Road,Blue Dart,2201.04,292.28,6.89,2025-10-16,2025-10-22,2025-10-22,Delivered,4.0,No,No
ORD103451,CUST12127,2025-05-23,Mumbai,Mumbai,Jaipur,154.4,Electronics,1,4.04,Road,DTDC,627.1,108.21,8.71,2025-05-26,2025-05-30,2025-05-30,Delivered,5.0,No,No
ORD101642,CUST12539,2025-06-29,Hyderabad,Hyderabad,Surat,281.3,Beauty,3,3.56,Road,Shadowfax,1112.66,260.94,6.1,2025-07-02,2025-07-07,2025-07-07,Delivered,5.0,No,Yes
ORD100924,CUST11173,2025-06-04,Hyderabad,Hyderabad,Bengaluru,109.0,Sports,6,11.64,Road,DTDC,715.23,95.44,6.17,2025-06-06,2025-06-11,2025-06-11,Delivered,5.0,No,No
ORD104673,CUST11423,2025-12-05,Bengaluru,Bengaluru,Kolkata,220.9,Grocery,5,3.18,Road,Ecom Express,1118.91,155.62,10.61,2025-12-07,2025-12-12,2025-12-12,Delivered,5.0,No,No
ORD103923,CUST12237,2025-08-25,Pune,Pune,Kolkata,970.1,Grocery,3,5.8,Road,Ecom Express,4233.18,866.27,8.65,2025-08-27,2025-09-01,2025-09-01,Delivered,4.0,No,No
ORD102422,CUST11569,2025-01-11,Bengaluru,Bengaluru,Jaipur,967.1,Automotive,6,3.51,Road,Blue Dart,4083.75,992.2,7.45,2025-01-15,2025-01-23,2025-01-23,Delivered,4.0,No,No
ORD101442,CUST10318,2025-07-04,Delhi,Delhi,Indore,1256.3,Sports,1,9.56,Rail,DTDC,4287.28,1047.67,10.02,2025-07-06,2025-07-14,2025-07-14,Delivered,4.0,No,No
ORD101822,CUST11089,2025-02-10,Hyderabad,Hyderabad,Visakhapatnam,142.6,Clothing,6,6.18,Air,XpressBees,1337.99,199.63,8.3,2025-02-12,2025-02-15,2025-02-16,Delayed,3.0,No,No
ORD103321,CUST10167,2025-11-16,Chennai,Chennai,Bengaluru,88.5,Grocery,2,2.01,Express,Delhivery,753.09,53.8,6.95,2025-11-18,2025-11-21,2025-11-22,Delayed,4.0,No,No
ORD100963,CUST11930,2025-10-07,Chennai,Chennai,Surat,432.4,Beauty,4,3.88,Express,Blue Dart,3095.66,262.75,7.01,2025-10-09,2025-10-13,2025-10-13,Delivered,5.0,No,No
ORD103375,CUST10623,2025-06-28,Pune,Pune,Visakhapatnam,403.3,Home & Kitchen,2,2.85,Air,Ecom Express,3718.33,445.6,10.21,2025-06-30,2025-07-02,2025-07-02,Delivered,5.0,No,No
ORD100889,CUST10706,2025-09-07,Chennai,Chennai,Ahmedabad,216.1,Automotive,3,8.8,Road,DTDC,1044.35,207.95,9.09,2025-09-10,2025-09-14,2025-09-14,Delivered,4.0,No,No
ORD102972,CUST10194,2025-08-31,Chennai,Chennai,Surat,318.1,Books,5,1.57,Road,Blue Dart,1515.61,395.56,9.75,2025-09-02,2025-09-08,2025-09-08,Delivered,4.0,No,No
ORD104101,CUST11956,2025-06-11,Mumbai,Mumbai,Ahmedabad,168.2,Sports,7,4.26,Road,Delhivery,778.03,133.85,8.96,2025-06-13,2025-06-18,2025-06-19,Delayed,3.0,Yes,No
ORD101699,CUST12521,2025-04-16,Pune,Pune,Bhopal,275.3,Home & Kitchen,1,1.1,Air,Ecom Express,2500.48,213.32,11.35,2025-04-19,2025-04-20,2025-04-22,Delayed,4.0,No,No
ORD104661,CUST10953,2025-04-23,Hyderabad,Hyderabad,Nagpur,64.6,Books,1,7.17,Rail,Ecom Express,349.81,20.0,6.36,2025-04-26,2025-05-02,2025-05-02,Delivered,4.0,No,No
ORD100489,CUST11070,2025-03-15,Delhi,Delhi,Indore,908.6,Clothing,1,0.56,Road,Blue Dart,3786.95,1047.86,10.94,2025-03-17,2025-03-24,2025-03-24,Delivered,3.0,No,No
ORD103584,CUST12774,2025-07-09,Hyderabad,Hyderabad,Nagpur,228.8,Grocery,1,4.69,Rail,Blue Dart,825.63,243.43,5.49,2025-07-10,2025-07-15,2025-07-15,Delivered,4.0,No,No
ORD104829,CUST12158,2025-08-05,Delhi,Delhi,Indore,455.2,Clothing,1,13.65,Road,DTDC,2123.56,338.56,9.95,2025-08-08,2025-08-12,2025-08-12,Delivered,4.0,No,No
ORD104641,CUST11464,2025-07-10,Pune,Pune,Surat,650.0,Grocery,5,3.89,Air,Ecom Express,5974.11,492.92,10.29,2025-07-12,2025-07-14,2025-07-14,Delivered,4.0,No,No
ORD104719,CUST12518,2025-09-09,Chennai,Chennai,Delhi,556.1,Grocery,1,2.97,Express,Delhivery,3901.3,575.05,7.79,2025-09-11,2025-09-16,2025-09-16,Delivered,5.0,No,No
ORD103606,CUST11262,2025-06-18,Delhi,Delhi,Ahmedabad,96.5,Beauty,3,6.26,Road,Shadowfax,374.88,85.65,9.24,2025-06-20,2025-06-25,2025-06-28,Delayed,4.0,No,No
ORD104166,CUST12342,2025-11-10,Mumbai,Mumbai,Coimbatore,260.5,Beauty,2,5.1,Road,Ecom Express,1203.49,163.78,9.59,2025-11-13,2025-11-17,2025-11-17,Delivered,5.0,No,No
ORD103119,CUST11296,2025-08-17,Hyderabad,Hyderabad,Kolkata,808.3,Beauty,5,3.83,Rail,Blue Dart,2683.61,572.38,7.87,2025-08-19,2025-08-25,2025-08-25,Delivered,4.0,No,No
ORD102546,CUST11319,2025-10-19,Bengaluru,Bengaluru,Vijayawada,378.3,Clothing,4,5.16,Road,Ecom Express,1749.03,441.08,7.75,2025-10-21,2025-10-28,2025-10-28,Delivered,4.0,No,No
ORD103423,CUST12570,2025-09-21,Hyderabad,Hyderabad,Nagpur,258.7,Grocery,3,3.17,Air,Delhivery,2428.74,288.88,4.78,2025-09-22,2025-09-26,2025-09-29,Delayed,3.0,No,No
ORD103628,CUST10388,2025-11-18,Pune,Pune,Visakhapatnam,145.6,Automotive,4,4.6,Road,DTDC,745.82,85.57,10.22,2025-11-21,2025-11-25,2025-11-25,Delivered,5.0,No,No
ORD102504,CUST12169,2025-07-13,Delhi,Delhi,Vijayawada,516.7,Grocery,6,3.96,Road,Delhivery,2301.82,382.83,7.6,2025-07-16,2025-07-23,2025-07-23,Delivered,4.0,No,No
ORD102982,CUST12256,2025-04-11,Hyderabad,Hyderabad,Coimbatore,535.7,Home & Kitchen,7,9.79,Road,Blue Dart,2392.23,496.5,10.9,2025-04-13,2025-04-18,2025-04-21,Delayed,4.0,No,No
ORD101205,CUST11018,2025-10-19,Mumbai,Mumbai,Chennai,121.9,Grocery,4,8.23,Road,DTDC,778.22,166.79,7.56,2025-10-21,2025-10-25,2025-10-25,Delivered,4.0,No,No
ORD102027,CUST12300,2025-01-13,Delhi,Delhi,Chennai,265.6,Electronics,5,3.76,Road,Shadowfax,1130.88,285.85,11.45,2025-01-15,2025-01-20,2025-01-20,Delivered,4.0,No,No
ORD102565,CUST11483,2025-03-08,Mumbai,Mumbai,Kochi,360.7,Automotive,3,4.3,Air,XpressBees,3339.81,392.52,7.32,2025-03-10,2025-03-12,2025-03-12,Delivered,5.0,No,No
ORD101023,CUST10928,2025-07-16,Hyderabad,Hyderabad,Kochi,272.1,Automotive,2,1.35,Rail,Shadowfax,902.45,258.05,5.48,2025-07-18,2025-07-26,2025-07-26,Delivered,5.0,No,No
ORD100455,CUST10578,2025-12-12,Hyderabad,Hyderabad,Nagpur,578.9,Sports,3,2.69,Road,XpressBees,2291.12,668.38,7.49,2025-12-14,2025-12-19,2025-12-19,Delivered,5.0,No,No
ORD100327,CUST10720,2025-07-14,Chennai,Chennai,Coimbatore,293.8,Sports,1,0.43,Air,Delhivery,2735.84,260.89,9.68,2025-07-17,2025-07-20,2025-07-20,Delivered,5.0,No,No
ORD102872,CUST12356,2025-10-19,Hyderabad,Hyderabad,Pune,156.3,Automotive,3,11.89,Road,XpressBees,866.11,133.22,4.96,2025-10-21,2025-10-27,2025-10-27,Delivered,4.0,Yes,No
ORD101194,CUST11936,2025-10-22,Chennai,Chennai,Jaipur,265.5,Electronics,6,2.14,Express,Ecom Express,2045.96,240.43,8.51,2025-10-25,2025-10-29,2025-11-03,Delayed,4.0,No,No
ORD102839,CUST11082,2025-04-27,Hyderabad,Hyderabad,Jaipur,451.5,Grocery,7,7.37,Air,DTDC,4442.54,407.85,4.11,2025-04-29,2025-05-01,2025-05-01,Delivered,5.0,No,No
ORD103082,CUST11119,2025-11-07,Pune,Pune,Kochi,176.5,Grocery,5,3.08,Rail,Ecom Express,553.38,95.32,13.74,2025-11-09,2025-11-16,2025-11-22,Delayed,3.0,No,No
ORD103251,CUST11557,2025-10-20,Bengaluru,Bengaluru,Indore,119.1,Automotive,4,3.2,Road,Blue Dart,657.13,210.94,7.97,2025-10-23,2025-10-28,2025-10-28,Delivered,3.0,No,No
ORD101838,CUST10664,2025-06-28,Mumbai,Mumbai,Bengaluru,605.2,Electronics,7,7.47,Air,Shadowfax,5700.27,640.13,8.96,2025-06-30,2025-07-04,2025-07-04,Delivered,5.0,Yes,No
ORD103662,CUST12740,2025-02-23,Pune,Pune,Jaipur,257.8,Grocery,6,2.88,Road,Ecom Express,1252.79,233.41,6.79,2025-02-25,2025-03-02,2025-03-02,Delivered,4.0,No,No
ORD103604,CUST10870,2025-04-11,Chennai,Chennai,Visakhapatnam,482.6,Electronics,6,10.43,Rail,Shadowfax,1810.5,430.96,7.74,2025-04-13,2025-04-20,2025-04-20,Delivered,4.0,No,No
ORD103290,CUST11866,2025-12-15,Bengaluru,Bengaluru,Surat,214.8,Clothing,4,1.64,Express,DTDC,1604.41,203.25,10.24,2025-12-18,2025-12-19,2025-12-19,Delivered,4.0,No,No
ORD104273,CUST10532,2025-02-16,Chennai,Chennai,Hyderabad,346.0,Books,5,4.39,Rail,Ecom Express,1344.43,373.4,3.61,2025-02-18,2025-02-24,2025-02-24,Delivered,5.0,No,No
ORD103664,CUST12406,2025-04-14,Bengaluru,Bengaluru,Chennai,277.3,Home & Kitchen,7,4.69,Express,Shadowfax,2319.54,232.99,8.68,2025-04-16,2025-04-20,2025-04-20,Delivered,5.0,No,No
ORD102936,CUST12753,2025-09-10,Delhi,Delhi,Visakhapatnam,109.2,Sports,1,3.61,Air,DTDC,942.01,44.77,12.12,2025-09-12,2025-09-14,2025-09-14,Delivered,5.0,No,No
ORD100265,CUST10142,2025-09-21,Chennai,Chennai,Pune,1015.7,Sports,4,4.26,Rail,XpressBees,3434.63,1008.36,10.48,2025-09-24,2025-10-02,2025-10-02,Delivered,5.0,No,No
ORD100210,CUST12774,2025-04-06,Mumbai,Mumbai,Pune,549.1,Clothing,2,3.75,Express,DTDC,3893.42,453.85,9.43,2025-04-08,2025-04-12,2025-04-12,Delivered,4.0,No,No
ORD101118,CUST10907,2025-03-28,Bengaluru,Bengaluru,Mumbai,201.5,Clothing,6,7.45,Road,Shadowfax,1013.2,147.54,6.56,2025-03-30,2025-04-04,2025-04-04,Delivered,5.0,No,No
ORD103021,CUST12595,2025-12-09,Delhi,Delhi,Visakhapatnam,319.7,Automotive,4,0.68,Road,Ecom Express,1528.49,275.0,12.11,2025-12-11,2025-12-16,2025-12-16,Delivered,4.0,No,No
ORD102357,CUST10016,2025-04-23,Chennai,Chennai,Bengaluru,969.3,Electronics,4,4.93,Rail,Delhivery,3294.35,943.6,7.49,2025-04-25,2025-05-02,2025-05-02,Delivered,5.0,No,No
ORD103098,CUST12412,2025-10-06,Pune,Pune,Hyderabad,569.0,Automotive,6,2.37,Rail,DTDC,1871.4,398.44,9.26,2025-10-08,2025-10-15,2025-10-15,Delivered,4.0,No,No
ORD101847,CUST10383,2025-01-26,Chennai,Chennai,Ahmedabad,89.9,Home & Kitchen,7,2.99,Road,Shadowfax,361.65,104.32,2.9,2025-01-28,2025-02-01,2025-02-01,Delivered,,No,No
ORD102595,CUST10893,2025-12-06,Chennai,Chennai,Bhopal,540.1,Electronics,6,10.42,Rail,Delhivery,1957.59,395.7,4.55,2025-12-08,2025-12-13,2025-12-13,Delivered,4.0,No,No
ORD100991,CUST11229,2025-03-22,Chennai,Chennai,Mumbai,423.5,Home & Kitchen,5,6.2,Air,Delhivery,3981.35,392.65,8.47,2025-03-24,2025-03-26,2025-03-26,Delivered,5.0,No,No
ORD103812,CUST10298,2025-09-08,Bengaluru,Bengaluru,Lucknow,-25.0,Grocery,7,9.61,Road,Ecom Express,4229.23,670.22,7.49,2025-09-10,2025-09-15,2025-09-15,Delivered,4.0,No,No
ORD101546,CUST11947,2025-02-21,Pune,Pune,Mumbai,326.2,Electronics,5,1.89,Road,DTDC,1406.53,300.51,11.38,2025-02-24,2025-03-02,2025-03-02,Delivered,4.0,No,No
ORD100086,CUST12190,2025-11-10,Hyderabad,Hyderabad,Chennai,540.1,Electronics,7,3.52,Road,DTDC,2473.51,419.42,6.04,2025-11-13,2025-11-19,2025-11-24,Delayed,3.0,No,No
ORD103193,CUST10845,2025-01-25,Bengaluru,Bengaluru,Delhi,332.0,Grocery,3,5.97,Air,DTDC,3093.57,313.27,9.09,2025-01-28,2025-01-30,2025-01-30,Delivered,4.0,No,No
ORD101687,CUST12665,2025-03-20,Delhi,Delhi,Lucknow,104.0,Electronics,6,5.27,Express,Delhivery,1019.29,76.87,9.89,2025-03-22,2025-03-25,2025-03-25,Delivered,5.0,No,No
ORD104492,CUST10866,2025-09-06,Pune,Pune,Bhopal,535.6,Sports,7,1.43,Air,Delhivery,4909.03,462.48,8.77,2025-09-08,2025-09-12,2025-09-12,Delivered,5.0,No,No
ORD101320,CUST10948,2025-01-20,Pune,Pune,Vijayawada,740.0,Sports,4,6.08,Road,Ecom Express,3247.74,628.29,6.72,2025-01-22,2025-01-28,2025-01-28,Delivered,4.0,Yes,No
ORD100872,CUST11326,2025-02-21,Hyderabad,Hyderabad,Ahmedabad,393.4,Clothing,7,9.97,Express,DTDC,2930.39,260.26,5.82,2025-02-23,2025-02-26,2025-02-26,Delivered,4.0,No,No
ORD101941,CUST11665,2025-04-09,Bengaluru,Bengaluru,Pune,229.3,Beauty,7,12.16,Road,Ecom Express,1331.73,225.78,9.23,2025-04-11,2025-04-17,2025-04-19,Delayed,4.0,No,No
ORD101768,CUST10049,2025-03-19,Hyderabad,Hyderabad,Chennai,487.6,Sports,4,1.14,Road,Ecom Express,2197.83,424.07,3.16,2025-03-20,2025-03-24,2025-03-24,Delivered,4.0,No,No
ORD102864,CUST12205,2025-04-04,Hyderabad,Hyderabad,Chennai,118.9,Books,6,9.0,Road,DTDC,721.26,111.95,8.3,2025-04-07,2025-04-12,2025-04-19,Delayed,3.0,No,No
ORD100687,CUST11809,2025-12-02,Pune,Pune,Indore,426.9,Books,6,2.8,Air,Blue Dart,4021.57,337.49,6.9,2025-12-03,2025-12-06,2025-12-06,Delivered,5.0,No,No
ORD104962,CUST12680,2025-07-12,Chennai,Chennai,Indore,292.5,Books,6,6.25,Air,DTDC,2749.52,215.46,8.67,2025-07-13,2025-07-15,2025-07-15,Delivered,3.0,No,No
ORD103249,CUST11795,2025-10-05,Delhi,Delhi,Kochi,62.4,Books,3,2.0,Air,DTDC,604.63,56.23,9.86,2025-10-06,2025-10-09,2025-10-09,Delivered,5.0,No,No
ORD100232,CUST11890,2025-08-03,Bengaluru,Bengaluru,Delhi,265.4,Clothing,1,0.81,Express,Blue Dart,1969.32,303.69,7.53,2025-08-06,2025-08-09,2025-08-09,Delivered,5.0,No,No
ORD102350,CUST12528,2025-01-26,Delhi,Delhi,Ahmedabad,146.6,Automotive,5,10.85,Express,Delhivery,1293.25,159.43,11.06,2025-01-28,2025-01-31,2025-01-31,Delivered,4.0,No,No
ORD102801,CUST12742,2025-12-01,Hyderabad,Hyderabad,Mumbai,332.2,Automotive,6,2.75,Road,DTDC,1492.55,364.72,7.15,2025-12-03,2025-12-07,2025-12-07,Delivered,4.0,No,No
ORD102716,CUST12228,2025-05-10,Mumbai,Mumbai,Nagpur,305.9,Beauty,7,9.59,Express,Ecom Express,2299.61,250.02,12.68,2025-05-14,2025-05-18,2025-05-18,Delivered,4.0,No,No
ORD100451,CUST11595,2025-08-17,Hyderabad,Hyderabad,Jaipur,569.3,Home & Kitchen,1,3.55,Road,Ecom Express,2625.64,641.65,7.28,2025-08-19,2025-08-25,2025-08-29,Delayed,3.0,No,No
ORD101824,CUST10624,2025-05-07,Pune,Pune,Nagpur,1324.8,Electronics,4,6.39,Air,DTDC,12135.51,945.13,,2025-05-09,2025-05-14,2025-05-14,Delivered,4.0,No,No
ORD102650,CUST11437,2025-06-12,Hyderabad,Hyderabad,Bengaluru,299.7,Clothing,5,0.57,Air,DTDC,2764.21,355.86,5.01,2025-06-15,2025-06-18,2025-06-18,Delivered,5.0,No,No
ORD100186,CUST11440,2025-03-12,Pune,Pune,,827.1,sports,6,0.87,Express,Ecom Express,5837.28,714.99,10.42,2025-03-14,2025-03-20,2025-03-21,Delayed,3.0,No,No
ORD104846,CUST11281,2025-09-10,Bengaluru,Bengaluru,Lucknow,200.7,Books,6,13.14,Road,DTDC,1008.54,224.95,8.69,2025-09-12,2025-09-18,2025-09-18,Delivered,5.0,No,No
ORD101683,CUST11044,2025-05-29,Bengaluru,Bengaluru,Surat,243.2,Home & Kitchen,5,6.17,Air,Blue Dart,2372.4,179.97,6.68,2025-06-01,2025-06-02,2025-06-02,Delivered,5.0,No,No
ORD102964,CUST10566,2025-10-21,Delhi,Delhi,Kolkata,121.4,Grocery,3,5.19,Air,DTDC,1146.59,108.57,11.8,2025-10-23,2025-10-25,2025-10-30,Delayed,3.0,No,No
ORD104046,CUST11555,2025-08-03,Mumbai,Mumbai,Bhopal,156.7,Books,3,2.97,Air,Delhivery,1692.17,190.76,9.65,2025-08-05,2025-08-06,2025-08-07,Delayed,2.0,No,No
ORD103413,CUST10583,2025-08-01,Mumbai,Mumbai,Lucknow,236.5,Electronics,3,3.59,Road,DTDC,1088.91,168.21,7.98,2025-08-04,2025-08-09,2025-08-09,Delivered,5.0,No,No
ORD102117,CUST10599,2025-02-12,Chennai,Chennai,Kolkata,434.8,Grocery,7,6.26,Rail,XpressBees,1572.42,507.95,4.35,2025-02-14,2025-02-20,2025-02-20,Delivered,5.0,No,No
ORD103415,CUST11113,2025-01-09,Pune,Pune,Delhi,423.0,Clothing,1,1.09,Air,Blue Dart,3748.86,314.4,5.51,2025-01-11,2025-01-14,2025-01-14,Delivered,4.0,No,No
ORD104494,CUST11436,2025-06-26,Chennai,Chennai,Mumbai,185.2,Beauty,3,1.08,Road,XpressBees,762.61,188.69,6.97,2025-06-28,2025-07-03,2025-07-03,Delivered,5.0,No,No
ORD103177,CUST12321,2025-02-05,Bengaluru,Bengaluru,,549.7,Home & Kitchen,1,3.27,Road,Shadowfax,2466.7,495.54,7.05,2025-02-08,2025-02-14,2025-02-14,Delivered,5.0,Yes,No
ORD101947,CUST11000,2025-03-13,Delhi,Delhi,Visakhapatnam,364.6,Clothing,2,3.34,Rail,DTDC,1241.48,322.86,12.43,2025-03-16,2025-03-21,2025-03-21,Delivered,4.0,No,No
ORD103255,CUST10120,2025-11-12,Chennai,Chennai,Vijayawada,111.8,Electronics,4,1.93,Road,XpressBees,625.31,90.36,3.14,2025-11-13,2025-11-18,2025-11-18,Delivered,5.0,No,No
ORD102215,CUST12481,2025-10-16,Pune,Pune,Vijayawada,254.1,Books,5,3.36,Road,Delhivery,1111.2,320.73,12.05,2025-10-18,2025-10-22,2025-10-22,Delivered,5.0,No,No
ORD100014,CUST10940,2025-06-22,Hyderabad,Hyderabad,Mumbai,296.2,Books,5,2.28,Express,Shadowfax,2140.73,351.42,12.05,2025-06-25,2025-06-28,2025-06-28,Delivered,4.0,No,No
ORD102012,CUST12730,2025-10-31,Mumbai,Mumbai,Jaipur,567.9,Automotive,2,10.34,Express,Blue Dart,4220.09,383.27,9.92,2025-11-03,2025-11-06,2025-11-06,Delivered,3.0,No,No
ORD102272,CUST11533,2025-08-21,Pune,Pune,Delhi,431.7,Grocery,1,6.85,Express,DTDC,3089.02,343.88,8.74,2025-08-23,2025-08-27,2025-08-27,Delivered,5.0,No,No
ORD104729,CUST11510,2025-04-11,Bengaluru,Bengaluru,Kolkata,804.2,Home & Kitchen,3,4.43,road,DTDC,3500.99,744.95,8.61,2025-04-14,2025-04-20,2025-04-20,Delivered,5.0,No,No
ORD101823,CUST10038,2025-04-15,Delhi,Delhi,Chennai,233.1,Home & Kitchen,5,2.46,Rail,Delhivery,709.12,202.82,7.6,2025-04-16,2025-04-23,2025-04-23,Delivered,4.0,No,No
ORD101263,CUST11322,2025-08-01,Bengaluru,Bengaluru,Chennai,220.9,Automotive,2,3.04,Road,Delhivery,949.87,102.9,10.63,2025-08-04,2025-08-09,2025-08-15,Delayed,3.0,No,No
ORD100229,CUST10697,2025-04-16,Chennai,Chennai,Bengaluru,308.5,Beauty,6,4.68,Road,Ecom Express,1443.03,259.97,7.47,2025-04-19,2025-04-24,2025-04-24,Delivered,5.0,No,No
ORD100745,CUST11586,2025-03-24,Delhi,Delhi,Jaipur,757.9,Home & Kitchen,5,3.05,Express,DTDC,5540.5,581.05,8.57,2025-03-26,2025-03-30,2025-03-30,Delivered,5.0,No,No
ORD104364,CUST10912,2025-06-20,Pune,Pune,Ahmedabad,434.8,Beauty,3,6.19,Road,XpressBees,1993.24,450.37,6.76,2025-06-22,2025-06-28,2025-07-01,Delayed,3.0,No,No
ORD102894,CUST11126,2025-08-09,Hyderabad,Hyderabad,Bhopal,157.7,Beauty,5,4.06,Rail,Shadowfax,539.7,61.43,8.01,2025-08-12,2025-08-17,2025-08-17,Delivered,4.0,No,No
ORD103703,CUST12060,2025-03-08,Pune,Pune,Jaipur,357.1,Sports,2,0.81,Road,Blue Dart,1458.97,311.65,10.8,2025-03-10,2025-03-16,2025-03-16,Delivered,4.0,No,No
ORD101619,CUST11257,2025-10-10,Mumbai,Mumbai,Coimbatore,228.7,Clothing,3,2.95,Express,Shadowfax,1710.79,183.66,11.23,2025-10-13,2025-10-16,2025-10-16,Delivered,5.0,No,No
ORD102021,CUST10316,2025-07-15,Delhi,Delhi,Chennai,341.1,Grocery,6,5.8,Express,DTDC,2447.13,303.49,10.13,2025-07-17,2025-07-21,2025-07-21,Delivered,4.0,No,No
ORD104788,CUST12736,2025-05-21,Hyderabad,Hyderabad,Bengaluru,111.4,Clothing,7,2.36,Road,Ecom Express,574.26,145.21,10.39,2025-05-23,2025-05-28,2025-05-28,Delivered,4.0,No,No
ORD104022,CUST12378,2025-10-21,Pune,Pune,Visakhapatnam,250.7,Grocery,2,4.57,Air,Ecom Express,2226.38,264.1,7.76,2025-10-24,2025-10-26,2025-10-26,Delivered,,No,No
ORD101422,CUST11211,2025-08-12,Bengaluru,Bengaluru,Coimbatore,865.0,Automotive,4,1.79,Express,Shadowfax,6147.23,632.95,12.36,2025-08-15,2025-08-20,2025-08-20,Delivered,5.0,No,No
ORD100117,CUST10073,2025-04-30,Hyderabad,Hyderabad,Coimbatore,388.1,Electronics,2,15.15,Air,DTDC,3820.42,411.58,6.34,2025-05-02,2025-05-04,2025-05-04,Delivered,4.0,No,No
ORD101487,CUST12187,2025-07-25,Pune,Pune,Indore,214.3,books,6,6.75,Road,XpressBees,1072.14,205.89,11.37,2025-07-28,2025-08-02,2025-08-04,Delayed,4.0,No,No
ORD102606,CUST10384,2025-11-18,Chennai,Chennai,Kochi,360.9,Sports,5,7.83,Road,Shadowfax,1767.06,448.32,6.99,2025-11-20,2025-11-26,2025-11-26,Delivered,5.0,No,No
ORD103282,CUST11868,2025-10-09,Chennai,Chennai,Ahmedabad,236.8,Automotive,5,1.58,Rail,Blue Dart,753.7,282.42,4.02,2025-10-11,2025-10-17,2025-10-19,Delayed,4.0,No,No
ORD100298,CUST11982,2025-07-27,Pune,Pune,Mumbai,745.1,Electronics,3,10.91,Road,Blue Dart,3324.1,743.96,9.42,2025-07-30,2025-08-05,2025-08-05,Delivered,5.0,No,No
ORD103314,CUST11896,2025-10-15,Hyderabad,Hyderabad,Nagpur,190.2,Automotive,7,1.36,Express,Blue Dart,1575.97,158.41,4.69,2025-10-17,2025-10-20,2025-10-20,Delivered,,No,No
ORD100048,CUST11860,2025-11-28,Delhi,Delhi,Kolkata,535.8,Grocery,5,6.74,Road,DTDC,2389.23,476.91,7.46,2025-11-30,2025-12-06,2025-12-06,Delivered,5.0,No,No
ORD104007,CUST10115,2025-08-28,Chennai,Chennai,Bhopal,205.8,Electronics,3,2.12,Rail,Ecom Express,818.87,270.23,5.4,2025-08-30,2025-09-04,2025-09-04,Delivered,4.0,No,No
ORD101761,CUST10989,2025-03-08,chennai,Chennai,Hyderabad,449.6,Automotive,4,3.09,Air,Ecom Express,4202.81,384.18,7.72,2025-03-10,2025-03-14,2025-03-14,Delivered,3.0,No,No
ORD103549,CUST11180,2025-03-28,Bengaluru,Bengaluru,Mumbai,558.7,Electronics,5,3.39,Road,Blue Dart,2420.6,616.68,6.55,2025-03-30,2025-04-05,2025-04-05,Delivered,3.0,No,No
ORD104361,CUST12659,2025-10-04,Hyderabad,Hyderabad,Jaipur,199.6,Grocery,2,6.64,Road,DTDC,961.97,149.51,6.05,2025-10-05,2025-10-10,2025-10-10,Delivered,4.0,No,No
ORD103772,CUST10092,2025-08-08,Mumbai,Mumbai,Chennai,523.7,Grocery,7,7.48,Rail,Blue Dart,1872.69,469.96,8.32,2025-08-10,2025-08-17,2025-08-17,Delivered,4.0,No,No
ORD104551,CUST10326,2025-12-27,Mumbai,Mumbai,Visakhapatnam,219.7,Sports,6,5.45,Road,XpressBees,1115.47,174.5,5.58,2025-12-30,2026-01-05,2026-01-05,Delivered,3.0,No,No
ORD104531,CUST10823,2025-07-11,Mumbai,Mumbai,Coimbatore,502.6,Home & Kitchen,7,6.57,Express,Blue Dart,3725.04,418.15,10.57,2025-07-14,2025-07-19,2025-07-19,Delivered,4.0,No,No
ORD104702,CUST12755,2025-10-11,Mumbai,Mumbai,Jaipur,359.2,Books,3,4.84,Road,Blue Dart,1642.97,,5.43,2025-10-13,2025-10-17,2025-10-17,Delivered,5.0,No,Yes
ORD102684,CUST10627,2025-04-24,Chennai,Chennai,Hyderabad,149.9,Electronics,1,8.9,Road,Delhivery,708.33,116.16,6.53,2025-04-27,2025-05-03,2025-05-03,Delivered,5.0,No,No
ORD104059,CUST11983,2025-09-23,Hyderabad,Hyderabad,Bengaluru,282.3,Electronics,7,2.59,Air,Shadowfax,2631.26,292.63,7.95,2025-09-26,2025-09-29,2025-09-29,Delivered,5.0,No,No
ORD103121,CUST10593,2025-08-26,Delhi,Delhi,Bengaluru,354.7,Grocery,1,9.82,Road,Ecom Express,1712.85,326.66,11.0,2025-08-28,2025-09-04,2025-09-04,Delivered,4.0,No,No
ORD101929,CUST11804,2025-10-31,Chennai,Chennai,Visakhapatnam,222.6,Electronics,4,1.89,Air,Shadowfax,1927.32,259.04,6.67,2025-11-01,2025-11-04,2025-11-04,Delivered,5.0,No,No
ORD100744,CUST12446,2025-07-21,Mumbai,Mumbai,Nagpur,291.3,Home & Kitchen,1,3.14,Express,Delhivery,2090.45,278.61,12.12,2025-07-24,2025-07-27,2025-07-27,Delivered,4.0,No,No
ORD100417,CUST12765,2025-02-23,Hyderabad,Hyderabad,Coimbatore,480.3,Beauty,3,18.96,Road,Shadowfax,2300.73,502.43,4.57,2025-02-24,2025-03-01,2025-03-01,Delivered,5.0,No,No
ORD103466,CUST11815,2025-03-29,Chennai,Chennai,Vijayawada,431.2,Beauty,5,6.9,Air,DTDC,4056.05,260.81,6.04,2025-03-30,2025-04-02,2025-04-02,Delivered,5.0,No,No
ORD100203,CUST11586,2025-12-11,Bengaluru,Bengaluru,Vijayawada,363.1,Home & Kitchen,7,0.86,Road,Blue Dart,1618.65,325.4,11.01,2025-12-14,2025-12-19,2025-12-19,Delivered,5.0,No,No
ORD103519,CUST12246,2025-06-27,Bengaluru,Bengaluru,Lucknow,166.0,Grocery,6,3.91,Road,Blue Dart,810.66,92.35,11.02,2025-06-30,2025-07-04,2025-07-04,Delivered,3.0,No,No
ORD100317,CUST11388,2025-09-07,Bengaluru,Bengaluru,Kochi,826.1,Automotive,3,8.01,Road,Blue Dart,3500.22,654.83,4.69,2025-09-10,2025-09-17,2025-09-17,Delivered,4.0,No,No
ORD102368,CUST10291,2025-09-11,Delhi,Delhi,Kochi,707.9,Grocery,7,6.35,Road,DTDC,3237.33,667.33,,2025-09-13,2025-09-19,2025-09-19,Delivered,5.0,No,No
ORD100379,CUST11932,2025-03-27,Mumbai,Mumbai,Nagpur,383.1,Clothing,4,12.34,Road,Blue Dart,1785.02,139.88,11.63,2025-03-30,2025-04-05,2025-04-05,Delivered,5.0,No,No
ORD102518,CUST10691,2025-03-01,Bengaluru,Bengaluru,Surat,119.9,Grocery,2,4.64,Road,XpressBees,503.32,72.9,6.78,2025-03-04,2025-03-10,2025-03-10,Delivered,4.0,No,No
ORD104306,CUST10009,2025-07-02,Chennai,Chennai,Hyderabad,239.1,Clothing,7,6.55,Express,XpressBees,1800.37,218.11,4.45,2025-07-03,2025-07-05,2025-07-05,Delivered,5.0,No,No
ORD103339,CUST10171,2025-10-30,Hyderabad,Hyderabad,Surat,229.4,Automotive,6,8.65,Road,DTDC,1206.1,236.83,7.46,2025-10-31,2025-11-04,2025-11-05,Delayed,3.0,Yes,No
ORD100576,CUST12704,2025-11-26,Pune,Pune,Hyderabad,244.1,Automotive,6,12.27,Rail,Ecom Express,1078.47,231.82,9.38,2025-11-29,2025-12-04,2025-12-04,Delivered,4.0,No,No
ORD103909,CUST12353,2025-06-07,Hyderabad,Hyderabad,Visakhapatnam,1226.4,Clothing,4,1.95,Road,Ecom Express,5187.22,1216.85,11.35,2025-06-10,2025-06-16,2025-06-16,Delivered,4.0,No,No
ORD102138,CUST12693,2025-07-17,Delhi,Delhi,Jaipur,333.1,Electronics,3,6.34,Air,Shadowfax,3208.8,296.32,7.18,2025-07-19,2025-07-22,2025-07-22,Delivered,4.0,No,Yes
ORD103543,CUST11280,2025-05-19,Pune,Pune,Jaipur,336.3,Sports,3,2.7,Express,Ecom Express,2202.89,322.17,7.86,2025-05-21,2025-05-25,2025-05-25,Delivered,5.0,No,No
ORD101498,CUST11908,2025-12-13,Hyderabad,Hyderabad,Lucknow,778.0,Sports,2,4.25,Rail,XpressBees,2593.96,664.27,11.03,2025-12-15,2025-12-22,2025-12-24,Delayed,4.0,No,No
ORD102321,CUST12618,2025-07-18,Hyderabad,Hyderabad,Bengaluru,159.2,Clothing,5,7.79,Express,Shadowfax,1481.98,154.58,6.46,2025-07-20,2025-07-23,2025-07-23,Delivered,4.0,No,No
ORD101353,CUST11579,2025-04-01,Bengaluru,Bengaluru,Lucknow,393.4,Automotive,6,4.29,Road,XpressBees,1793.49,284.15,8.42,2025-04-03,2025-04-07,2025-04-09,Delayed,3.0,No,No
ORD103968,CUST11693,2025-08-25,Chennai,Chennai,Nagpur,434.8,Beauty,6,4.15,Road,XpressBees,2002.29,452.48,6.56,2025-08-27,2025-09-02,2025-09-02,Delivered,3.0,No,No
ORD102669,CUST10687,2025-12-19,Hyderabad,Hyderabad,Kochi,603.1,Sports,3,13.84,Road,delhivery,2857.93,695.87,8.8,2025-12-21,2025-12-27,2025-12-27,Delivered,4.0,No,No
ORD103709,CUST10529,2025-03-17,Hyderabad,Hyderabad,Mumbai,100.9,Electronics,6,4.48,Road,XpressBees,485.58,81.72,6.23,2025-03-18,2025-03-22,2025-03-22,Delivered,4.0,No,Yes
ORD101527,CUST11406,2025-04-25,Delhi,Delhi,Pune,292.2,Electronics,4,22.72,Road,Ecom Express,1634.1,270.95,7.4,2025-04-28,2025-05-02,2025-05-08,Delayed,4.0,No,No
ORD100183,CUST12323,2025-06-16,Delhi,Delhi,Vijayawada,126.6,Beauty,7,7.77,Air,DTDC,1338.91,111.38,14.96,2025-06-19,2025-06-21,2025-06-23,Delayed,4.0,No,No
ORD100769,CUST10682,2025-10-12,Chennai,Chennai,Jaipur,288.9,Sports,6,1.25,Road,XpressBees,1131.74,206.02,10.86,2025-10-14,2025-10-19,2025-10-19,Delivered,4.0,No,No
ORD101123,CUST11102,2025-11-19,Hyderabad,Hyderabad,Jaipur,336.0,Beauty,3,1.22,Road,Blue Dart,1482.65,284.01,4.63,2025-11-21,2025-11-25,2025-11-25,Delivered,4.0,No,No
ORD104605,CUST11619,2025-11-09,Pune,Pune,Visakhapatnam,859.7,Electronics,5,5.05,Road,Blue Dart,3713.3,688.99,7.27,2025-11-12,2025-11-19,2025-11-19,Delivered,4.0,No,No
ORD104119,CUST10034,2025-06-11,Mumbai,Mumbai,Kochi,286.9,Books,6,1.31,Rail,DTDC,892.61,227.8,13.03,2025-06-14,2025-06-20,2025-06-24,Delayed,4.0,No,No
ORD101120,CUST11656,2025-11-01,Pune,Pune,Delhi,278.9,Beauty,1,14.65,Road,shadowfax,1309.54,282.95,9.44,2025-11-03,2025-11-08,2025-11-08,Delivered,4.0,No,No
ORD102402,CUST11415,2025-08-11,Hyderabad,Hyderabad,Nagpur,357.9,Sports,7,3.45,Rail,Shadowfax,1271.55,295.51,6.65,2025-08-13,2025-08-17,2025-08-17,Delivered,5.0,No,No
ORD104644,CUST11260,2025-12-02,Mumbai,Mumbai,Vijayawada,537.2,Automotive,1,2.06,Air,Blue Dart,4913.98,508.55,8.33,2025-12-03,2025-12-06,2025-12-06,Delivered,4.0,No,No
ORD101289,CUST12308,2025-11-06,Mumbai,Mumbai,Indore,443.2,Home & Kitchen,7,6.55,Road,Shadowfax,2060.9,465.95,11.19,2025-11-09,2025-11-15,2025-11-16,Delayed,2.0,No,No
ORD101364,CUST12451,2025-02-11,Pune,Pune,Kochi,353.9,Books,7,4.99,Rail,Delhivery,1251.07,389.63,8.2,2025-02-13,2025-02-18,2025-02-20,Delayed,4.0,No,No
ORD104516,CUST10239,2025-06-11,Hyderabad,Hyderabad,Ahmedabad,486.8,Home & Kitchen,6,11.19,Rail,Blue Dart,1748.08,380.47,7.76,2025-06-13,2025-06-19,2025-06-19,Delivered,4.0,No,No
ORD104182,CUST11901,2025-07-23,Hyderabad,Hyderabad,Pune,423.0,Electronics,2,4.37,Road,DTDC,1877.49,341.15,6.79,2025-07-25,2025-07-31,2025-07-31,Delivered,5.0,No,No
ORD100370,CUST11924,2025-03-12,Delhi,Delhi,Chennai,545.4,Books,4,3.75,Air,Shadowfax,5106.79,416.13,11.48,2025-03-14,2025-03-18,2025-03-18,Delivered,4.0,No,No
ORD101294,CUST12703,2025-07-11,Hyderabad,Hyderabad,Vijayawada,659.2,Books,3,5.73,Rail,Delhivery,2086.48,433.46,7.64,2025-07-13,2025-07-18,2025-07-18,Delivered,5.0,No,No
ORD102467,CUST11456,2025-03-08,Hyderabad,Hyderabad,Coimbatore,525.3,Clothing,1,11.09,Road,DTDC,2407.7,418.58,8.56,2025-03-11,2025-03-17,2025-03-19,Delayed,4.0,No,No
ORD102450,CUST12542,2025-03-01,Delhi,Delhi,Nagpur,271.0,Grocery,3,13.04,Road,XpressBees,1301.89,272.84,13.48,2025-03-03,2025-03-08,2025-03-10,Delayed,3.0,No,No
ORD104830,CUST10582,2025-12-26,Bengaluru,Bengaluru,Chennai,211.8,Grocery,6,11.28,Road,Ecom Express,1183.73,172.42,7.19,2025-12-28,2026-01-03,2026-01-03,Delivered,4.0,No,No
ORD103068,CUST12320,2025-03-08,Pune,Pune,Kolkata,1320.0,Books,3,2.25,Express,Blue Dart,9277.63,1327.87,7.67,2025-03-10,2025-03-16,2025-03-16,Delivered,4.0,No,No
ORD104326,CUST11844,2025-05-21,Pune,Pune,Bengaluru,164.3,Grocery,3,5.25,Air,XpressBees,1471.71,180.86,6.18,2025-05-23,2025-05-25,2025-05-25,Delivered,4.0,No,No
ORD100790,CUST11448,2025-12-22,Bengaluru,Bengaluru,Chennai,237.2,Automotive,4,5.48,Road,Shadowfax,1083.71,264.67,7.52,2025-12-24,2025-12-29,2025-12-29,Delivered,5.0,No,No
ORD100250,CUST12395,2025-07-30,Bengaluru,Bengaluru,Pune,411.7,Home & Kitchen,6,5.15,Air,Delhivery,3963.1,350.33,11.43,2025-08-02,2025-08-06,2025-08-06,Delivered,5.0,No,No
ORD100365,CUST10212,2025-04-24,Pune,Pune,Kolkata,633.7,Books,6,14.63,Road,DTDC,2875.88,620.3,7.39,2025-04-26,2025-05-01,2025-05-04,Delayed,3.0,No,No
ORD104006,CUST11474,2025-03-10,Mumbai,Mumbai,Coimbatore,234.2,Sports,2,14.2,Air,Blue Dart,2541.76,228.4,9.16,2025-03-11,2025-03-12,2025-03-12,Delivered,5.0,No,No
ORD103142,CUST11937,2025-07-21,Bengaluru,Bengaluru,Lucknow,140.7,Beauty,7,2.95,Air,Ecom Express,1374.45,137.77,4.99,2025-07-23,2025-07-24,2025-07-24,Delivered,5.0,Yes,No
ORD102563,CUST12268,2025-02-16,Bengaluru,Bengaluru,Mumbai,366.7,Clothing,5,6.22,Road,Delhivery,1594.36,300.16,6.19,2025-02-19,2025-02-25,2025-02-25,Delivered,5.0,No,No
ORD101044,CUST12048,2025-03-01,Pune,Pune,Visakhapatnam,428.7,Home & Kitchen,6,3.18,Air,XpressBees,3946.14,433.8,9.58,2025-03-03,2025-03-06,2025-03-06,Delivered,4.0,No,No
ORD104285,CUST11419,2025-10-14,Pune,Pune,Jaipur,448.9,Books,3,5.18,Rail,Shadowfax,1531.46,406.63,8.21,2025-10-16,2025-10-23,2025-10-24,Delayed,4.0,No,No
ORD101137,CUST11247,2025-09-07,Delhi,Delhi,Visakhapatnam,369.5,Home & Kitchen,3,6.07,Rail,Shadowfax,1319.18,324.6,12.07,2025-09-09,2025-09-16,2025-09-16,Delivered,5.0,No,No
ORD103380,CUST11123,2025-05-03,Pune,Pune,Lucknow,288.4,Home & Kitchen,6,4.8,Road,Shadowfax,1403.68,286.71,8.89,2025-05-05,2025-05-10,2025-05-10,Delivered,5.0,No,No
ORD100479,CUST11038,2025-08-09,Bengaluru,Bengaluru,Ahmedabad,350.1,Clothing,5,0.81,Road,Shadowfax,1408.49,363.39,8.71,2025-08-11,2025-08-17,2025-08-17,Delivered,5.0,No,No
ORD102301,CUST11656,2025-12-03,Chennai,Chennai,Nagpur,770.7,Sports,4,2.05,Air,XpressBees,6942.71,804.07,6.03,2025-12-05,2025-12-08,2025-12-08,Delivered,4.0,No,No
ORD104431,CUST11456,2025-09-11,Mumbai,Mumbai,Surat,201.6,Books,7,3.75,Air,Delhivery,1921.97,212.42,6.67,2025-09-13,2025-09-17,2025-09-17,Delivered,,No,No
ORD103490,CUST12543,2025-12-19,Mumbai,Mumbai,Vijayawada,268.0,Home & Kitchen,2,9.75,Road,XpressBees,1289.84,193.9,9.97,2025-12-21,2025-12-25,2025-12-25,Delivered,4.0,No,No
ORD103116,CUST11548,2025-11-16,Delhi,Delhi,Coimbatore,354.5,Automotive,5,11.19,Road,XpressBees,1671.45,315.49,7.41,2025-11-18,2025-11-23,2025-11-27,Delayed,4.0,No,No
ORD100911,CUST12297,2025-07-15,Chennai,Chennai,Nagpur,928.2,Home & Kitchen,5,6.19,Road,Blue Dart,4141.59,1039.07,7.13,2025-07-17,2025-07-24,2025-07-24,Delivered,4.0,No,No
ORD101488,CUST10874,2025-10-18,Delhi,Delhi,Bhopal,164.8,Automotive,6,4.97,Road,DTDC,837.68,168.31,11.33,2025-10-21,2025-10-25,2025-10-25,Delivered,5.0,No,No
ORD100725,CUST11213,2025-09-08,Mumbai,Mumbai,Bengaluru,226.9,Clothing,7,3.9,Air,Blue Dart,2247.53,168.18,10.8,2025-09-11,2025-09-13,2025-09-13,Delivered,4.0,No,No
ORD102337,CUST10205,2025-05-26,Hyderabad,Hyderabad,Bengaluru,237.4,Automotive,1,4.19,Express,DTDC,1779.65,253.37,5.69,2025-05-29,2025-06-02,2025-06-02,Delivered,4.0,No,No
ORD103779,CUST11771,2025-07-28,Chennai,Chennai,Bengaluru,437.2,Automotive,6,6.54,Road,Shadowfax,2061.83,381.66,9.8,2025-07-30,2025-08-05,2025-08-05,Delivered,5.0,No,No
ORD103873,CUST11207,2025-02-19,Chennai,Chennai,Bhopal,78.6,Sports,5,4.43,Rail,XpressBees,411.28,73.85,5.66,2025-02-21,2025-02-27,2025-02-27,Delivered,4.0,No,No
ORD103464,CUST10712,2025-11-06,Mumbai,Mumbai,Vijayawada,801.5,Beauty,1,0.51,Road,Shadowfax,,688.81,9.26,2025-11-08,2025-11-13,2025-11-13,Delivered,5.0,No,No
ORD101551,CUST10973,2025-09-29,Pune,Pune,Hyderabad,692.6,Clothing,7,8.54,Road,Delhivery,3125.1,579.42,9.42,2025-10-01,2025-10-06,2025-10-06,Delivered,5.0,No,No
ORD103981,CUST12544,2025-09-04,Pune,Pune,Mumbai,237.3,Sports,3,7.72,Express,Ecom Express,1885.4,173.97,11.12,2025-09-07,2025-09-09,2025-09-09,Delivered,5.0,No,No
ORD100140,CUST10871,2025-01-23,Mumbai,Mumbai,Bhopal,207.3,Automotive,6,5.36,Rail,DTDC,895.98,201.28,9.97,2025-01-26,2025-02-01,2025-02-01,Delivered,5.0,No,No
ORD104172,CUST10838,2025-01-09,Pune,Pune,Vijayawada,120.9,Automotive,7,4.87,Rail,DTDC,573.93,86.04,9.02,2025-01-11,2025-01-17,2025-01-17,Delivered,5.0,No,No
ORD101104,CUST10805,2025-07-17,Delhi,Delhi,Mumbai,217.5,Sports,3,0.64,Express,Blue Dart,1533.79,178.64,9.99,2025-07-19,2025-07-23,2025-07-23,Delivered,3.0,No,No
ORD100535,CUST10554,2025-10-17,Bengaluru,Bengaluru,Jaipur,537.3,Home & Kitchen,6,14.24,Road,Ecom Express,2541.74,465.22,7.22,2025-10-19,2025-10-26,2025-10-26,Delivered,4.0,No,No
ORD101083,CUST10477,2025-09-14,Hyderabad,Hyderabad,Bengaluru,161.0,Electronics,3,3.37,Rail,Shadowfax,567.54,170.31,5.0,2025-09-15,2025-09-22,2025-09-22,Delivered,4.0,No,No
ORD100366,CUST12052,2025-10-01,Chennai,Chennai,Ahmedabad,304.8,Home & Kitchen,6,4.6,Road,Delhivery,1514.29,210.12,7.53,2025-10-03,2025-10-09,2025-10-09,Delivered,4.0,No,No
ORD101313,CUST12523,2025-02-22,Delhi,Delhi,Visakhapatnam,487.8,Beauty,7,4.84,Express,Shadowfax,3611.57,429.01,9.94,2025-02-24,2025-02-27,2025-02-27,Delivered,5.0,No,No
ORD103367,CUST10790,2025-06-08,Bengaluru,Bengaluru,Jaipur,93.2,Clothing,5,9.19,Express,Shadowfax,978.42,133.11,2.55,2025-06-10,2025-06-14,2025-06-14,Delivered,5.0,No,No
ORD100074,CUST10085,2025-10-31,Hyderabad,Hyderabad,Coimbatore,825.5,Grocery,5,7.11,Express,Blue Dart,6058.14,882.12,5.78,2025-11-02,2025-11-06,2025-11-06,Delivered,5.0,No,No
ORD100260,CUST11097,2025-07-06,Hyderabad,Hyderabad,Kolkata,399.1,Clothing,5,1.94,Road,DTDC,1757.11,321.2,6.59,2025-07-08,2025-07-13,2025-07-20,Delayed,3.0,No,No
ORD101336,CUST12317,2025-04-22,Pune,Pune,Indore,276.5,Electronics,7,12.78,Road,XpressBees,1370.87,207.21,7.9,2025-04-24,2025-04-29,2025-05-01,Delayed,4.0,No,No
ORD103289,CUST12691,2025-03-04,Pune,Pune,Ahmedabad,335.7,Sports,2,3.59,Rail,XpressBees,1111.9,299.51,8.69,2025-03-07,2025-03-14,2025-03-19,Delayed,3.0,No,No
ORD100292,CUST10045,2025-05-03,Pune,Pune,Jaipur,678.5,Beauty,7,20.56,Air,Shadowfax,6561.53,718.42,8.62,2025-05-06,2025-05-09,2025-05-09,Delivered,4.0,No,No
ORD102275,CUST11367,2025-12-17,Hyderabad,Hyderabad,Kochi,677.9,Books,7,6.42,Road,Ecom Express,2984.84,400.89,5.88,2025-12-19,2025-12-27,2026-01-03,Delayed,3.0,No,No
ORD101492,CUST11401,2025-07-31,Pune,Pune,Jaipur,91.0,Grocery,7,6.06,Rail,Shadowfax,505.45,20.0,8.95,2025-08-03,2025-08-10,2025-08-11,Delayed,3.0,No,No
ORD103722,CUST12499,2025-04-15,Chennai,Chennai,Coimbatore,728.5,Grocery,5,9.21,Road,Shadowfax,3212.39,654.94,6.04,2025-04-17,2025-04-24,2025-04-24,Delivered,4.0,No,No
ORD101958,CUST10672,2025-02-08,Hyderabad,Hyderabad,Mumbai,639.9,Grocery,4,3.63,Rail,Blue Dart,2224.44,512.91,9.67,2025-02-11,2025-02-17,2025-02-17,Delivered,4.0,No,No
ORD102530,CUST10669,2025-02-05,Bengaluru,Bengaluru,Bhopal,127.3,Beauty,1,3.98,Rail,Shadowfax,530.44,157.58,10.02,2025-02-07,2025-02-14,2025-02-14,Delivered,4.0,Yes,No
ORD104389,CUST10935,2025-07-02,Pune,Pune,Lucknow,381.4,Home & Kitchen,4,2.41,Road,Delhivery,1617.87,401.02,8.29,2025-07-05,2025-07-10,2025-07-10,Delivered,5.0,Yes,No
ORD100976,CUST10660,2025-10-17,Delhi,Delhi,Bengaluru,150.0,Clothing,5,10.55,Road,Shadowfax,793.26,182.51,10.59,2025-10-20,2025-10-25,2025-10-25,Delivered,4.0,No,No
ORD101985,CUST11721,2025-07-05,Mumbai,Mumbai,Pune,625.2,Home & Kitchen,7,3.17,Air,XpressBees,5781.16,663.26,12.09,2025-07-08,2025-07-11,2025-07-14,Delayed,4.0,No,No
ORD101270,CUST11701,2025-07-23,Chennai,Chennai,Lucknow,409.2,Clothing,6,2.1,Road,Blue Dart,1899.21,465.21,4.7,2025-07-24,2025-07-30,2025-08-02,Delayed,4.0,Yes,No
ORD104393,CUST10864,2025-03-08,Chennai,Chennai,Kolkata,158.0,Grocery,6,11.25,Road,Ecom Express,1016.99,94.64,6.91,2025-03-09,2025-03-14,2025-03-14,Delivered,4.0,No,No
ORD101274,CUST10398,2025-07-03,Mumbai,Mumbai,Delhi,607.5,Home & Kitchen,4,7.85,Rail,Blue Dart,2043.3,515.49,10.52,2025-07-07,2025-07-13,2025-07-13,Delivered,4.0,No,No
